web_scraper_order,web_scraper_start_url,pagination,nama,phone,kategori,penginput,kota,data,nominal_so_produk,so_sample,so_produk
"1788655090-1","https://kil.gserp.id/customer-manage","","Vivin Anggi Ardita (FYS)","082132027557","Pelanggan Sample","Fadilah Syahab","","1","0.00","1","0"
"1788655090-2","https://kil.gserp.id/customer-manage","","Djafar Shodiq (Sigviolet)","0895389553799","Pelanggan RO","Fadilah Syahab","Kota Bandung","2","400,299,500.00","4","16"
"1788655090-3","https://kil.gserp.id/customer-manage","","Lita ( VIP BIO)","081381597779","Calon Pelanggan","Riyantita Tunjungsari","","3","0.00","0","0"
"1788655090-4","https://kil.gserp.id/customer-manage","","Veronica","081122331162","Calon Pelanggan","Riyantita Tunjungsari","","4","0.00","0","0"
"1788655090-5","https://kil.gserp.id/customer-manage","","Adinia ( RA LUXURY )","087777109995","Pelanggan Sample","Fatimah Amira","","5","0.00","1","0"
"1788655090-6","https://kil.gserp.id/customer-manage","","Fahmi Mostachos","087722486869","Pelanggan Sample","Fadilah Syahab","","6","0.00","1","0"
"1788655090-7","https://kil.gserp.id/customer-manage","","SIlvia Dewi","08217932060","Pelanggan Sample","Annisa Shalihah","Kota Surabaya","7","0.00","5","0"
"1788655090-8","https://kil.gserp.id/customer-manage","","Nuke Putri Pertama (NPP)","08225766663","Pelanggan Produk","Fadilah Syahab","Kab. Sidoarjo","8","31,890,500.00","2","1"
"1788655090-9","https://kil.gserp.id/customer-manage","","Yonna Melinda","082145829393","Calon Pelanggan","Riyantita Tunjungsari","","9","0.00","0","0"
"1788655090-10","https://kil.gserp.id/customer-manage","","Zainal Assegaf","087873712349","Calon Pelanggan","Fadilah Syahab","","10","0.00","0","0"
"1788655090-11","https://kil.gserp.id/customer-manage","","Fadhilah Shahab (JILLY DAILY)","087722291012","Calon Pelanggan","Fadilah Syahab","","11","0.00","0","0"
"1788655090-12","https://kil.gserp.id/customer-manage","","Nathalia","087888867649","Calon Pelanggan","Riyantita Tunjungsari","","12","0.00","0","0"
"1788655090-13","https://kil.gserp.id/customer-manage","","Husna ( Queensa )","081213145708","Calon Pelanggan","Riyantita Tunjungsari","","13","0.00","0","0"
"1788655090-14","https://kil.gserp.id/customer-manage","","Vita Ayu Wulandari","081331283536","Calon Pelanggan","Fadilah Syahab","","14","0.00","0","0"
"1788655090-15","https://kil.gserp.id/customer-manage","","Romli Rukmana","082260246928","Calon Pelanggan","Riyantita Tunjungsari","","15","0.00","0","0"
"1788655090-16","https://kil.gserp.id/customer-manage","","Moehamad Fazrian Faturohman","081395720814","Calon Pelanggan","Riyantita Tunjungsari","","16","0.00","0","0"
"1788655090-17","https://kil.gserp.id/customer-manage","","Sanny Yunita (lanelle)","081221521809","Calon Pelanggan","Riyantita Tunjungsari","","17","0.00","0","0"
"1788655090-18","https://kil.gserp.id/customer-manage","","Helga ( Aisha V Care)","08112424834","Calon Pelanggan","Fadilah Syahab","","18","0.00","0","0"
"1788655090-19","https://kil.gserp.id/customer-manage","","Fikri Shahab (Aisha V Care)","08112354678","Pelanggan RO","Fadilah Syahab","","19","18,150,000.00","2","2"
"1788655090-20","https://kil.gserp.id/customer-manage","","Raffi (Mancos)","085755541282","Calon Pelanggan","Fadilah Syahab","","20","0.00","0","0"
"1788655090-21","https://kil.gserp.id/customer-manage","","Mahdi (Hebrant)","082229177223","Calon Pelanggan","Achmad Bagir","","21","0.00","0","0"
"1788655090-22","https://kil.gserp.id/customer-manage","","Nanda (Skinpredd)","085333770226","Calon Pelanggan","Riyantita Tunjungsari","","22","0.00","0","0"
"1788655090-23","https://kil.gserp.id/customer-manage","","Dini Novianti (Phoebe)","082143296695","Calon Pelanggan","Riyantita Tunjungsari","","23","0.00","0","0"
"1788655090-24","https://kil.gserp.id/customer-manage","","Brian (Roman Scent)","08381038899","Calon Pelanggan","Fadilah Syahab","","24","0.00","0","0"
"1788655090-25","https://kil.gserp.id/customer-manage","","Harmila (Meelova)","082344433355","Calon Pelanggan","Riyantita Tunjungsari","","25","0.00","0","0"
"1788655090-26","https://kil.gserp.id/customer-manage","","Mitchel Wiranegara","08118815198","Calon Pelanggan","Riyantita Tunjungsari","","26","0.00","0","0"
"1788655090-27","https://kil.gserp.id/customer-manage","","Donna","085784817721","Calon Pelanggan","Riyantita Tunjungsari","","27","0.00","0","0"
"1788655090-28","https://kil.gserp.id/customer-manage","","Della Navista (Eightsents Beaute)","089606061666","Calon Pelanggan","Fadilah Syahab","","28","0.00","0","0"
"1788655090-29","https://kil.gserp.id/customer-manage","","Haris","087851276494","Calon Pelanggan","Achmad Bagir","","29","0.00","0","0"
"1788655090-30","https://kil.gserp.id/customer-manage","","Dina ( Dlam Co)","0895345210799","Calon Pelanggan","Riyantita Tunjungsari","","30","0.00","0","0"
"1788655090-31","https://kil.gserp.id/customer-manage","","Ismi Latifa","0822229200048","Calon Pelanggan","Riyantita Tunjungsari","","31","0.00","0","0"
"1788655090-32","https://kil.gserp.id/customer-manage","","Hanif ( Glenzet)","081280883771","Calon Pelanggan","Achmad Bagir","","32","0.00","0","0"
"1788655090-33","https://kil.gserp.id/customer-manage","","Husin (Babagaf)","087856904381","Calon Pelanggan","Achmad Bagir","","33","0.00","0","0"
"1788655090-34","https://kil.gserp.id/customer-manage","","siska narulita ayu","081381597779","Calon Pelanggan","Riyantita Tunjungsari","","34","0.00","0","0"
"1788655090-35","https://kil.gserp.id/customer-manage","","Dita putri ramadhani","085931352755","Pelanggan Sample","Fadilah Syahab","","35","0.00","1","0"
"1788655090-36","https://kil.gserp.id/customer-manage","","Nabila salwa","085752166201","Pelanggan Sample","Fadilah Syahab","","36","0.00","3","0"
"1788655090-37","https://kil.gserp.id/customer-manage","","Andi nurul izzah","082192999925","Pelanggan Sample","Fadilah Syahab","","37","0.00","1","0"
"1788655090-38","https://kil.gserp.id/customer-manage","","Natalia","08123238877","Pelanggan Sample","Diaz Muhammad Irsyadi","Kota Surabaya","38","0.00","3","0"
"1788655090-39","https://kil.gserp.id/customer-manage","","Devi arlitawati (wynneth)","08113494499","Pelanggan Sample","Fadilah Syahab","","39","0.00","1","0"
"1788655090-40","https://kil.gserp.id/customer-manage","","ely pusparini (PUSFLOWER)","081233487159","Pelanggan Sample","Fadilah Syahab","","40","0.00","5","0"
"1788655090-41","https://kil.gserp.id/customer-manage","","Iva","089685343071","Pelanggan Sample","Fadilah Syahab","","41","0.00","1","0"
"1788655090-42","https://kil.gserp.id/customer-manage","","Alex","087887596711","Pelanggan RO","Fadilah Syahab","Kota B A T A M","42","345,285,140.00","12","3"
"1788655090-43","https://kil.gserp.id/customer-manage","","Ika Noviyanti","081225919454","Pelanggan Sample","Fadilah Syahab","","43","0.00","3","0"
"1788655090-44","https://kil.gserp.id/customer-manage","","Andirah","0811446687","Pelanggan Sample","Fadilah Syahab","","44","0.00","1","0"
"1788655090-45","https://kil.gserp.id/customer-manage","","Edy","081378938166","Calon Pelanggan","Fadilah Syahab","","45","0.00","0","0"
"1788655090-46","https://kil.gserp.id/customer-manage","","Emje (Sensesoul)","081218517181","Pelanggan RO","Fadilah Syahab","Kota Depok","46","514,500,000.00","10","10"
"1788655090-47","https://kil.gserp.id/customer-manage","","Lisa oktavia (a'isy beauty)","081357653878","Pelanggan Sample","Fadilah Syahab","","47","0.00","3","0"
"1788655090-48","https://kil.gserp.id/customer-manage","","Dhea siska aprilia","085852241999","Pelanggan Sample","Fadilah Syahab","","48","0.00","1","0"
"1788655090-49","https://kil.gserp.id/customer-manage","","Indah","082235106009","Pelanggan Sample","Fadilah Syahab","","49","0.00","10","0"
"1788655090-50","https://kil.gserp.id/customer-manage","","melisa tangerang","081296172424","Pelanggan Sample","Fadilah Syahab","","50","0.00","1","0"
"1788655090-51","https://kil.gserp.id/customer-manage","","Arini makasar","082349174545","Pelanggan Sample","Fadilah Syahab","","51","0.00","2","0"
"1788655090-52","https://kil.gserp.id/customer-manage","","Triyono (FORTIES)","081298842599","Pelanggan Sample","Fadilah Syahab","","52","0.00","3","0"
"1788655090-53","https://kil.gserp.id/customer-manage","","FITRI (ZHAFI)","08990901994","Pelanggan Sample","Fadilah Syahab","","53","0.00","1","0"
"1788655090-54","https://kil.gserp.id/customer-manage","","ERIC","08175416888","Pelanggan Sample","Fadilah Syahab","","54","0.00","2","0"
"1788655090-55","https://kil.gserp.id/customer-manage","","YENIS RASTOUL","081990128888","Pelanggan Sample","Fadilah Syahab","","55","0.00","3","0"
"1788655090-56","https://kil.gserp.id/customer-manage","","NANCY","081233210503","Pelanggan Sample","Fadilah Syahab","","56","0.00","2","0"
"1788655090-57","https://kil.gserp.id/customer-manage","","MEIDINA","085929992740","Pelanggan Sample","Fadilah Syahab","","57","0.00","6","0"
"1788655090-58","https://kil.gserp.id/customer-manage","","Dita Putri Rahmadhani","085931352755","Pelanggan Sample","","","58","0.00","2","0"
"1788655090-59","https://kil.gserp.id/customer-manage","","ima erdiana irawan","082228812687","Pelanggan Produk","Fadilah Syahab","","59","33,010,000.00","4","2"
"1788655090-60","https://kil.gserp.id/customer-manage","","Abdul Azis kadir","0812424224204","Pelanggan Sample","Fadilah Syahab","","60","0.00","4","0"
"1788655090-61","https://kil.gserp.id/customer-manage","","lisa yanata","08116642383","Pelanggan Sample","Fadilah Syahab","","61","0.00","6","0"
"1788655090-62","https://kil.gserp.id/customer-manage","","Sandra","083831549082","Pelanggan Sample","","","62","0.00","3","0"
"1788655090-63","https://kil.gserp.id/customer-manage","","Ina Roudotul Jannah","085215719515","Pelanggan Sample","Fadilah Syahab","","63","0.00","5","0"
"1788655090-64","https://kil.gserp.id/customer-manage","","LULUK M","087751427292","Pelanggan Sample","Fadilah Syahab","","64","0.00","1","0"
"1788655090-65","https://kil.gserp.id/customer-manage","","Yessica Tjhin","08118509300","Pelanggan Sample","Fadilah Syahab","","65","0.00","1","0"
"1788655090-66","https://kil.gserp.id/customer-manage","","reva ameliani","082183868279","Pelanggan Sample","Fadilah Syahab","","66","0.00","3","0"
"1788655090-67","https://kil.gserp.id/customer-manage","","dhika","082318444760","Pelanggan Sample","Fadilah Syahab","","67","0.00","1","0"
"1788655090-68","https://kil.gserp.id/customer-manage","","Erni Wulandari","081344771386","Pelanggan Sample","Fadilah Syahab","","68","0.00","6","0"
"1788655090-69","https://kil.gserp.id/customer-manage","","Luna","081231377235","Pelanggan Sample","Fadilah Syahab","","69","0.00","2","0"
"1788655090-70","https://kil.gserp.id/customer-manage","","Dewi Mayasari","081285122712","Pelanggan Sample","Fadilah Syahab","","70","0.00","2","0"
"1788655090-71","https://kil.gserp.id/customer-manage","","tiar","08995000499","Pelanggan Sample","Fadilah Syahab","","71","0.00","5","0"
"1788655090-72","https://kil.gserp.id/customer-manage","","shabeauty","081217744608","Pelanggan Sample","Fadilah Syahab","","72","0.00","1","0"
"1788655090-73","https://kil.gserp.id/customer-manage","","Zurnia Wahyuni","08197818694","Pelanggan RO","Fadilah Syahab","","73","24,900,000.00","14","4"
"1788655090-74","https://kil.gserp.id/customer-manage","","Ammar","081217070492","Pelanggan Sample","Fadilah Syahab","","74","0.00","1","0"
"1788655090-75","https://kil.gserp.id/customer-manage","","REGYNA","081239987969","Pelanggan Sample","Fadilah Syahab","","75","0.00","1","0"
"1788655090-76","https://kil.gserp.id/customer-manage","","Amirul","082174615464","Pelanggan Sample","Fadilah Syahab","","76","0.00","3","0"
"1788655090-77","https://kil.gserp.id/customer-manage","","Erna","085367156114","Pelanggan Sample","Fadilah Syahab","","77","0.00","7","0"
"1788655090-78","https://kil.gserp.id/customer-manage","","Hesti Satriyani","085747056187","Pelanggan Sample","Fadilah Syahab","","78","0.00","1","0"
"1788655090-79","https://kil.gserp.id/customer-manage","","Nurul Azizah","085523727287","Pelanggan Sample","Fatimah Amira","","79","0.00","6","0"
"1788655090-80","https://kil.gserp.id/customer-manage","","Pingkan","081131110917","Pelanggan Sample","Fadilah Syahab","","80","0.00","3","0"
"1788655090-81","https://kil.gserp.id/customer-manage","","Tiwi","081515624889","Pelanggan Sample","","","81","0.00","3","0"
"1788655090-82","https://kil.gserp.id/customer-manage","","Dhea","0895357326751","Pelanggan Sample","Fadilah Syahab","","82","0.00","2","0"
"1788655090-83","https://kil.gserp.id/customer-manage","","Ratih","08113000500","Pelanggan RO","Annisa Shalihah","","83","9,345,710.00","10","3"
"1788655090-84","https://kil.gserp.id/customer-manage","","rizkia maulida sari","083199001745","Pelanggan Sample","Fadilah Syahab","","84","0.00","1","0"
"1788655090-85","https://kil.gserp.id/customer-manage","","Dessy Mahar","081311261711","Pelanggan Sample","Fadilah Syahab","","85","0.00","1","0"
"1788655090-86","https://kil.gserp.id/customer-manage","","irma ihwan","081342950571","Pelanggan RO","Fadilah Syahab","Kota Makassar","86","121,050,000.00","10","4"
"1788655090-87","https://kil.gserp.id/customer-manage","","alya","0895335300759","Pelanggan Sample","Fadilah Syahab","","87","0.00","1","0"
"1788655090-88","https://kil.gserp.id/customer-manage","","boy","081370358770","Pelanggan Sample","Fadilah Syahab","","88","0.00","3","0"
"1788655090-89","https://kil.gserp.id/customer-manage","","Vina","089624227272","Pelanggan Sample","Fadilah Syahab","","89","0.00","1","0"
"1788655090-90","https://kil.gserp.id/customer-manage","","hania","0877-8380-7999","Pelanggan Sample","Fadilah Syahab","","90","0.00","3","0"
"1788655090-91","https://kil.gserp.id/customer-manage","","Rini prima reskia","081241494344","Pelanggan Sample","Fadilah Syahab","","91","0.00","2","0"
"1788655090-92","https://kil.gserp.id/customer-manage","","wira","62 813-5992-2121","Pelanggan Sample","Fadilah Syahab","","92","0.00","3","0"
"1788655090-93","https://kil.gserp.id/customer-manage","","nia hardianti","082141726192","Pelanggan Sample","Fadilah Syahab","","93","0.00","2","0"
"1788655090-94","https://kil.gserp.id/customer-manage","","meyrani","087869575328","Pelanggan Sample","Fadilah Syahab","","94","0.00","1","0"
"1788655090-95","https://kil.gserp.id/customer-manage","","Grace","0811585803","Pelanggan Sample","Fadilah Syahab","","95","0.00","4","0"
"1788655090-96","https://kil.gserp.id/customer-manage","","DEWI sidoarjo","62 822-3322-2834","Pelanggan Sample","","","96","0.00","7","0"
"1788655090-97","https://kil.gserp.id/customer-manage","","Niati","085757014746","Pelanggan Sample","Fadilah Syahab","","97","0.00","1","0"
"1788655090-98","https://kil.gserp.id/customer-manage","","aditya alan","082233711110","Pelanggan Sample","Fadilah Syahab","","98","0.00","2","0"
"1788655090-99","https://kil.gserp.id/customer-manage","","medina surabaya","081297071479","Pelanggan Sample","Fadilah Syahab","","99","0.00","1","0"
"1788655090-100","https://kil.gserp.id/customer-manage","","dini","082131715300","Pelanggan Sample","Fadilah Syahab","","100","0.00","1","0"
"1788655090-101","https://kil.gserp.id/customer-manage","","lili","081335363036","Pelanggan Sample","Fadilah Syahab","","101","0.00","1","0"
"1788655090-102","https://kil.gserp.id/customer-manage","","viola","081617412345","Pelanggan Sample","Fadilah Syahab","","102","0.00","13","0"
"1788655090-103","https://kil.gserp.id/customer-manage","","RIRIN ( SA'DIYAH SULISTYO RINI )","085105068740","Pelanggan Sample","Fadilah Syahab","","103","0.00","7","0"
"1788655090-104","https://kil.gserp.id/customer-manage","","Alfani","082245133129","Pelanggan Sample","Fadilah Syahab","","104","0.00","2","0"
"1788655090-105","https://kil.gserp.id/customer-manage","","Putri Vinasella Vrasedya dan Amat Sulistiyo","+62 812-7374-4982","Pelanggan Sample","Fadilah Syahab","","105","0.00","1","0"
"1788655090-106","https://kil.gserp.id/customer-manage","","Kartiko Heru cahyono (Koko)","081944944477","Pelanggan Sample","Fadilah Syahab","","106","0.00","3","0"
"1788655090-107","https://kil.gserp.id/customer-manage","","Anti","082264035322","Pelanggan Sample","","","107","0.00","1","0"
"1788655090-108","https://kil.gserp.id/customer-manage","","Uni Apriani","085337437624","Pelanggan Sample","Fadilah Syahab","","108","0.00","12","0"
"1788655090-109","https://kil.gserp.id/customer-manage","","Dian hernawa susanty","62 812-1884-7171","Pelanggan Sample","Fadilah Syahab","","109","0.00","6","0"
"1788655090-110","https://kil.gserp.id/customer-manage","","irene","62 821-4263-0358","Pelanggan Sample","Fadilah Syahab","","110","0.00","1","0"
"1788655090-111","https://kil.gserp.id/customer-manage","","RYCKO","62 857-7556-4412","Pelanggan Sample","Fadilah Syahab","","111","0.00","5","0"
"1788655090-112","https://kil.gserp.id/customer-manage","","winda ramadhani","081360092849","Pelanggan Sample","Laksmi Diah Ahmada","","112","0.00","4","0"
"1788655090-113","https://kil.gserp.id/customer-manage","","rodhia pontianak","62 858-6472-3683","Pelanggan Sample","Fadilah Syahab","","113","0.00","6","0"
"1788655090-114","https://kil.gserp.id/customer-manage","","Dewi Marcilia","08129889999","Pelanggan Sample","Fadilah Syahab","","114","0.00","3","0"
"1788655090-115","https://kil.gserp.id/customer-manage","","Steven","082370822328","Pelanggan Sample","Fadilah Syahab","","115","0.00","5","0"
"1788655090-116","https://kil.gserp.id/customer-manage","","LALA","62 822-2089-9948","Pelanggan Sample","Fadilah Syahab","","116","0.00","2","0"
"1788655090-117","https://kil.gserp.id/customer-manage","","AZKA","62 888-0739-6870","Pelanggan Sample","Fadilah Syahab","","117","0.00","7","0"
"1788655090-118","https://kil.gserp.id/customer-manage","","novia","082278887-76","Pelanggan Sample","Fadilah Syahab","","118","0.00","1","0"
"1788655090-119","https://kil.gserp.id/customer-manage","","FEBIAN","62 813-5840-0434","Pelanggan Sample","Fadilah Syahab","","119","0.00","5","0"
"1788655090-120","https://kil.gserp.id/customer-manage","","elsa","+62 898-9707-000","Pelanggan Sample","Fadilah Syahab","","120","0.00","1","0"
"1788655090-121","https://kil.gserp.id/customer-manage","","putri dinda sari","089602320080","Pelanggan Sample","Fadilah Syahab","","121","0.00","2","0"
"1788655090-122","https://kil.gserp.id/customer-manage","","Cynthia Patricia","08112266692","Pelanggan Sample","Fadilah Syahab","","122","0.00","4","0"
"1788655090-123","https://kil.gserp.id/customer-manage","","sri","081585534274","Pelanggan Sample","Fadilah Syahab","","123","0.00","1","0"
"1788655090-124","https://kil.gserp.id/customer-manage","","Fariska","085608017133","Pelanggan Sample","Fadilah Syahab","","124","0.00","6","0"
"1788655090-125","https://kil.gserp.id/customer-manage","","Ida","082142270781","Pelanggan Sample","Fadilah Syahab","","125","0.00","2","0"
"1788655090-126","https://kil.gserp.id/customer-manage","","Nova dwi","082195475230","Pelanggan Sample","Fadilah Syahab","","126","0.00","1","0"
"1788655090-127","https://kil.gserp.id/customer-manage","","arum","081247211821","Pelanggan Sample","Fadilah Syahab","","127","0.00","2","0"
"1788655090-128","https://kil.gserp.id/customer-manage","","Shanti","0818578222","Pelanggan Sample","Fadilah Syahab","","128","0.00","3","0"
"1788655090-129","https://kil.gserp.id/customer-manage","","Oca","085791372118","Pelanggan Sample","Fadilah Syahab","","129","0.00","2","0"
"1788655090-130","https://kil.gserp.id/customer-manage","","Siti hajar","081340026669","Pelanggan Sample","Fadilah Syahab","","130","0.00","6","0"
"1788655090-131","https://kil.gserp.id/customer-manage","","siti masrukah","081327735511","Pelanggan Sample","Fadilah Syahab","","131","0.00","1","0"
"1788655090-132","https://kil.gserp.id/customer-manage","","bu ade /nadia hasna","62 857-5757-1739","Pelanggan Produk","Fadilah Syahab","Kab. Bandung","132","19,397,250.00","9","1"
"1788655090-133","https://kil.gserp.id/customer-manage","","DONA VERLA","081367998006","Pelanggan Sample","Fadilah Syahab","","133","0.00","3","0"
"1788655090-134","https://kil.gserp.id/customer-manage","","MELIZA","081366905661","Pelanggan Sample","Fadilah Syahab","","134","0.00","1","0"
"1788655090-135","https://kil.gserp.id/customer-manage","","MARIA FELISTAS","081233242737","Pelanggan Sample","Fadilah Syahab","","135","0.00","4","0"
"1788655090-136","https://kil.gserp.id/customer-manage","","dessica","085372355736","Pelanggan Sample","Fadilah Syahab","","136","0.00","5","0"
"1788655090-137","https://kil.gserp.id/customer-manage","","Nabila","08467198599","Pelanggan Sample","Fadilah Syahab","","137","0.00","1","0"
"1788655090-138","https://kil.gserp.id/customer-manage","","Sefila","088803464829","Pelanggan Sample","Fadilah Syahab","","138","0.00","2","0"
"1788655090-139","https://kil.gserp.id/customer-manage","","Alexander","08157000455","Pelanggan Sample","Fadilah Syahab","","139","0.00","1","0"
"1788655090-140","https://kil.gserp.id/customer-manage","","Banun","081945907193","Pelanggan Sample","Fadilah Syahab","","140","0.00","1","0"
"1788655090-141","https://kil.gserp.id/customer-manage","","alfi","62 822-3007-3699","Pelanggan Sample","Fadilah Syahab","","141","0.00","7","0"
"1788655090-142","https://kil.gserp.id/customer-manage","","Zamaher putri nuari","081357386800","Pelanggan Sample","Fadilah Syahab","","142","0.00","8","0"
"1788655090-143","https://kil.gserp.id/customer-manage","","satis","081917370149","Pelanggan Sample","Fadilah Syahab","","143","0.00","5","0"
"1788655090-144","https://kil.gserp.id/customer-manage","","Muh. Ahkam Akhmad","085696653583","Pelanggan Sample","Fadilah Syahab","","144","0.00","1","0"
"1788655090-145","https://kil.gserp.id/customer-manage","","Genaldo","+62 822-9292-2637","Pelanggan Sample","Fadilah Syahab","","145","0.00","1","0"
"1788655090-146","https://kil.gserp.id/customer-manage","","Yanti jakarta","62 821-2806-3026","Pelanggan Sample","Fadilah Syahab","","146","0.00","3","0"
"1788655090-147","https://kil.gserp.id/customer-manage","","aprilia beverly","+62 813-3307-8992","Pelanggan RO","Fadilah Syahab","","147","105,281,250.00","5","7"
"1788655090-148","https://kil.gserp.id/customer-manage","","Stephen","083197779990","Pelanggan Sample","Fadilah Syahab","","148","0.00","1","0"
"1788655090-149","https://kil.gserp.id/customer-manage","","rasnah","081282221439","Pelanggan Sample","Fadilah Syahab","","149","0.00","1","0"
"1788655090-150","https://kil.gserp.id/customer-manage","","SINARTI","62 823-6667-2761","Pelanggan Sample","Fadilah Syahab","","150","0.00","6","0"
"1788655090-151","https://kil.gserp.id/customer-manage","","kumala sari iwan","083856266878","Pelanggan Sample","Fadilah Syahab","","151","0.00","2","0"
"1788655090-152","https://kil.gserp.id/customer-manage","","Agustin ( NOUVIAR )","087875858680","Pelanggan Sample","Fadilah Syahab","","152","0.00","6","0"
"1788655090-153","https://kil.gserp.id/customer-manage","","amel balikpapan","085348702268","Pelanggan Sample","Fadilah Syahab","","153","0.00","5","0"
"1788655090-154","https://kil.gserp.id/customer-manage","","DICKY","62 823-3787-9593","Pelanggan Sample","Fadilah Syahab","","154","0.00","2","0"
"1788655090-155","https://kil.gserp.id/customer-manage","","CACA BANJARMASIN","+62 877-6236-2693","Pelanggan Sample","Fadilah Syahab","","155","0.00","1","0"
"1788655090-156","https://kil.gserp.id/customer-manage","","nendah","0822 9919 0009","Pelanggan Sample","Fadilah Syahab","","156","0.00","6","0"
"1788655090-157","https://kil.gserp.id/customer-manage","","rya saleh","082238418383/ 081386674290","Pelanggan Sample","Fadilah Syahab","","157","0.00","2","0"
"1788655090-158","https://kil.gserp.id/customer-manage","","martimbang","+62 811-158-333","Pelanggan Sample","Fadilah Syahab","","158","0.00","1","0"
"1788655090-159","https://kil.gserp.id/customer-manage","","megawati","+62 822-6630-6492","Pelanggan Sample","Fadilah Syahab","","159","0.00","2","0"
"1788655090-160","https://kil.gserp.id/customer-manage","","Dania","085216528588","Pelanggan Sample","Fadilah Syahab","","160","0.00","1","0"
"1788655090-161","https://kil.gserp.id/customer-manage","","Lianna","082154600997","Pelanggan Sample","Fadilah Syahab","","161","0.00","1","0"
"1788655090-162","https://kil.gserp.id/customer-manage","","prof dr Noor Zaman Khan","+6281384587080","Pelanggan Sample","Fadilah Syahab","","162","49,480,000.00","14","1"
"1788655090-163","https://kil.gserp.id/customer-manage","","Kiky RF ( Just Beuty)","0818666734","Pelanggan Produk","Fadilah Syahab","","163","7,700,000.00","19","1"
"1788655090-164","https://kil.gserp.id/customer-manage","","Lisnawati","082116596830","Pelanggan Sample","Diaz Muhammad Irsyadi","Kota Bandung","164","0.00","1","0"
"1788655090-165","https://kil.gserp.id/customer-manage","","hellen","081266777168","Pelanggan Sample","Fadilah Syahab","","165","0.00","6","0"
"1788655090-166","https://kil.gserp.id/customer-manage","","Adella Eka Winanda","081299544443","Pelanggan Sample","Fadilah Syahab","","166","0.00","7","0"
"1788655090-167","https://kil.gserp.id/customer-manage","","FRESELDA MAILUHU","+6281317514097","Pelanggan Sample","Fadilah Syahab","","167","0.00","5","0"
"1788655090-168","https://kil.gserp.id/customer-manage","","UPE","082352855552","Pelanggan Sample","Fadilah Syahab","","168","0.00","9","0"
"1788655090-169","https://kil.gserp.id/customer-manage","","Farlian Juliandha","08112098000","Pelanggan Sample","Fadilah Syahab","","169","0.00","5","0"
"1788655090-170","https://kil.gserp.id/customer-manage","","Khaerunnisa putri namira","081243300342","Calon Pelanggan","Fadilah Syahab","","170","0.00","0","0"
"1788655090-171","https://kil.gserp.id/customer-manage","","Oulivera Christianti","081338562856","Pelanggan Sample","Fadilah Syahab","","171","0.00","4","0"
"1788655090-172","https://kil.gserp.id/customer-manage","","Adella Eka Winanda","081299544443","Pelanggan Sample","Fadilah Syahab","","172","0.00","3","0"
"1788655090-173","https://kil.gserp.id/customer-manage","","drg. LINDA HERAWATI","081235134683","Pelanggan Sample","Fadilah Syahab","","173","0.00","7","0"
"1788655090-174","https://kil.gserp.id/customer-manage","","surios ramisda","081357724559","Pelanggan Sample","Fadilah Syahab","","174","0.00","2","0"
"1788655090-175","https://kil.gserp.id/customer-manage","","yuda","+62 812-3450-4075","Calon Pelanggan","Fadilah Syahab","","175","0.00","0","0"
"1788655090-176","https://kil.gserp.id/customer-manage","","YUDA","081234504075","Pelanggan Sample","Fadilah Syahab","","176","0.00","2","0"
"1788655090-177","https://kil.gserp.id/customer-manage","","SUKARNI","085231625027","Pelanggan Sample","Fadilah Syahab","","177","0.00","5","0"
"1788655090-178","https://kil.gserp.id/customer-manage","","WIDYA PRATIWI J","085334878819","Pelanggan Sample","Fadilah Syahab","","178","0.00","1","0"
"1788655090-179","https://kil.gserp.id/customer-manage","","RONNY PRIBADI","081333414466","Pelanggan Produk","Diaz Muhammad Irsyadi","Kota Padang","179","27,322,000.00","13","1"
"1788655090-180","https://kil.gserp.id/customer-manage","","Wahyuni","085718470270","Pelanggan Sample","Fadilah Syahab","","180","0.00","4","0"
"1788655090-181","https://kil.gserp.id/customer-manage","","SUKARNI","085231625027","Calon Pelanggan","Fadilah Syahab","","181","0.00","0","0"
"1788655090-182","https://kil.gserp.id/customer-manage","","Indah Fatmawati","08111526957","Pelanggan Sample","Fadilah Syahab","","182","0.00","3","0"
"1788655090-183","https://kil.gserp.id/customer-manage","","Jihan Baraja","087794650440","Pelanggan Sample","Annisa Shalihah","","183","0.00","1","0"
"1788655090-184","https://kil.gserp.id/customer-manage","","ce emy","+62 821-9819-1400","Pelanggan Sample","Fadilah Syahab","","184","0.00","1","0"
"1788655090-185","https://kil.gserp.id/customer-manage","","Suci Febrianti Putri","08116653253","Pelanggan Sample","Fadilah Syahab","","185","0.00","1","0"
"1788655090-186","https://kil.gserp.id/customer-manage","","ERWIN JULIUS","082223331794 / 082234310055","Pelanggan Sample","Fadilah Syahab","","186","0.00","1","0"
"1788655090-187","https://kil.gserp.id/customer-manage","","NADIA ELVA SANDAG","082312000034","Pelanggan Sample","Laksmi Diah Ahmada","","187","0.00","2","0"
"1788655090-188","https://kil.gserp.id/customer-manage","","William","0811158333","Pelanggan Sample","Fadilah Syahab","","188","0.00","2","0"
"1788655090-189","https://kil.gserp.id/customer-manage","","ANITA","081364993194","Pelanggan Sample","Fadilah Syahab","","189","0.00","9","0"
"1788655090-190","https://kil.gserp.id/customer-manage","","SHINTA ISMAIL","085256426342","Pelanggan Sample","Fadilah Syahab","","190","0.00","10","0"
"1788655090-191","https://kil.gserp.id/customer-manage","","adam sukma","081287676623","Pelanggan Sample","Fadilah Syahab","","191","0.00","1","0"
"1788655090-192","https://kil.gserp.id/customer-manage","","Sri Wahyuni","0812 6432 8549","Pelanggan Sample","Fadilah Syahab","","192","0.00","3","0"
"1788655090-193","https://kil.gserp.id/customer-manage","","M Faizal Pahlevi","081344035804","Pelanggan Sample","Fadilah Syahab","","193","0.00","3","0"
"1788655090-194","https://kil.gserp.id/customer-manage","","RIZAL BANDUNG","088210205030","Pelanggan Sample","Fadilah Syahab","","194","0.00","3","0"
"1788655090-195","https://kil.gserp.id/customer-manage","","NJOO TJHIONG LIEM","081216070619","Pelanggan Sample","Laksmi Diah Ahmada","","195","0.00","5","0"
"1788655090-196","https://kil.gserp.id/customer-manage","","JENNIFER VINICIA SEBASTIAN","081236777283","Pelanggan Sample","Fadilah Syahab","","196","0.00","5","0"
"1788655090-197","https://kil.gserp.id/customer-manage","","Ashar","085242696041","Pelanggan Sample","Fadilah Syahab","","197","0.00","1","0"
"1788655090-198","https://kil.gserp.id/customer-manage","","SITI KHOERUNISA","085777793435","Pelanggan Sample","Fadilah Syahab","","198","0.00","6","0"
"1788655090-199","https://kil.gserp.id/customer-manage","","INDAH SARI","","Pelanggan Sample","Fadilah Syahab","","199","0.00","23","0"
"1788655090-200","https://kil.gserp.id/customer-manage","","Wisesa Widyantoro","082261635858","Pelanggan Sample","Fadilah Syahab","","200","0.00","1","0"
"1788655090-201","https://kil.gserp.id/customer-manage","","PIPIP EKA WIDYASARI","085204543000","Pelanggan Sample","Fadilah Syahab","","201","0.00","1","0"
"1788655090-202","https://kil.gserp.id/customer-manage","","Melinda JAKARTA","081908008484","Pelanggan Sample","Fadilah Syahab","","202","0.00","4","0"
"1788655090-203","https://kil.gserp.id/customer-manage","","hanna nadzira","082257455442","Pelanggan Sample","Fadilah Syahab","","203","0.00","4","0"
"1788655090-204","https://kil.gserp.id/customer-manage","","ALKHAN MARCEDO","+62 823-2220-2208","Pelanggan Sample","Fadilah Syahab","","204","0.00","1","0"
"1788655090-205","https://kil.gserp.id/customer-manage","","LUSI BEKASI","081310779126","Pelanggan Sample","Fadilah Syahab","","205","0.00","5","0"
"1788655090-206","https://kil.gserp.id/customer-manage","","Lina wijayanti","081914000892","Pelanggan Sample","Fadilah Syahab","","206","0.00","2","0"
"1788655090-207","https://kil.gserp.id/customer-manage","","Augustine 26122023","081270111519","Pelanggan Produk","Diaz Muhammad Irsyadi","Kota B A T A M","207","55,462,500.00","22","1"
"1788655090-208","https://kil.gserp.id/customer-manage","","Ridho Aflah Bekti","085231557856","Pelanggan Sample","Fadilah Syahab","","208","0.00","1","0"
"1788655090-209","https://kil.gserp.id/customer-manage","","Vefi Nur Indah Sari","08124561","Pelanggan Sample","Fadilah Syahab","","209","0.00","1","0"
"1788655090-210","https://kil.gserp.id/customer-manage","","NYI DEWI KURAESIN","08567955200","Pelanggan Sample","Diaz Muhammad Irsyadi","Kota Tangerang Selatan","210","0.00","7","0"
"1788655090-211","https://kil.gserp.id/customer-manage","","muhammad faruq saputro","083876575088","Pelanggan Sample","Fadilah Syahab","","211","0.00","3","0"
"1788655090-212","https://kil.gserp.id/customer-manage","","IRAINI (4012024)","0895395777012","Pelanggan Produk","Fadilah Syahab","","212","0.00","5","1"
"1788655090-213","https://kil.gserp.id/customer-manage","","IVANY","081.2359.1215","Pelanggan Sample","Fadilah Syahab","","213","0.00","3","0"
"1788655090-214","https://kil.gserp.id/customer-manage","","ERNI ( 04012024)","081333370718","Pelanggan Sample","Fadilah Syahab","","214","0.00","1","0"
"1788655090-215","https://kil.gserp.id/customer-manage","","shelvy yolanda sary","081218177089","Pelanggan Sample","Fadilah Syahab","","215","0.00","2","0"
"1788655090-216","https://kil.gserp.id/customer-manage","","YAHNI SRIWAHYUNI","081250182050","Pelanggan Sample","Fadilah Syahab","","216","0.00","8","0"
"1788655090-217","https://kil.gserp.id/customer-manage","","Selina Maharani","08121587100","Pelanggan Sample","Laksmi Diah Ahmada","","217","0.00","1","0"
"1788655090-218","https://kil.gserp.id/customer-manage","","ismi laila","082134536835","Pelanggan Sample","Fadilah Syahab","","218","0.00","1","0"
"1788655090-219","https://kil.gserp.id/customer-manage","","Robinson (Icha)","08993206633","Pelanggan Sample","Fadilah Syahab","","219","0.00","1","0"
"1788655090-220","https://kil.gserp.id/customer-manage","","mustikaning","082136575756","Pelanggan Sample","Fadilah Syahab","","220","0.00","1","0"
"1788655090-221","https://kil.gserp.id/customer-manage","","vemy yuanita","081223031982","Pelanggan Sample","Diaz Muhammad Irsyadi","Kota Surabaya","221","0.00","2","0"
"1788655090-222","https://kil.gserp.id/customer-manage","","gloria jocelin","081357959389","Pelanggan Sample","Fadilah Syahab","","222","0.00","5","0"
"1788655090-223","https://kil.gserp.id/customer-manage","","QORIATUL AINI","087761912714","Calon Pelanggan","Fadilah Syahab","","223","0.00","0","0"
"1788655090-224","https://kil.gserp.id/customer-manage","","SUMRATI","085604354651","Pelanggan Sample","Fadilah Syahab","","224","0.00","2","0"
"1788655090-225","https://kil.gserp.id/customer-manage","","FITRIANTO DARMANSYAH PUTRA","089667645619","Pelanggan Sample","Fadilah Syahab","","225","0.00","6","0"
"1788655090-226","https://kil.gserp.id/customer-manage","","LAILATUL FITRIYA","+62 821‑4112‑9002‬","Pelanggan Sample","Laksmi Diah Ahmada","","226","0.00","4","0"
"1788655090-227","https://kil.gserp.id/customer-manage","","Muhammad Aulia Fanza","089693666693","Pelanggan Sample","Diaz Muhammad Irsyadi","Kota Malang","227","0.00","9","0"
"1788655090-228","https://kil.gserp.id/customer-manage","","Jilly Daily","","Pelanggan Sample","Fadilah Syahab","","228","0.00","2","0"
"1788655090-229","https://kil.gserp.id/customer-manage","","hafifa choiria safitri","085852564025","Pelanggan Sample","Fadilah Syahab","","229","0.00","2","0"
"1788655090-230","https://kil.gserp.id/customer-manage","","ira salviana","08561518319","Pelanggan Sample","Fadilah Syahab","","230","0.00","2","0"
"1788655090-231","https://kil.gserp.id/customer-manage","","AGNES DWI UTAMI (Baby Booster)","085709256986","Pelanggan RO","Fadilah Syahab","Kota Pasuruan","231","382,100,000.00","7","6"
"1788655090-232","https://kil.gserp.id/customer-manage","","SUZILIA SETIAWAN","082188335500","Pelanggan Sample","Annisa Shalihah","Kota Makassar","232","0.00","30","0"
"1788655090-233","https://kil.gserp.id/customer-manage","","Alfin rhizka","082233191879","Pelanggan Produk","Diaz Muhammad Irsyadi","Kab. Jember","233","9,300,000.00","2","1"
"1788655090-234","https://kil.gserp.id/customer-manage","","YUNIANTO","082187321016","Pelanggan Sample","Fadilah Syahab","","234","0.00","5","0"
"1788655090-235","https://kil.gserp.id/customer-manage","","OLVIA LEGOH","085830352907","Pelanggan Sample","Fadilah Syahab","","235","0.00","4","0"
"1788655090-236","https://kil.gserp.id/customer-manage","","Felicia Florentina","08113113699","Pelanggan Sample","Diaz Muhammad Irsyadi","Kota Surabaya","236","0.00","5","0"
"1788655090-237","https://kil.gserp.id/customer-manage","","RODIAH ( 26012024)","085941327648","Pelanggan Sample","Diaz Muhammad Irsyadi","Kab. Jembrana","237","0.00","8","0"
"1788655090-238","https://kil.gserp.id/customer-manage","","Hertina br Sitorus","082160679833","Pelanggan Sample","Annisa Shalihah","","238","0.00","2","0"
"1788655090-239","https://kil.gserp.id/customer-manage","","cynthia Merliana Candra","081321857411","Pelanggan Sample","Diaz Muhammad Irsyadi","Kota Bandung","239","0.00","2","0"
"1788655090-240","https://kil.gserp.id/customer-manage","","cynthia Merliana Candra","081321857411","Calon Pelanggan","Diaz Muhammad Irsyadi","","240","0.00","0","0"
"1788655090-241","https://kil.gserp.id/customer-manage","","GEDJALI HANDY","081317085757","Pelanggan Sample","Diaz Muhammad Irsyadi","","241","0.00","2","0"
"1788655090-242","https://kil.gserp.id/customer-manage","","salsabila /alsa store","082333181738","Pelanggan Sample","Diaz Muhammad Irsyadi","","242","0.00","2","0"
"1788655090-243","https://kil.gserp.id/customer-manage","","AZKIA RAHMANI AKBAR","08818221307","Pelanggan Sample","Laksmi Diah Ahmada","","243","0.00","4","0"
"1788655090-244","https://kil.gserp.id/customer-manage","","Hermawan Soegiharto","081252717128","Pelanggan Sample","Diaz Muhammad Irsyadi","Kab. Sidoarjo","244","0.00","16","0"
"1788655090-245","https://kil.gserp.id/customer-manage","","Lili ( 06022024)","081357357089","Pelanggan Sample","Diaz Muhammad Irsyadi","","245","0.00","2","0"
"1788655090-246","https://kil.gserp.id/customer-manage","","Fatima Almuhdar","087778382162","Pelanggan Sample","Diaz Muhammad Irsyadi","","246","0.00","1","0"
"1788655090-247","https://kil.gserp.id/customer-manage","","AMBAR PRAMUDYA W","081999637782","Pelanggan Produk","Annisa Shalihah","","247","10,856,600.00","6","1"
"1788655090-248","https://kil.gserp.id/customer-manage","","Mas Ayu Elita Hafizah","08111119526","Pelanggan Produk","Laksmi Diah Ahmada","","248","70,500,000.00","10","1"
"1788655090-249","https://kil.gserp.id/customer-manage","","DIKI ANDREAN YUSUF WIDI","+62 815-5384-2357","Pelanggan Sample","Diaz Muhammad Irsyadi","Kota Surabaya","249","0.00","4","0"
"1788655090-250","https://kil.gserp.id/customer-manage","","Achmad Sidik Jamaludin (Jems)","081232349041","Pelanggan Sample","Diaz Muhammad Irsyadi","","250","0.00","1","0"
"1788655090-251","https://kil.gserp.id/customer-manage","","ASYIFA NURSEHA BATUBARA","085260446017","Pelanggan Sample","Diaz Muhammad Irsyadi","","251","0.00","3","0"
"1788655090-252","https://kil.gserp.id/customer-manage","","Sisky Allan","088295759845","Pelanggan Sample","Diaz Muhammad Irsyadi","","252","0.00","2","0"
"1788655090-253","https://kil.gserp.id/customer-manage","","Dewi Purnama Sari","081397706009 / 081260042728","Pelanggan Sample","Diaz Muhammad Irsyadi","","253","0.00","1","0"
"1788655090-254","https://kil.gserp.id/customer-manage","","AHMAD FAISAL RIZAL","081230345114","Pelanggan Sample","Diaz Muhammad Irsyadi","","254","0.00","1","0"
"1788655090-255","https://kil.gserp.id/customer-manage","","LAOMPO BALLASONG","","Pelanggan Sample","Fadilah Syahab","","255","0.00","2","0"
"1788655090-256","https://kil.gserp.id/customer-manage","","MOCHAMMAD THEIZAR","085241005657","Pelanggan Sample","Diaz Muhammad Irsyadi","","256","0.00","1","0"
"1788655090-257","https://kil.gserp.id/customer-manage","","Katherine Veronica","08123533006","Pelanggan Sample","Diaz Muhammad Irsyadi","","257","0.00","10","0"
"1788655090-258","https://kil.gserp.id/customer-manage","","Siti maratus sholikhah","0852-3650-5358","Pelanggan Sample","Diaz Muhammad Irsyadi","","258","0.00","3","0"
"1788655090-259","https://kil.gserp.id/customer-manage","","Nadia Mahfuzah","085234277199","Pelanggan Sample","Diaz Muhammad Irsyadi","","259","0.00","1","0"
"1788655090-260","https://kil.gserp.id/customer-manage","","ira nofitasari","081334411663","Pelanggan Sample","Diaz Muhammad Irsyadi","","260","0.00","2","0"
"1788655090-261","https://kil.gserp.id/customer-manage","","Indra Gita Saragih","081238311338","Pelanggan Sample","Diaz Muhammad Irsyadi","Kab. Karo","261","0.00","12","0"
"1788655090-262","https://kil.gserp.id/customer-manage","","NURUL JANNAH","081273887018","Pelanggan Sample","Diaz Muhammad Irsyadi","","262","0.00","1","0"
"1788655090-263","https://kil.gserp.id/customer-manage","","Jro Sutiawati S.Pd  (JS)","082147745898","Pelanggan Sample","Annisa Shalihah","Kab. Gianyar","263","0.00","3","0"
"1788655090-264","https://kil.gserp.id/customer-manage","","Eby Karmila Ulfa (Ribiya)","085715766171","Pelanggan Sample","Annisa Shalihah","Kota Bekasi","264","0.00","7","0"
"1788655090-265","https://kil.gserp.id/customer-manage","","ERICK","08118161167","Pelanggan Sample","Desy","","265","0.00","3","0"
"1788655090-266","https://kil.gserp.id/customer-manage","","DINDA SAFITRI","085933877000","Pelanggan Sample","Fadilah Syahab","","266","0.00","5","0"
"1788655090-267","https://kil.gserp.id/customer-manage","","NDARU AKBARI","082244525303","Pelanggan Sample","Diaz Muhammad Irsyadi","","267","0.00","4","0"
"1788655090-268","https://kil.gserp.id/customer-manage","","YUNITA WIJAYANTI","087890493617","Pelanggan Sample","Diaz Muhammad Irsyadi","","268","0.00","2","0"
"1788655090-269","https://kil.gserp.id/customer-manage","","Melissa (Janan)","082137923029","Pelanggan RO","Annisa Shalihah","","269","12,195,800.00","14","2"
"1788655090-270","https://kil.gserp.id/customer-manage","","Ovi Gracia","082132207855","Pelanggan Sample","Annisa Shalihah","Kab. Sidoarjo","270","0.00","3","0"
"1788655090-271","https://kil.gserp.id/customer-manage","","Naweli (BJ GLOW)","083831542691","Pelanggan Sample","Annisa Shalihah","Kota Surabaya","271","0.00","5","0"
"1788655090-272","https://kil.gserp.id/customer-manage","","Ni Nyoman Manik Suciati, S.E","081337832036","Pelanggan Produk","Diaz Muhammad Irsyadi","Kab. Badung","272","19,087,500.00","16","1"
"1788655090-273","https://kil.gserp.id/customer-manage","","Nurul Jannah","081273887018","Calon Pelanggan","Annisa Shalihah","","273","0.00","0","0"
"1788655090-274","https://kil.gserp.id/customer-manage","","Ajeng ratna kartina","085695144338","Pelanggan Sample","Diaz Muhammad Irsyadi","","274","0.00","1","0"
"1788655090-275","https://kil.gserp.id/customer-manage","","EVA GLORIA BR SEMBIRING","087850041814","Pelanggan Sample","Diaz Muhammad Irsyadi","","275","0.00","5","0"
"1788655090-276","https://kil.gserp.id/customer-manage","","Annisa Ghozy (HADA)","081297562152","Pelanggan Sample","Laksmi Diah Ahmada","","276","0.00","9","0"
"1788655090-277","https://kil.gserp.id/customer-manage","","ROMEL CIPTOADI WIJAYA","+62 895-0912-2788","Pelanggan Sample","Fadilah Syahab","","277","0.00","2","0"
"1788655090-278","https://kil.gserp.id/customer-manage","","Ariany Karudidi","082187353448","Pelanggan Sample","Annisa Shalihah","","278","0.00","1","0"
"1788655090-279","https://kil.gserp.id/customer-manage","","Puput Dwi Cantika","085859920492","Pelanggan Sample","Annisa Shalihah","","279","0.00","1","0"
"1788655090-280","https://kil.gserp.id/customer-manage","","MICHELLE KHO","082273313331","Pelanggan Sample","Desy","","280","0.00","9","0"
"1788655090-281","https://kil.gserp.id/customer-manage","","Shakilla","085756444707","Calon Pelanggan","Annisa Shalihah","","281","0.00","0","0"
"1788655090-282","https://kil.gserp.id/customer-manage","","GIGAN","089527996760","Calon Pelanggan","Desy","","282","0.00","0","0"
"1788655090-283","https://kil.gserp.id/customer-manage","","muhriandi nur","62 852-5691-0151","Pelanggan Sample","Diaz Muhammad Irsyadi","","283","0.00","1","0"
"1788655090-284","https://kil.gserp.id/customer-manage","","NOOR MULACHELAH / SAHIRA","0851-8600-4649","Pelanggan Sample","Desy","","284","0.00","1","0"
"1788655090-285","https://kil.gserp.id/customer-manage","","YUNINDA NOOR AULIA","08991188874","Pelanggan Sample","Annisa Shalihah","Kota Banjarmasin","285","0.00","6","0"
"1788655090-286","https://kil.gserp.id/customer-manage","","eny hendriani/ TARIE BEAUTY","085285615153","Pelanggan RO","Laksmi Diah Ahmada","","286","46,200,000.00","6","2"
"1788655090-287","https://kil.gserp.id/customer-manage","","DICKY ARVIANSYAH","081554557871","Pelanggan Sample","Diaz Muhammad Irsyadi","","287","0.00","1","0"
"1788655090-288","https://kil.gserp.id/customer-manage","","FAHMI RIZKY","081382887747","Pelanggan Sample","Desy","","288","0.00","1","0"
"1788655090-289","https://kil.gserp.id/customer-manage","","SINDE PUSPITA S.PSI.MM","","Pelanggan Produk","Annisa Shalihah","","289","20,000,000.00","21","1"
"1788655090-290","https://kil.gserp.id/customer-manage","","NENDEN ARISTIA","081299051199","Pelanggan Sample","Diaz Muhammad Irsyadi","","290","0.00","1","0"
"1788655090-291","https://kil.gserp.id/customer-manage","","DR RIZKI RAHMANIA RAMADHANI","082131168484","Pelanggan Sample","Diaz Muhammad Irsyadi","","291","0.00","2","0"
"1788655090-292","https://kil.gserp.id/customer-manage","","DR JESSICA NUGRAHENI SOEBAEVANA","081295710609","Pelanggan Sample","Diaz Muhammad Irsyadi","","292","0.00","1","0"
"1788655090-293","https://kil.gserp.id/customer-manage","","AZIZ WAHYUDI","08113325404","Pelanggan Sample","Desy","","293","0.00","5","0"
"1788655090-294","https://kil.gserp.id/customer-manage","","Asih Probolinggo","083835916663","Pelanggan Sample","Annisa Shalihah","","294","0.00","1","0"
"1788655090-295","https://kil.gserp.id/customer-manage","","Rindhy Angraeny","085395386199","Pelanggan Sample","Annisa Shalihah","","295","0.00","4","0"
"1788655090-296","https://kil.gserp.id/customer-manage","","Burhan Bandung","0852 8170 9206","Pelanggan Sample","Annisa Shalihah","","296","0.00","1","0"
"1788655090-297","https://kil.gserp.id/customer-manage","","NOVI NOVITASARI","085316170808","Pelanggan Sample","Annisa Shalihah","","297","0.00","5","0"
"1788655090-298","https://kil.gserp.id/customer-manage","","WAHYU ANGGI(13052024)","081328332283","Pelanggan Sample","Diaz Muhammad Irsyadi","","298","0.00","2","0"
"1788655090-299","https://kil.gserp.id/customer-manage","","TIYAS PRASTYO WIBOWO","089505081214","Pelanggan Produk","Annisa Shalihah","","299","15,963,800.00","2","1"
"1788655090-300","https://kil.gserp.id/customer-manage","","Ulifatur Riskoh (U'Rizq)","085648243932","Pelanggan Sample","Annisa Shalihah","","300","0.00","9","0"
"1788655090-301","https://kil.gserp.id/customer-manage","","Kiki Nurmei","08113930594","Pelanggan Sample","Annisa Shalihah","","301","0.00","1","0"
"1788655090-302","https://kil.gserp.id/customer-manage","","LOLITA","082280449968","Pelanggan Sample","Desy","","302","0.00","1","0"
"1788655090-303","https://kil.gserp.id/customer-manage","","LISNAWATI (16052024)","087892000013","Pelanggan Sample","Diaz Muhammad Irsyadi","Kota Bandung","303","0.00","6","0"
"1788655090-304","https://kil.gserp.id/customer-manage","","FITRIA","085707746125","Pelanggan Produk","Diaz Muhammad Irsyadi","Kota Surabaya","304","29,500,000.00","4","1"
"1788655090-305","https://kil.gserp.id/customer-manage","","HARTONO (20052024)","0817598925","Pelanggan Sample","Diaz Muhammad Irsyadi","","305","0.00","2","0"
"1788655090-306","https://kil.gserp.id/customer-manage","","ONG SIAO IE ( HENDRY)","081231666645","Pelanggan Sample","Diaz Muhammad Irsyadi","","306","0.00","1","0"
"1788655090-307","https://kil.gserp.id/customer-manage","","RITA NOVITRY (fellash beauty)","081322455027","Pelanggan Sample","Diaz Muhammad Irsyadi","","307","0.00","7","0"
"1788655090-308","https://kil.gserp.id/customer-manage","","KUSTINI NINGSIH","081241680867","Pelanggan Sample","Diaz Muhammad Irsyadi","","308","0.00","1","0"
"1788655090-309","https://kil.gserp.id/customer-manage","","TUTUK YULIVIA DARYATI","082301600600","Pelanggan Sample","Desy","","309","0.00","2","0"
"1788655090-310","https://kil.gserp.id/customer-manage","","YOSIKA GREACE","0895378036460","Pelanggan Sample","Desy","","310","0.00","1","0"
"1788655090-311","https://kil.gserp.id/customer-manage","","WAODE NURIANI","081245564160","Pelanggan Sample","Desy","","311","0.00","4","0"
"1788655090-312","https://kil.gserp.id/customer-manage","","FALAQUL DERSONO CHANDRADIMUKA","082135255981","Pelanggan Sample","Diaz Muhammad Irsyadi","","312","0.00","1","0"
"1788655090-313","https://kil.gserp.id/customer-manage","","L.I.GUSTI AYU CARLA TIFFANY","082144040881","Pelanggan Sample","Jessica Dwipuspita","Kota Surabaya","313","0.00","1","0"
"1788655090-314","https://kil.gserp.id/customer-manage","","YANNY SURYANSYAH","082330472688","Pelanggan Sample","Annisa Shalihah","","314","0.00","11","0"
"1788655090-315","https://kil.gserp.id/customer-manage","","Aryasetya Kanaka (Essuco)","081252027288","Pelanggan Sample","Annisa Shalihah","","315","0.00","2","0"
"1788655090-316","https://kil.gserp.id/customer-manage","","Ni Nengah Supartini","+6281338749305","Pelanggan Sample","Annisa Shalihah","","316","0.00","2","0"
"1788655090-317","https://kil.gserp.id/customer-manage","","WAFROTUL ATHIYAH","087777235424","Pelanggan Sample","Diaz Muhammad Irsyadi","Kota Surabaya","317","0.00","2","0"
"1788655090-318","https://kil.gserp.id/customer-manage","","RENY FENTYA","081331857944","Pelanggan Sample","Diaz Muhammad Irsyadi","","318","0.00","1","0"
"1788655090-319","https://kil.gserp.id/customer-manage","","SHABRINA YEDA SORAYA","08819864398","Pelanggan Produk","Diaz Muhammad Irsyadi","Kab. Malang","319","20,778,100.00","6","1"
"1788655090-320","https://kil.gserp.id/customer-manage","","SUSY WIDYANINGRUM","081336450096","Pelanggan Sample","Diaz Muhammad Irsyadi","","320","0.00","3","0"
"1788655090-321","https://kil.gserp.id/customer-manage","","ANIS RIZKI APRILIA","083856636598","Pelanggan Sample","Diaz Muhammad Irsyadi","","321","0.00","1","0"
"1788655090-322","https://kil.gserp.id/customer-manage","","ERNA SIDOARJO","0811337033","Pelanggan Sample","Desy","","322","0.00","3","0"
"1788655090-323","https://kil.gserp.id/customer-manage","","NUR ROHMAH NINGTIAR RINI","085158684487","Pelanggan Sample","Desy","","323","0.00","2","0"
"1788655090-324","https://kil.gserp.id/customer-manage","","DANIEL (04062024)","087722357474","Pelanggan Sample","Diaz Muhammad Irsyadi","","324","0.00","6","0"
"1788655090-325","https://kil.gserp.id/customer-manage","","ITA ZUHRIAH","081249668691","Pelanggan Sample","Diaz Muhammad Irsyadi","","325","0.00","2","0"
"1788655090-326","https://kil.gserp.id/customer-manage","","SYANINDITA PUSPA WARDHANI","081234063364","Pelanggan Sample","Diaz Muhammad Irsyadi","","326","0.00","1","0"
"1788655090-327","https://kil.gserp.id/customer-manage","","AYU LOVITA","085184314460","Pelanggan Sample","Desy","","327","0.00","2","0"
"1788655090-328","https://kil.gserp.id/customer-manage","","Roni Surabya","088228039126","Pelanggan Sample","Annisa Shalihah","","328","0.00","2","0"
"1788655090-329","https://kil.gserp.id/customer-manage","","DEVI MELIA SILODANI","081234554664","Pelanggan Sample","Diaz Muhammad Irsyadi","","329","0.00","2","0"
"1788655090-330","https://kil.gserp.id/customer-manage","","NABILA RATU","087731797147","Pelanggan Sample","Diaz Muhammad Irsyadi","","330","0.00","1","0"
"1788655090-331","https://kil.gserp.id/customer-manage","","YENIS FELLICIA RASTOUL","081703813888","Pelanggan Sample","Diaz Muhammad Irsyadi","","331","0.00","2","0"
"1788655090-332","https://kil.gserp.id/customer-manage","","Weenie Suryaningsih","085731464355","Pelanggan Sample","Annisa Shalihah","","332","0.00","1","0"
"1788655090-333","https://kil.gserp.id/customer-manage","","ARGA RIZQI SYAH PUTRA","085726767689","Pelanggan Sample","Desy","","333","0.00","1","0"
"1788655090-334","https://kil.gserp.id/customer-manage","","GHALY MAYRINDA","087770008255","Pelanggan Sample","Diaz Muhammad Irsyadi","","334","0.00","1","0"
"1788655090-335","https://kil.gserp.id/customer-manage","","ANDRO (10062024)","085748489894","Pelanggan Sample","Diaz Muhammad Irsyadi","","335","0.00","1","0"
"1788655090-336","https://kil.gserp.id/customer-manage","","ARISTA  FITRI MAHARANI","081282871 286","Pelanggan Sample","Diaz Muhammad Irsyadi","","336","0.00","1","0"
"1788655090-337","https://kil.gserp.id/customer-manage","","OKTAVIANI SURABAYA","0813-3371-1933","Pelanggan Sample","Desy","","337","0.00","5","0"
"1788655090-338","https://kil.gserp.id/customer-manage","","SUBAGYO AK","081252525759","Pelanggan Sample","Fadilah Syahab","","338","0.00","8","0"
"1788655090-339","https://kil.gserp.id/customer-manage","","ERNYANTI  ZAIN","085241560188","Pelanggan Sample","Annisa Shalihah","Kota Makassar","339","0.00","6","0"
"1788655090-340","https://kil.gserp.id/customer-manage","","MEILA DINA","082339353496","Pelanggan Sample","Diaz Muhammad Irsyadi","","340","0.00","2","0"
"1788655090-341","https://kil.gserp.id/customer-manage","","DYAN EKA","082231305599","Pelanggan Sample","Diaz Muhammad Irsyadi","","341","0.00","2","0"
"1788655090-342","https://kil.gserp.id/customer-manage","","ROSA RIA AFRIANTI","085880402050","Pelanggan Sample","Diaz Muhammad Irsyadi","","342","0.00","1","0"
"1788655090-343","https://kil.gserp.id/customer-manage","","zainuddin chair","082331429999","Pelanggan Sample","Diaz Muhammad Irsyadi","","343","0.00","3","0"
"1788655090-344","https://kil.gserp.id/customer-manage","","DINA ANGGRAINI","082239329858","Pelanggan Sample","Fadilah Syahab","","344","0.00","3","0"
"1788655090-345","https://kil.gserp.id/customer-manage","","LINANDA AYU ITVIANDHIKA EKA PUTRI","081249123001","Pelanggan Sample","Diaz Muhammad Irsyadi","","345","0.00","1","0"
"1788655090-346","https://kil.gserp.id/customer-manage","","SHELPA YULIDA","087782838344","Pelanggan Sample","Annisa Shalihah","","346","0.00","7","0"
"1788655090-347","https://kil.gserp.id/customer-manage","","ANDIKA NUDIANTONO","081217170179","Pelanggan Produk","Diaz Muhammad Irsyadi","Kota Surabaya","347","18,688,100.00","4","2"
"1788655090-348","https://kil.gserp.id/customer-manage","","DIAN NOVITA","081246034120","Pelanggan Sample","Desy","","348","0.00","3","0"
"1788655090-349","https://kil.gserp.id/customer-manage","","Endah Suryaning Wulandari","085856138383","Pelanggan Sample","Annisa Shalihah","","349","0.00","2","0"
"1788655090-350","https://kil.gserp.id/customer-manage","","Aulia Cahya Puspa Hapsari","085814573006","Calon Pelanggan","Annisa Shalihah","","350","0.00","0","0"
"1788655090-351","https://kil.gserp.id/customer-manage","","Lora","082162259781","Pelanggan Sample","Annisa Shalihah","","351","0.00","3","0"
"1788655090-352","https://kil.gserp.id/customer-manage","","KARTIKA MEDAN","081362388883","Pelanggan Sample","Desy","","352","0.00","2","0"
"1788655090-353","https://kil.gserp.id/customer-manage","","FHARA NANDA ZULAIKA (ZBR)","087885675899","Pelanggan Sample","Desy","","353","0.00","2","0"
"1788655090-354","https://kil.gserp.id/customer-manage","","RAFAEL(DERMARINE)","081977876814","Pelanggan Produk","Annisa Shalihah","Kota Palembang","354","64,454,250.00","5","1"
"1788655090-355","https://kil.gserp.id/customer-manage","","Indah Puspita Dewi","081245939185","Pelanggan Sample","Diaz Muhammad Irsyadi","","355","0.00","2","0"
"1788655090-356","https://kil.gserp.id/customer-manage","","YUMIKO NATHANIA","082257257170","Pelanggan Sample","Diaz Muhammad Irsyadi","","356","0.00","2","0"
"1788655090-357","https://kil.gserp.id/customer-manage","","Marina Jakarta","082122700515","Pelanggan Sample","Annisa Shalihah","","357","0.00","5","0"
"1788655090-358","https://kil.gserp.id/customer-manage","","KEJAR PRODUKSI","081213971639","Pelanggan RO","Achmad Bagir","","358","493,681,380.00","51","12"
"1788655090-359","https://kil.gserp.id/customer-manage","","STEFANI EUNIKE IRWANS","082393431906","Pelanggan Produk","Diaz Muhammad Irsyadi","Kota Makassar","359","24,950,000.00","4","1"
"1788655090-360","https://kil.gserp.id/customer-manage","","MERU(15072024)","082233339886","Pelanggan Produk","Annisa Shalihah","","360","38,109,300.00","4","1"
"1788655090-361","https://kil.gserp.id/customer-manage","","Nufin Surabaya","082139978923","Pelanggan Sample","Annisa Shalihah","","361","0.00","1","0"
"1788655090-362","https://kil.gserp.id/customer-manage","","YUSUF TAHIR","081323330500","Pelanggan Sample","Desy","","362","0.00","1","0"
"1788655090-363","https://kil.gserp.id/customer-manage","","IRA FEBRINA","082169585000","Pelanggan Sample","Diaz Muhammad Irsyadi","","363","0.00","4","0"
"1788655090-364","https://kil.gserp.id/customer-manage","","Amir Makhmu","085234716481","Pelanggan Sample","Annisa Shalihah","","364","0.00","1","0"
"1788655090-365","https://kil.gserp.id/customer-manage","","Ratna Istiningrum","085791273414","Pelanggan Sample","Annisa Shalihah","","365","0.00","1","0"
"1788655090-366","https://kil.gserp.id/customer-manage","","HANA SASTONO","0853-6206-8887","Pelanggan Sample","Desy","","366","0.00","7","0"
"1788655090-367","https://kil.gserp.id/customer-manage","","KHAIRUN NISA","081358239598","Pelanggan Sample","Diaz Muhammad Irsyadi","","367","0.00","2","0"
"1788655090-368","https://kil.gserp.id/customer-manage","","Yuni Samratu Fuadiya","081229727204","Pelanggan Sample","Annisa Shalihah","","368","0.00","6","0"
"1788655090-369","https://kil.gserp.id/customer-manage","","SHELIN MARCELINA","085162716179","Pelanggan Sample","Diaz Muhammad Irsyadi","","369","0.00","1","0"
"1788655090-370","https://kil.gserp.id/customer-manage","","KOMARIAH RD","089637285810","Pelanggan Sample","Desy","","370","0.00","1","0"
"1788655090-371","https://kil.gserp.id/customer-manage","","BRAM SETIAWAN","081288991649","Pelanggan Sample","Laksmi Diah Ahmada","","371","0.00","10","0"
"1788655090-372","https://kil.gserp.id/customer-manage","","Erna (C'KEL)","082276519887","Pelanggan Produk","Annisa Shalihah","","372","104,815,700.00","7","2"
"1788655090-373","https://kil.gserp.id/customer-manage","","DR. YAYUK ELY AGUSTIN","'081231440155","Pelanggan Sample","Desy","","373","0.00","1","0"
"1788655090-374","https://kil.gserp.id/customer-manage","","DILLA ANISA WARDHANI","0818083191891","Pelanggan Sample","Diaz Muhammad Irsyadi","","374","0.00","1","0"
"1788655090-375","https://kil.gserp.id/customer-manage","","DESI JAKARTA","0812-9862-5687","Pelanggan Sample","Desy","","375","0.00","5","0"
"1788655090-376","https://kil.gserp.id/customer-manage","","Nuril Muhidah (Kalba RQ)","083846654558","Pelanggan Produk","Annisa Shalihah","Kab. Jember","376","48,392,500.00","2","1"
"1788655090-377","https://kil.gserp.id/customer-manage","","Lita Nur Hapsari A.Md (LNH)","085755067088","Pelanggan Produk","Annisa Shalihah","Kab. Gresik","377","46,471,500.00","3","2"
"1788655090-378","https://kil.gserp.id/customer-manage","","LISA MONIKA","08113261888","Pelanggan Sample","Diaz Muhammad Irsyadi","","378","0.00","1","0"
"1788655090-379","https://kil.gserp.id/customer-manage","","LASMIATI","087719620233","Pelanggan Sample","Diaz Muhammad Irsyadi","Kota Tangerang Selatan","379","0.00","3","0"
"1788655090-380","https://kil.gserp.id/customer-manage","","SARI ANGGRAINI G","08129808552","Pelanggan Sample","Desy","","380","0.00","1","0"
"1788655090-381","https://kil.gserp.id/customer-manage","","YUNIARTI LELI A","085604804572","Pelanggan Sample","Desy","","381","0.00","1","0"
"1788655090-382","https://kil.gserp.id/customer-manage","","MUHAMMAD HAEKAL ADRIANA","082115635117","Pelanggan Sample","Desy","","382","0.00","1","0"
"1788655090-383","https://kil.gserp.id/customer-manage","","Paino","082310903688","Pelanggan Sample","Annisa Shalihah","","383","0.00","1","0"
"1788655090-384","https://kil.gserp.id/customer-manage","","Irwan Perwira Senen Sembiring","081287905619","Pelanggan Sample","Annisa Shalihah","","384","0.00","2","0"
"1788655090-385","https://kil.gserp.id/customer-manage","","SETIA NEO LIBERTY","087850842377","Pelanggan Sample","Desy","","385","0.00","2","0"
"1788655090-386","https://kil.gserp.id/customer-manage","","Deva Bintang kencana","085104040480","Pelanggan Sample","Fadilah Syahab","","386","0.00","1","0"
"1788655090-387","https://kil.gserp.id/customer-manage","","dr Kiky (KQQ Beauty)","085711112860","Pelanggan RO","Fadilah Syahab","","387","33,457,000.00","2","2"
"1788655090-388","https://kil.gserp.id/customer-manage","","arkan addien","085718942952","Pelanggan Sample","Diaz Muhammad Irsyadi","","388","0.00","2","0"
"1788655090-389","https://kil.gserp.id/customer-manage","","silva (12092024)","08112262669","Pelanggan Sample","Diaz Muhammad Irsyadi","","389","0.00","3","0"
"1788655090-390","https://kil.gserp.id/customer-manage","","Jesselyn","081230217669","Pelanggan Sample","Annisa Shalihah","","390","0.00","1","0"
"1788655090-391","https://kil.gserp.id/customer-manage","","Najmah","0895413304948","Pelanggan Sample","Fadilah Syahab","","391","0.00","1","0"
"1788655090-392","https://kil.gserp.id/customer-manage","","SYLVIA TIRTANATA","08121013333","Pelanggan Sample","Fadilah Syahab","","392","0.00","2","0"
"1788655090-393","https://kil.gserp.id/customer-manage","","EVA MAHARANI","0813-8749-5998","Pelanggan Sample","Desy","","393","0.00","4","0"
"1788655090-394","https://kil.gserp.id/customer-manage","","Cendhika Surya Kusuma (sandee)","087851030500","Pelanggan Sample","Annisa Shalihah","","394","0.00","5","0"
"1788655090-395","https://kil.gserp.id/customer-manage","","Yudhi Hardiyanto Kesuma","085265333548","Pelanggan Produk","Diaz Muhammad Irsyadi","Kab. Bengkalis","395","18,502,500.00","6","2"
"1788655090-396","https://kil.gserp.id/customer-manage","","Hasnah Maromika","0821 4345 7999","Pelanggan Sample","Annisa Shalihah","","396","0.00","2","0"
"1788655090-397","https://kil.gserp.id/customer-manage","","IRVAN THAMRIN","081377023255","Pelanggan Sample","Annisa Shalihah","","397","0.00","7","0"
"1788655090-398","https://kil.gserp.id/customer-manage","","indra hadijaya","085163521455","Pelanggan Sample","Diaz Muhammad Irsyadi","","398","0.00","2","0"
"1788655090-399","https://kil.gserp.id/customer-manage","","NURINNISWATIN ( CHALWA BEAUTY )","08585436476","Pelanggan Sample","Diaz Muhammad Irsyadi","","399","0.00","1","0"
"1788655090-400","https://kil.gserp.id/customer-manage","","ZORAYA  CAESARICA SAEBO","082331474003","Pelanggan Produk","Annisa Shalihah","","400","8,655,000.00","1","1"
"1788655090-401","https://kil.gserp.id/customer-manage","","DEWI YULISTYA","081233008880","Pelanggan Sample","Desy","","401","0.00","2","0"
"1788655090-402","https://kil.gserp.id/customer-manage","","KIKI NOVIYANI","0812115888854","Pelanggan RO","Fadilah Syahab","Kota Surabaya","402","52,392,250.00","10","2"
"1788655090-403","https://kil.gserp.id/customer-manage","","RIZKA DWI PRAMESTI","085645742594","Pelanggan RO","Annisa Shalihah","","403","38,271,200.00","3","4"
"1788655090-404","https://kil.gserp.id/customer-manage","","SAEPUDIN ( 13102024)","082137229198","Pelanggan Sample","Diaz Muhammad Irsyadi","","404","0.00","3","0"
"1788655090-405","https://kil.gserp.id/customer-manage","","ALEXANDER IVAN","081224795173","Pelanggan Sample","Desy","","405","0.00","3","0"
"1788655090-406","https://kil.gserp.id/customer-manage","","Aviv Noer Azizah","082228577778","Pelanggan Sample","Annisa Shalihah","","406","0.00","1","0"
"1788655090-407","https://kil.gserp.id/customer-manage","","NILA(01102024)","085693804848","Pelanggan RO","Diaz Muhammad Irsyadi","Kota Jakarta Pusat","407","35,053,500.00","1","3"
"1788655090-408","https://kil.gserp.id/customer-manage","","WISMA(22102024)","083867858620","Pelanggan Sample","Diaz Muhammad Irsyadi","","408","0.00","3","0"
"1788655090-409","https://kil.gserp.id/customer-manage","","RAHMAT TUNGGAK (LAWO)","081374853223","Pelanggan RO","Fadilah Syahab","Kab. Bengkalis","409","963,241,500.00","15","23"
"1788655090-410","https://kil.gserp.id/customer-manage","","Azza Poetri (Gleambeam)","085159119711","Pelanggan Produk","Fadilah Syahab","","410","37,860,000.00","1","1"
"1788655090-411","https://kil.gserp.id/customer-manage","","SABRINA HUGO BASUKI","08113309168","Pelanggan Sample","Diaz Muhammad Irsyadi","","411","0.00","1","0"
"1788655090-412","https://kil.gserp.id/customer-manage","","Maria Ulfa","081316173134","Pelanggan Sample","Annisa Shalihah","","412","0.00","1","0"
"1788655090-413","https://kil.gserp.id/customer-manage","","Moh Andik Irawan (LaboL)","08113336223","Pelanggan RO","Fadilah Syahab","Kota Surabaya","413","409,025,000.00","25","11"
"1788655090-414","https://kil.gserp.id/customer-manage","","WAHYUNINGRUM","Kendhiz","Pelanggan Sample","Diaz Muhammad Irsyadi","","414","0.00","1","0"
"1788655090-415","https://kil.gserp.id/customer-manage","","NANDA OCTIANA","0857310988600","Pelanggan Produk","Diaz Muhammad Irsyadi","Kota Surabaya","415","5,526,600.00","6","1"
"1788655090-416","https://kil.gserp.id/customer-manage","","Wakpet","0812456435","Calon Pelanggan","Akhmad Ratriono Anggoro","","416","0.00","1","0"
"1788655090-417","https://kil.gserp.id/customer-manage","","Valentina Sugianto (VousVechia)","085732967511","Pelanggan Produk","Annisa Shalihah","","417","39,216,300.00","2","2"
"1788655090-418","https://kil.gserp.id/customer-manage","","Pratika (Soo Jin)","0818818448","Pelanggan RO","Annisa Shalihah","Kota Malang","418","62,828,000.00","3","3"
"1788655090-419","https://kil.gserp.id/customer-manage","","Erma","081291166330","Calon Pelanggan","Annisa Shalihah","","419","0.00","0","0"
"1788655090-420","https://kil.gserp.id/customer-manage","","Roemi Maya Nur Puspita Sari (MAJESNA)","081331829908","Pelanggan Sample","Annisa Shalihah","","420","0.00","3","0"
"1788655090-421","https://kil.gserp.id/customer-manage","","Fani Makassar","085255736457","Pelanggan Sample","Annisa Shalihah","","421","0.00","2","0"
"1788655090-422","https://kil.gserp.id/customer-manage","","Laksmi Diah Ahmada  (Madalv)","081231669924","Pelanggan Produk","Fadilah Syahab","","422","23,500,000.00","2","1"
"1788655090-423","https://kil.gserp.id/customer-manage","","IVO OKTAVIA PUTRI","081338867088","Pelanggan Sample","Diaz Muhammad Irsyadi","","423","0.00","2","0"
"1788655090-424","https://kil.gserp.id/customer-manage","","SANDRA FITRIANI (KLINIK PRATAMA FITRIYA HUSADA)","0812-5990-865","Pelanggan Sample","Desy","","424","0.00","1","0"
"1788655090-425","https://kil.gserp.id/customer-manage","","Chintya Feliani Marzuki","081216702305","Pelanggan Sample","Diaz Muhammad Irsyadi","","425","0.00","1","0"
"1788655090-426","https://kil.gserp.id/customer-manage","","ARDIANTO MALANG","081555626161","Pelanggan Sample","Desy","","426","0.00","1","0"
"1788655090-427","https://kil.gserp.id/customer-manage","","Tri Rusjiyanti","081347487888","Pelanggan Sample","Fadilah Syahab","","427","0.00","1","0"
"1788655090-428","https://kil.gserp.id/customer-manage","","IRLIANA SURABAYA","082131655043","Pelanggan Sample","Annisa Shalihah","Kota Surabaya","428","0.00","4","0"
"1788655090-429","https://kil.gserp.id/customer-manage","","dr Mochammad Atiq Kurniawan","+62 812-3166-6283","Pelanggan Sample","Akhmad Ratriono Anggoro","","429","0.00","3","0"
"1788655090-430","https://kil.gserp.id/customer-manage","","SALSA BELLA NASYWA SUBEKTI","082314004049","Pelanggan Sample","Desy","","430","0.00","1","0"
"1788655090-431","https://kil.gserp.id/customer-manage","","Sindi Arieska","081959983450","Pelanggan Sample","Annisa Shalihah","","431","0.00","2","0"
"1788655090-432","https://kil.gserp.id/customer-manage","","WITNA NINGSIH / VITA MAGELANG","085642003103","Pelanggan Produk","Diaz Muhammad Irsyadi","Kota Magelang","432","33,577,000.00","5","1"
"1788655090-433","https://kil.gserp.id/customer-manage","","REBEKKA (22112024)","081287374361","Pelanggan Sample","Annisa Shalihah","","433","0.00","8","0"
"1788655090-434","https://kil.gserp.id/customer-manage","","JESSICA SETIONO","0811343311","Pelanggan Sample","Diaz Muhammad Irsyadi","","434","0.00","3","0"
"1788655090-435","https://kil.gserp.id/customer-manage","","Dewie Ratna Juwita","6281281465711","Pelanggan Sample","Fadilah Syahab","","435","0.00","3","0"
"1788655090-436","https://kil.gserp.id/customer-manage","","Nattalia (CV Alami Abadi Sejahtera)","+62 812-3357-0722","Pelanggan RO","Fadilah Syahab","","436","141,405,000.00","7","6"
"1788655090-437","https://kil.gserp.id/customer-manage","","Wiwik Sulastri","6281337670234","Pelanggan Sample","Fadilah Syahab","","437","0.00","1","0"
"1788655090-438","https://kil.gserp.id/customer-manage","","Vera Dwi Mustika Sari","085732403756","Pelanggan Sample","Annisa Shalihah","","438","0.00","2","0"
"1788655090-439","https://kil.gserp.id/customer-manage","","Sutanto","081215436335","Pelanggan Sample","Annisa Shalihah","","439","0.00","2","0"
"1788655090-440","https://kil.gserp.id/customer-manage","","AYU SYAFA","+628521591852","Pelanggan Sample","Fadilah Syahab","","440","0.00","8","0"
"1788655090-441","https://kil.gserp.id/customer-manage","","KARINA PUSPA DEWATA","082361096872/+62818471110","Pelanggan Sample","Laksmi Diah Ahmada","","441","0.00","5","0"
"1788655090-442","https://kil.gserp.id/customer-manage","","Indri","0895347032800","Pelanggan Sample","Annisa Shalihah","","442","0.00","2","0"
"1788655090-443","https://kil.gserp.id/customer-manage","","Angga Bayu Saputra (IMOZU)","085294449698","Pelanggan Sample","Annisa Shalihah","","443","0.00","5","0"
"1788655090-444","https://kil.gserp.id/customer-manage","","Tia Elvina","081321214988","Calon Pelanggan","Annisa Shalihah","","444","0.00","0","0"
"1788655090-445","https://kil.gserp.id/customer-manage","","Lina Budiarti","085934453051","Pelanggan Sample","Annisa Shalihah","","445","0.00","5","0"
"1788655090-446","https://kil.gserp.id/customer-manage","","Oktaviani (Guzel Noore)","081333711933","Pelanggan Produk","Annisa Shalihah","Kota Surabaya","446","58,200,000.00","9","1"
"1788655090-447","https://kil.gserp.id/customer-manage","","Djufri (JS The Perfection of My Aura)","081339437994","Pelanggan RO","Annisa Shalihah","Kab. Lombok Barat","447","76,500,000.00","7","12"
"1788655090-448","https://kil.gserp.id/customer-manage","","Good","081231418159","Pelanggan RO","Super Admin","","448","120,000,000.00","3","2"
"1788655090-449","https://kil.gserp.id/customer-manage","","Richard","082322858858","Pelanggan Sample","Laksmi Diah Ahmada","","449","0.00","8","0"
"1788655090-450","https://kil.gserp.id/customer-manage","","Hilal","081216393447","Pelanggan Sample","Ayu Anindya","","450","0.00","1","0"
"1788655090-451","https://kil.gserp.id/customer-manage","","TRI RUSJIYANTI","081347487888","Pelanggan Produk","Fadilah Syahab","","451","41,500,000.00","1","1"
"1788655090-452","https://kil.gserp.id/customer-manage","","Ajeng Friskila Zakaria, Amd","08563310090","Pelanggan RO","Fadilah Syahab","","452","77,032,850.00","8","10"
"1788655090-453","https://kil.gserp.id/customer-manage","","DREAMLAB Inovation","087722291012","Pelanggan Sample","Fadilah Syahab","","453","0.00","34","0"
"1788655090-454","https://kil.gserp.id/customer-manage","","Reza","087786582917","Pelanggan Sample","salfa delia fernanda","","454","0.00","1","0"
"1788655090-455","https://kil.gserp.id/customer-manage","","Raymond","082142686766","Pelanggan Sample","salfa delia fernanda","","455","0.00","1","0"
"1788655090-456","https://kil.gserp.id/customer-manage","","REQUEST BUSDEV (DREAMLAB)","","Pelanggan Sample","Annisa Shalihah","","456","0.00","10","0"
"1788655090-457","https://kil.gserp.id/customer-manage","","Salsa Bella Nasywa Subekti","082314004049","Pelanggan Sample","Annisa Shalihah","","457","0.00","1","0"
"1788655090-458","https://kil.gserp.id/customer-manage","","ANDI BESSE VIGERY SUDIRMAN","081319404247","Pelanggan RO","Laksmi Diah Ahmada","","458","53,000,000.00","5","5"
"1788655090-459","https://kil.gserp.id/customer-manage","","Linda Hoesny","082233332085","Pelanggan Sample","Annisa Shalihah","","459","0.00","1","0"
"1788655090-460","https://kil.gserp.id/customer-manage","","Dewi Yulistia","081233008880","Pelanggan Produk","Annisa Shalihah","","460","21,195,200.00","1","1"
"1788655090-461","https://kil.gserp.id/customer-manage","","Binti  Alafia Khoirunnisa","089685381804","Pelanggan Sample","Annisa Shalihah","","461","0.00","1","0"
"1788655090-462","https://kil.gserp.id/customer-manage","","Sabiila Rahma Ningtias","081359484112","Pelanggan Sample","salfa delia fernanda","","462","0.00","5","0"
"1788655090-463","https://kil.gserp.id/customer-manage","","Arief Saputra","+62 877-2444-5846","Calon Pelanggan","Fadilah Syahab","Kab. Majalengka","463","0.00","0","0"
"1788655090-464","https://kil.gserp.id/customer-manage","","Zoraya Caesarica Saebo (INARAZHU)","082331474003","Pelanggan Produk","Annisa Shalihah","","464","16,175,000.00","2","1"
"1788655090-465","https://kil.gserp.id/customer-manage","","Rini Widya Dewi (TwinaRa)","082225293348","Pelanggan Produk","Annisa Shalihah","","465","31,099,600.00","3","1"
"1788655090-466","https://kil.gserp.id/customer-manage","","Irliana Surabaya (SIXOLIC)","082131655043","Pelanggan RO","Annisa Shalihah","Kota Surabaya","466","166,400,000.00","4","3"
"1788655090-467","https://kil.gserp.id/customer-manage","","Iva Dian Pertiwi","089685343071","Pelanggan Sample","Ayu Anindya","","467","0.00","3","0"
"1788655090-468","https://kil.gserp.id/customer-manage","","Venti Mardiana","6289521429908","Pelanggan Sample","Akhmad Ratriono Anggoro","","468","0.00","4","0"
"1788655090-469","https://kil.gserp.id/customer-manage","","Endang Surilaga","082184129975","Pelanggan Sample","Ayu Anindya","","469","0.00","2","0"
"1788655090-470","https://kil.gserp.id/customer-manage","","Ahmad Zadi Ma'ad (PT Sumber Cahaya International)","6285875333516","Pelanggan Sample","Akhmad Ratriono Anggoro","","470","0.00","3","0"
"1788655090-471","https://kil.gserp.id/customer-manage","","Maulana Bryan Syahputra","081336766761","Pelanggan RO","Annisa Shalihah","Kota Surabaya","471","232,945,600.00","5","5"
"1788655090-472","https://kil.gserp.id/customer-manage","","Rosidatus Sofiyanah","082141023319","Calon Pelanggan","Diaz Muhammad Irsyadi","","472","0.00","0","0"
"1788655090-473","https://kil.gserp.id/customer-manage","","DARELL SETIAWAN SUTRISNO","087899700995","Pelanggan RO","Annisa Shalihah","Kota Surabaya","473","18,691,600.00","5","2"
"1788655090-474","https://kil.gserp.id/customer-manage","","i kadek wahyu surya lesmana","08123473363","Pelanggan Sample","salfa delia fernanda","","474","0.00","1","0"
"1788655090-475","https://kil.gserp.id/customer-manage","","Windshine","081110001744","Pelanggan Sample","Fadilah Syahab","","475","0.00","5","0"
"1788655090-476","https://kil.gserp.id/customer-manage","","Ibnu Bandung (EKA)","+62 857-2345-8947","Pelanggan Sample","Akhmad Ratriono Anggoro","","476","0.00","6","0"
"1788655090-477","https://kil.gserp.id/customer-manage","","Nella Lestari","+62 895-3273-74642","Pelanggan Produk","Diaz Muhammad Irsyadi","Kota Tangerang","477","27,550,000.00","4","1"
"1788655090-478","https://kil.gserp.id/customer-manage","","RR. Dyah Widhi Astuti","081938468099","Pelanggan RO","Annisa Shalihah","Kota Surabaya","478","68,900,000.00","11","10"
"1788655090-479","https://kil.gserp.id/customer-manage","","Juwita Makassar","089684470828","Pelanggan Sample","Annisa Shalihah","","479","0.00","3","0"
"1788655090-480","https://kil.gserp.id/customer-manage","","Fahier Jember","+62 812-3472-596","Pelanggan Sample","Akhmad Ratriono Anggoro","","480","0.00","1","0"
"1788655090-481","https://kil.gserp.id/customer-manage","","Jenyth Julian Tirtawidjala","082337039397","Pelanggan Sample","Annisa Shalihah","","481","0.00","2","0"
"1788655090-482","https://kil.gserp.id/customer-manage","","Berlino Millyarta Azar Hermawan","085941331161","Pelanggan Produk","Ayu Anindya","","482","31,250,000.00","3","1"
"1788655090-483","https://kil.gserp.id/customer-manage","","Drg. Ina Maryam","089656893957","Pelanggan Sample","Ayu Anindya","","483","0.00","1","0"
"1788655090-484","https://kil.gserp.id/customer-manage","","Nattalia","081233570722","Calon Pelanggan","Fadilah Syahab","","484","0.00","1","0"
"1788655090-485","https://kil.gserp.id/customer-manage","","menik eks herjayanti","081333374399","Calon Pelanggan","Laksmi Diah Ahmada","","485","0.00","0","0"
"1788655090-486","https://kil.gserp.id/customer-manage","","MENIK EKA HERJAYANTI","081333374399","Pelanggan Produk","Diaz Muhammad Irsyadi","Kota Surabaya","486","14,184,300.00","1","1"
"1788655090-487","https://kil.gserp.id/customer-manage","","SRI WAHYUNI","08113477782","Pelanggan Produk","Diaz Muhammad Irsyadi","Kab. Sidoarjo","487","20,450,000.00","2","1"
"1788655090-488","https://kil.gserp.id/customer-manage","","Fenny Oriesta Haryadi","082245508778","Pelanggan Produk","Annisa Shalihah","Kota Surabaya","488","35,650,000.00","3","1"
"1788655090-489","https://kil.gserp.id/customer-manage","","Mada","081216955341","Pelanggan Sample","salfa delia fernanda","","489","0.00","1","0"
"1788655090-490","https://kil.gserp.id/customer-manage","","EKA SAVITRI","085722698014","Pelanggan Sample","Diaz Muhammad Irsyadi","","490","0.00","3","0"
"1788655090-491","https://kil.gserp.id/customer-manage","","Cindy Lourita Soeryanto (EUBELLE)","085730500178","Pelanggan Produk","Annisa Shalihah","","491","21,705,000.00","3","1"
"1788655090-492","https://kil.gserp.id/customer-manage","","Lea (27022025)","087783830923","Pelanggan Produk","Laksmi Diah Ahmada","","492","28,634,000.00","1","1"
"1788655090-493","https://kil.gserp.id/customer-manage","","Rio Saputra","08111240812","Pelanggan Sample","Annisa Shalihah","","493","0.00","2","0"
"1788655090-494","https://kil.gserp.id/customer-manage","","Annisa Salaama","081317791483","Pelanggan Sample","Diaz Muhammad Irsyadi","Kota Jakarta Pusat","494","0.00","8","0"
"1788655090-495","https://kil.gserp.id/customer-manage","","Ahmad Buyung Rizqiyadi","089627480715","Calon Pelanggan","Ayu Anindya","","495","0.00","0","0"
"1788655090-496","https://kil.gserp.id/customer-manage","","Merielle Yuditha","085882161388","Pelanggan RO","Annisa Shalihah","","496","67,608,000.00","6","2"
"1788655090-497","https://kil.gserp.id/customer-manage","","Muhammad Ikhsan / Musa","081387232350","Pelanggan Sample","salfa delia fernanda","","497","0.00","1","0"
"1788655090-498","https://kil.gserp.id/customer-manage","","Moch. Risal Wahyudi","085280078092","Pelanggan RO","Annisa Shalihah","Kota Surabaya","498","139,300,250.00","11","2"
"1788655090-499","https://kil.gserp.id/customer-manage","","Indriyeni Rosi","+62 813 2141 8947","Pelanggan Sample","Akhmad Ratriono Anggoro","","499","0.00","3","0"
"1788655090-500","https://kil.gserp.id/customer-manage","","Gyska Puteri Casytha Purba (Ghimarow)","","Pelanggan RO","Laksmi Diah Ahmada","Kota Medan","500","645,949,000.00","12","12"
"1788655090-501","https://kil.gserp.id/customer-manage","","Tazkia Rizki (TAZZI)","","Pelanggan RO","Laksmi Diah Ahmada","Kota Langsa","501","2,739,240,000.00","14","8"
"1788655090-502","https://kil.gserp.id/customer-manage","","Budi Iryantoko","","Pelanggan Sample","Fadilah Syahab","","502","0.00","2","0"
"1788655090-503","https://kil.gserp.id/customer-manage","","Ubaidillah Shobaq","081390595696","Pelanggan Produk","Diaz Muhammad Irsyadi","","503","19,700,000.00","3","1"
"1788655090-504","https://kil.gserp.id/customer-manage","","Dinda Dwi Ananda","0858 2091 3140","Pelanggan Sample","Ayu Anindya","","504","0.00","2","0"
"1788655090-505","https://kil.gserp.id/customer-manage","","Sabiila Rahma Ningtias (SIRIN)","0813-5948-4112","Pelanggan RO","Fadilah Syahab","","505","38,674,700.00","6","3"
"1788655090-506","https://kil.gserp.id/customer-manage","","Iin Inganah ( Icha )","0813 8839 2024","Pelanggan Sample","Annisa Shalihah","","506","0.00","4","0"
"1788655090-507","https://kil.gserp.id/customer-manage","","Dimas dany","087778221250","Pelanggan Sample","Annisa Shalihah","","507","0.00","8","0"
"1788655090-508","https://kil.gserp.id/customer-manage","","Dewi Sahputri","081267875038","Calon Pelanggan","Ayu Anindya","","508","0.00","0","0"
"1788655090-509","https://kil.gserp.id/customer-manage","","Juni Wardani Aruan ( AURAJUNE)","081370707074","Pelanggan RO","Fadilah Syahab","Kota Tanjung Balai","509","58,538,300.00","4","4"
"1788655090-510","https://kil.gserp.id/customer-manage","","Rita setyowati","081240000441","Calon Pelanggan","Fadilah Syahab","","510","0.00","0","0"
"1788655090-511","https://kil.gserp.id/customer-manage","","Nanda tejaningrum","082359029336","Pelanggan RO","Fadilah Syahab","Kota Surabaya","511","130,895,000.00","11","6"
"1788655090-512","https://kil.gserp.id/customer-manage","","Rita Novitry (Sprezzata)","","Pelanggan Produk","Fadilah Syahab","Kab. Bandung","512","98,295,000.00","5","1"
"1788655090-513","https://kil.gserp.id/customer-manage","","Ahmad Zaidi Maad (Mamimoon)","","Pelanggan Produk","Fadilah Syahab","","513","35,715,000.00","3","1"
"1788655090-514","https://kil.gserp.id/customer-manage","","Slamet Raharjo (Somewhere))","","Pelanggan Produk","Annisa Shalihah","Kab. Boyolali","514","41,300,000.00","5","1"
"1788655090-515","https://kil.gserp.id/customer-manage","","Meldy A Siregar","08113557799","Pelanggan Sample","Ayu Anindya","","515","0.00","7","0"
"1788655090-516","https://kil.gserp.id/customer-manage","","Najamuddin","082180405226","Pelanggan Sample","Diaz Muhammad Irsyadi","","516","0.00","2","0"
"1788655090-517","https://kil.gserp.id/customer-manage","","Ayu Syafa ( SH GLOW)","08521591852","Pelanggan RO","Fadilah Syahab","Kab. Bekasi","517","127,100,000.00","5","3"
"1788655090-518","https://kil.gserp.id/customer-manage","","Ririn Purwati","082358938730","Pelanggan Produk","Fadilah Syahab","","518","63,900,000.00","6","1"
"1788655090-519","https://kil.gserp.id/customer-manage","","Sopian","081935956815","Pelanggan Sample","Ayu Anindya","","519","0.00","2","0"
"1788655090-520","https://kil.gserp.id/customer-manage","","Riska Marlinda Sari","082232131457","Pelanggan Sample","Diaz Muhammad Irsyadi","","520","0.00","2","0"
"1788655090-521","https://kil.gserp.id/customer-manage","","Karmila","082260575662","Pelanggan RO","Annisa Shalihah","","521","220,691,300.00","6","8"
"1788655090-522","https://kil.gserp.id/customer-manage","","Yustina Andi Pradesti","085719186640","Pelanggan Sample","Annisa Shalihah","","522","0.00","1","0"
"1788655090-523","https://kil.gserp.id/customer-manage","","ANDI HIDAYATULLAH M","0895406116080","Calon Pelanggan","Diaz Muhammad Irsyadi","","523","0.00","0","0"
"1788655090-524","https://kil.gserp.id/customer-manage","","FIRDAUSIYAH (FIRSYA)","085230318301","Pelanggan RO","Diaz Muhammad Irsyadi","Kab. Sumenep","524","19,136,500.00","3","2"
"1788655090-525","https://kil.gserp.id/customer-manage","","LUDIA A. YARANGGA (REGINA)","082199187943","Pelanggan Produk","Laksmi Diah Ahmada","","525","81,067,500.00","4","2"
"1788655090-526","https://kil.gserp.id/customer-manage","","Zhakilla yelly putri","","Pelanggan Sample","Laksmi Diah Ahmada","","526","0.00","1","0"
"1788655090-527","https://kil.gserp.id/customer-manage","","ammy (28/05/25)","08119194500","Pelanggan Sample","Laksmi Diah Ahmada","","527","0.00","1","0"
"1788655090-528","https://kil.gserp.id/customer-manage","","AGUS AHMAD SAEPULOH","08122666541","Pelanggan Sample","Annisa Shalihah","","528","0.00","3","0"
"1788655090-529","https://kil.gserp.id/customer-manage","","IZDIHARNINGRUM GHINA SARY","082338662262","Pelanggan Sample","Annisa Shalihah","Kota Malang","529","0.00","2","0"
"1788655090-530","https://kil.gserp.id/customer-manage","","YUANITA FELISTIA","089682161369","Pelanggan Sample","Fadilah Syahab","","530","0.00","6","0"
"1788655090-531","https://kil.gserp.id/customer-manage","","Syamsul Arifin (CARIVANO)","085645010677","Pelanggan RO","Annisa Shalihah","Kota Surabaya","531","49,350,000.00","5","5"
"1788655090-532","https://kil.gserp.id/customer-manage","","Lukman Efendi","085396949281","Pelanggan Produk","Fadilah Syahab","","532","20,700,000.00","1","1"
"1788655090-533","https://kil.gserp.id/customer-manage","","Nur Ainda Ismaya","081938854114","Pelanggan RO","Fadilah Syahab","","533","42,000,000.00","3","6"
"1788655090-534","https://kil.gserp.id/customer-manage","","CHRISDYAN PUSPA CHANDRA PRADITA","081252588779","Pelanggan Sample","Diaz Muhammad Irsyadi","","534","0.00","2","0"
"1788655090-535","https://kil.gserp.id/customer-manage","","Chella","081232547904","Pelanggan Sample","Annisa Shalihah","","535","0.00","2","0"
"1788655090-536","https://kil.gserp.id/customer-manage","","Maya (PT. Aura Gemilang Jaya Indonesia)","08165428780","Pelanggan Sample","Annisa Shalihah","","536","0.00","1","0"
"1788655090-537","https://kil.gserp.id/customer-manage","","DR HARUN ARRASYID RYDHA ALBAR","081295196381","Pelanggan Produk","Annisa Shalihah","","537","2,500,000.00","5","2"
"1788655090-538","https://kil.gserp.id/customer-manage","","Arsandi (AVESYA)","085174242519","Pelanggan Sample","Laksmi Diah Ahmada","","538","0.00","2","0"
"1788655090-539","https://kil.gserp.id/customer-manage","","Amelia Defita","-","Pelanggan Sample","Laksmi Diah Ahmada","","539","0.00","5","0"
"1788655090-540","https://kil.gserp.id/customer-manage","","Nur Rohma (Filira)","","Pelanggan RO","Annisa Shalihah","Kab. Gresik","540","28,250,000.00","2","3"
"1788655090-541","https://kil.gserp.id/customer-manage","","BERNADETTE BENEDICTALUPI","081214413531","Pelanggan Sample","Annisa Shalihah","","541","0.00","7","0"
"1788655090-542","https://kil.gserp.id/customer-manage","","SISRIK ISNAWATI","081286812727","Pelanggan Sample","Diaz Muhammad Irsyadi","","542","0.00","4","0"
"1788655090-543","https://kil.gserp.id/customer-manage","","NUR AINI","081231253432","Pelanggan Sample","Laksmi Diah Ahmada","","543","0.00","8","0"
"1788655090-544","https://kil.gserp.id/customer-manage","","Marvel moreno hosea pontoh","072192435590","Pelanggan Sample","Diaz Muhammad Irsyadi","","544","0.00","1","0"
"1788655090-545","https://kil.gserp.id/customer-manage","","LULU RAHARDJANTO","08121016943","Pelanggan Sample","Jessica Dwipuspita","Kota Jakarta Utara","545","0.00","1","0"
"1788655090-546","https://kil.gserp.id/customer-manage","","R Sofyan (Layinne)","085368834306","Pelanggan RO","Annisa Shalihah","","546","54,849,600.00","5","4"
"1788655090-547","https://kil.gserp.id/customer-manage","","Alfiyan Cahyo Tri Putra","081916561659","Calon Pelanggan","Annisa Shalihah","","547","0.00","0","0"
"1788655090-548","https://kil.gserp.id/customer-manage","","Venti Mardiana (L'Vent Luxe)","6289521429908","Pelanggan RO","Fadilah Syahab","","548","25,650,000.00","3","3"
"1788655090-549","https://kil.gserp.id/customer-manage","","Dela putri Noveda","082179761196","Pelanggan Produk","Fadilah Syahab","","549","20,780,000.00","1","1"
"1788655090-550","https://kil.gserp.id/customer-manage","","Sarry","083870738522","Pelanggan Produk","Fadilah Syahab","","550","2,500,000.00","2","1"
"1788655090-551","https://kil.gserp.id/customer-manage","","Hastuti Erdianti","081288268465","Pelanggan Sample","Diaz Muhammad Irsyadi","","551","0.00","1","0"
"1788655090-552","https://kil.gserp.id/customer-manage","","Eriqa Sujitro","081318885789","Pelanggan Sample","Fadilah Syahab","","552","0.00","2","0"
"1788655090-553","https://kil.gserp.id/customer-manage","","Enny Rasman","088989387715","Pelanggan Sample","Fadilah Syahab","","553","0.00","1","0"
"1788655090-554","https://kil.gserp.id/customer-manage","","AISYAH NADIA ZAHRANI","085706320256","Pelanggan Sample","Annisa Shalihah","","554","0.00","1","0"
"1788655090-555","https://kil.gserp.id/customer-manage","","MAS ISROFIL ZUFAR FAROS","089521428426","Pelanggan Sample","Annisa Shalihah","","555","0.00","2","0"
"1788655090-556","https://kil.gserp.id/customer-manage","","RICHARD HARIJANTO","082322858858","Pelanggan RO","Diaz Muhammad Irsyadi","Kota Surabaya","556","18,810,000.00","3","3"
"1788655090-557","https://kil.gserp.id/customer-manage","","ENNY RASMAN","088989387715","Pelanggan Sample","Fadilah Syahab","","557","0.00","1","0"
"1788655090-558","https://kil.gserp.id/customer-manage","","Silvy Florenza","081515799320","Pelanggan Produk","Fadilah Syahab","","558","25,500,000.00","1","1"
"1788655090-559","https://kil.gserp.id/customer-manage","","MOH BANDHAR","+62 813-3427-9202","Pelanggan RO","Laksmi Diah Ahmada","","559","25,650,000.00","4","4"
"1788655090-560","https://kil.gserp.id/customer-manage","","Lailiya Rachimah Safitri","083167178886","Pelanggan Produk","Fadilah Syahab","","560","19,033,900.00","1","1"
"1788655090-561","https://kil.gserp.id/customer-manage","","Laras","0895348481382","Pelanggan Sample","Fadilah Syahab","","561","0.00","1","0"
"1788655090-562","https://kil.gserp.id/customer-manage","","Diansyah Sanjaya","081232255921","Pelanggan RO","Laksmi Diah Ahmada","","562","20,241,070.00","1","3"
"1788655090-563","https://kil.gserp.id/customer-manage","","sansan","-","Calon Pelanggan","Fadilah Syahab","","563","0.00","0","0"
"1788655090-564","https://kil.gserp.id/customer-manage","","DEVY PUSPITA SARI","081233123918","Pelanggan RO","Laksmi Diah Ahmada","","564","48,000,000.00","5","7"
"1788655090-565","https://kil.gserp.id/customer-manage","","Mercy Sisilya Wenas","08124273110","Pelanggan Produk","Fadilah Syahab","","565","63,958,300.00","5","1"
"1788655090-566","https://kil.gserp.id/customer-manage","","ERNI YULIASTUTIK","6281331220626","Calon Pelanggan","Laksmi Diah Ahmada","","566","0.00","0","0"
"1788655090-567","https://kil.gserp.id/customer-manage","","Hardyanti Indaleka Tandiseno","+6285155330461","Pelanggan Sample","Annisa Shalihah","","567","0.00","1","0"
"1788655090-568","https://kil.gserp.id/customer-manage","","Suyudi Koeswanto","+628123027521","Pelanggan Sample","Annisa Shalihah","","568","0.00","1","0"
"1788655090-569","https://kil.gserp.id/customer-manage","","Wenny Roosalia","+6282310793908","Pelanggan Sample","Annisa Shalihah","","569","0.00","2","0"
"1788655090-570","https://kil.gserp.id/customer-manage","","AULIZA AYU SAPUTRI","+62 83846962942","Pelanggan Produk","Laksmi Diah Ahmada","","570","2,500,000.00","4","1"
"1788655090-571","https://kil.gserp.id/customer-manage","","Ririen Wahyuningrum","+6281354902929","Pelanggan Sample","Annisa Shalihah","","571","0.00","1","0"
"1788655090-572","https://kil.gserp.id/customer-manage","","DUDI HADIANTO","+6287790084555","Pelanggan Sample","Annisa Shalihah","","572","0.00","1","0"
"1788655090-573","https://kil.gserp.id/customer-manage","","Athaya","08158888584","Pelanggan Sample","Diaz Muhammad Irsyadi","","573","0.00","4","0"
"1788655090-574","https://kil.gserp.id/customer-manage","","HANNY MARCELLA","085788992053","Pelanggan Sample","Annisa Shalihah","","574","0.00","3","0"
"1788655090-575","https://kil.gserp.id/customer-manage","","WINDI NURHAYATI","081298129862","Pelanggan Sample","Laksmi Diah Ahmada","","575","0.00","1","0"
"1788655090-576","https://kil.gserp.id/customer-manage","","NI NYOMAN MANIK SUCIATI, SE (LUMIRA)","+6281337832036","Pelanggan Sample","Diaz Muhammad Irsyadi","Kab. Badung","576","0.00","3","0"
"1788655090-577","https://kil.gserp.id/customer-manage","","RADA SYAHYUNI","+62 813-7534-3638","Pelanggan Sample","Laksmi Diah Ahmada","","577","0.00","1","0"
"1788655090-578","https://kil.gserp.id/customer-manage","","Nike Febriyanti","085692127618","Pelanggan Sample","Fadilah Syahab","","578","0.00","2","0"
"1788655090-579","https://kil.gserp.id/customer-manage","","Devi Suhistin","+6281228188858","Pelanggan Sample","Annisa Shalihah","","579","0.00","1","0"
"1788655090-580","https://kil.gserp.id/customer-manage","","Christiano Owen Valentino","+62 81230667793","Pelanggan RO","Estisan Septyana Atwinda","","580","14,320,000.00","2","3"
"1788655090-581","https://kil.gserp.id/customer-manage","","Cetri Puspitaningsih, S.Sos","+6281331413839","Pelanggan Sample","Annisa Shalihah","","581","0.00","2","0"
"1788655090-582","https://kil.gserp.id/customer-manage","","ENDANG SEMPURI KUSTIAWATI","+62815 8888 584","Pelanggan Produk","Annisa Shalihah","","582","2,500,000.00","4","1"
"1788655090-583","https://kil.gserp.id/customer-manage","","GANA ANGGRAITO","085700620845","Pelanggan Sample","Annisa Shalihah","","583","0.00","2","0"
"1788655090-584","https://kil.gserp.id/customer-manage","","CARLA TIFFANY","+62 821-4404-0881","Pelanggan Sample","Annisa Shalihah","","584","0.00","2","0"
"1788655090-585","https://kil.gserp.id/customer-manage","","Putri Aulia Ramli","+6285260101083","Pelanggan Sample","Annisa Shalihah","","585","0.00","1","0"
"1788655090-586","https://kil.gserp.id/customer-manage","","Safira Damayanti","087765457846","Pelanggan Sample","Annisa Shalihah","","586","0.00","2","0"
"1788655090-587","https://kil.gserp.id/customer-manage","","NERI GUSTIANI","+62 815-4027-306","Pelanggan Produk","Fadilah Syahab","Kota Bengkulu","587","2,500,000.00","11","1"
"1788655090-588","https://kil.gserp.id/customer-manage","","MATIUS HERMANTO","+62817377636","Pelanggan Sample","Annisa Shalihah","","588","0.00","6","0"
"1788655090-589","https://kil.gserp.id/customer-manage","","Muchammad Amien Reza","+6282233303023","Pelanggan Sample","Annisa Shalihah","","589","0.00","4","0"
"1788655090-590","https://kil.gserp.id/customer-manage","","Rani Ayu Lestari","085731579884","Pelanggan Sample","Annisa Shalihah","","590","0.00","1","0"
"1788655090-591","https://kil.gserp.id/customer-manage","","Aris Candra Palah","+628112040098","Pelanggan RO","Fadilah Syahab","","591","569,498,200.00","9","14"
"1788655090-592","https://kil.gserp.id/customer-manage","","Dzulfatin nadhiroh","+6282327740759","Pelanggan Sample","Annisa Shalihah","","592","0.00","2","0"
"1788655090-593","https://kil.gserp.id/customer-manage","","Amalia Septiana","+6285857250368","Pelanggan Sample","Annisa Shalihah","","593","0.00","1","0"
"1788655090-594","https://kil.gserp.id/customer-manage","","ELISA MADYA","+62 811-173-367","Pelanggan Produk","Annisa Shalihah","Kab. Sleman","594","41,500,000.00","3","1"
"1788655090-595","https://kil.gserp.id/customer-manage","","Cicin Meiliaini","+6287737587318","Pelanggan Sample","Annisa Shalihah","","595","0.00","4","0"
"1788655090-596","https://kil.gserp.id/customer-manage","","MUJIATI","08123267008","Pelanggan Sample","Laksmi Diah Ahmada","","596","0.00","3","0"
"1788655090-597","https://kil.gserp.id/customer-manage","","SUBHAN HANDOKO","+6281520968898","Pelanggan Produk","Diaz Muhammad Irsyadi","Kab. Malang","597","2,500,000.00","2","1"
"1788655090-598","https://kil.gserp.id/customer-manage","","HANS","+62 819-7278-686","Pelanggan Sample","Annisa Shalihah","","598","0.00","2","0"
"1788655090-599","https://kil.gserp.id/customer-manage","","Widya Hapsari,S.Sos,SS","081287758458","Pelanggan Produk","Fadilah Syahab","","599","10,100,000.00","4","1"
"1788655090-600","https://kil.gserp.id/customer-manage","","TONY","+62 813-8478-4819","Pelanggan Sample","Diaz Muhammad Irsyadi","Kota Jakarta Utara","600","0.00","4","0"
"1788655090-601","https://kil.gserp.id/customer-manage","","STEVEN SETIAWAN","+62 812-3144-0027","Pelanggan Produk","Annisa Shalihah","","601","2,500,000.00","3","1"
"1788655090-602","https://kil.gserp.id/customer-manage","","SEPTI/GEK IN","+62 812-1984-8898","Pelanggan RO","Fadilah Syahab","Kota Denpasar","602","120,106,650.00","8","2"
"1788655090-603","https://kil.gserp.id/customer-manage","","YESSY NARULITA PEBRIANA","+62 823-5376-6583","Pelanggan Sample","Diaz Muhammad Irsyadi","","603","0.00","1","0"
"1788655090-604","https://kil.gserp.id/customer-manage","","NADILLAH AGUSTIN","+62 822-5708-4290","Pelanggan Sample","Laksmi Diah Ahmada","","604","0.00","1","0"
"1788655090-605","https://kil.gserp.id/customer-manage","","DONI BAYU SAPUTRO / FAIZAL AHNNAF","+62 895-6052-98241","Pelanggan RO","Laksmi Diah Ahmada","Kota Surabaya","605","37,150,000.00","2","2"
"1788655090-606","https://kil.gserp.id/customer-manage","","ANDI","+628118112478","Pelanggan Sample","Annisa Shalihah","","606","0.00","2","0"
"1788655090-607","https://kil.gserp.id/customer-manage","","NOVIA SAPUTRI","+62 812-1515-2528","Pelanggan Sample","Diaz Muhammad Irsyadi","","607","0.00","3","0"
"1788655090-608","https://kil.gserp.id/customer-manage","","YULIO ZAHRONI","+6282141735765","Pelanggan Sample","Annisa Shalihah","","608","0.00","1","0"
"1788655090-609","https://kil.gserp.id/customer-manage","","LENI MARYANI","+62 878-0208-1981","Pelanggan Sample","Laksmi Diah Ahmada","","609","0.00","1","0"
"1788655090-610","https://kil.gserp.id/customer-manage","","Zakiyah Rahmawati","081329401616","Pelanggan Produk","Annisa Shalihah","","610","2,500,000.00","4","1"
"1788655090-611","https://kil.gserp.id/customer-manage","","DANIEL CHRISTOFER WIJAYA","+6682228886062","Pelanggan Sample","Annisa Shalihah","","611","0.00","3","0"
"1788655090-612","https://kil.gserp.id/customer-manage","","RISMA","+6282292640541","Pelanggan Sample","Annisa Shalihah","","612","0.00","2","0"
"1788655090-613","https://kil.gserp.id/customer-manage","","EKO BAYU","+62 858-7757-1334","Pelanggan Sample","Annisa Shalihah","Kota Salatiga","613","0.00","1","0"
"1788655090-614","https://kil.gserp.id/customer-manage","","Anisa F","+62811606040","Pelanggan Sample","Annisa Shalihah","","614","0.00","2","0"
"1788655090-615","https://kil.gserp.id/customer-manage","","Fenska Seipalla","085280428572","Pelanggan Sample","Fadilah Syahab","","615","47,050,000.00","2","1"
"1788655090-616","https://kil.gserp.id/customer-manage","","PT AJUNG","+6281212002849","Pelanggan Produk","Annisa Shalihah","","616","20,300,000.00","4","2"
"1788655090-617","https://kil.gserp.id/customer-manage","","Lailani Fitrah Ramadhani","+628113212701","Pelanggan Sample","Annisa Shalihah","","617","0.00","2","0"
"1788655090-618","https://kil.gserp.id/customer-manage","","IBRAHIM","+62 878-7827-5707","Pelanggan Sample","Annisa Shalihah","Kab. Tangerang","618","0.00","1","0"
"1788655090-619","https://kil.gserp.id/customer-manage","","PUTRI ANANTA","+62 878-6312-2223","Pelanggan Sample","Fadilah Syahab","Kab. Badung","619","0.00","1","0"
"1788655090-620","https://kil.gserp.id/customer-manage","","ALYSSA","+62 813-5350-7113","Pelanggan Produk","Fadilah Syahab","Kota Denpasar","620","2,500,000.00","1","1"
"1788655090-621","https://kil.gserp.id/customer-manage","","Gadis (rini)","+6281318559374","Pelanggan Sample","Annisa Shalihah","Kota Tangerang","621","0.00","3","0"
"1788655090-622","https://kil.gserp.id/customer-manage","","WAHYUDI/EKA","08989941645","Pelanggan Sample","Diaz Muhammad Irsyadi","Kota Bekasi","622","0.00","1","0"
"1788655090-623","https://kil.gserp.id/customer-manage","","Sentot Andi Kurniawan","+6281290009670","Pelanggan Sample","Annisa Shalihah","Kab. Bandung","623","0.00","2","0"
"1788655090-624","https://kil.gserp.id/customer-manage","","RIZA SAFITRI","087864781171","Pelanggan Sample","Fadilah Syahab","Kab. Lombok Barat","624","21,100,000.00","2","1"
"1788655090-625","https://kil.gserp.id/customer-manage","","Eki Febriani","+6281334286086","Pelanggan Produk","Annisa Shalihah","Kota Pasuruan","625","29,994,995.00","4","1"
"1788655090-626","https://kil.gserp.id/customer-manage","","Winny","+6281215122347","Pelanggan RO","Annisa Shalihah","","626","44,650,000.00","3","2"
"1788655090-627","https://kil.gserp.id/customer-manage","","Honesty Cahyaningrum, S.H","+6281333926000","Pelanggan Produk","Annisa Shalihah","","627","85,000,000.00","7","4"
"1788655090-628","https://kil.gserp.id/customer-manage","","Fifi","+6281238888008","Pelanggan Sample","Annisa Shalihah","","628","0.00","1","0"
"1788655090-629","https://kil.gserp.id/customer-manage","","RIKA","+62 812-9603-4366","Pelanggan Sample","Diaz Muhammad Irsyadi","Kota Jakarta Selatan","629","0.00","1","0"
"1788655090-630","https://kil.gserp.id/customer-manage","","Okky Raditya","081314131436","Pelanggan Sample","Annisa Shalihah","Kota Jakarta Timur","630","0.00","5","0"
"1788655090-631","https://kil.gserp.id/customer-manage","","HENDRY","+62 877-4782-8172","Pelanggan Sample","Diaz Muhammad Irsyadi","Kota Jakarta Barat","631","0.00","2","0"
"1788655090-632","https://kil.gserp.id/customer-manage","","Risa","+6285655858068","Pelanggan Sample","Annisa Shalihah","Kab. Malang","632","0.00","1","0"
"1788655090-633","https://kil.gserp.id/customer-manage","","Nafisah","+62 852-3210-1937","Pelanggan Sample","Annisa Shalihah","","633","0.00","2","0"
"1788655090-634","https://kil.gserp.id/customer-manage","","Romaida Pakpahan","081396669395","Pelanggan Sample","Annisa Shalihah","","634","0.00","2","0"
"1788655090-635","https://kil.gserp.id/customer-manage","","dr. Jessika Nughraheni","+6281295710609","Pelanggan Sample","Annisa Shalihah","Kab. Kediri","635","16,780,000.00","2","2"
"1788655090-636","https://kil.gserp.id/customer-manage","","HAEKAL","+62 853-1424-1773","Pelanggan Sample","Annisa Shalihah","Kota Bekasi","636","0.00","1","0"
"1788655090-637","https://kil.gserp.id/customer-manage","","Naniek Widyaningrum","081227551933","Pelanggan Sample","Annisa Shalihah","Kota Semarang","637","0.00","4","0"
"1788655090-638","https://kil.gserp.id/customer-manage","","Duwiki Prasetiyo","+6282257938704","Pelanggan Sample","Annisa Shalihah","Kab. Blitar","638","0.00","1","0"
"1788655090-639","https://kil.gserp.id/customer-manage","","AYYU","+62 877-0286-8470","Pelanggan Sample","Fadilah Syahab","","639","0.00","6","0"
"1788655090-640","https://kil.gserp.id/customer-manage","","AYYU","+62 877-0286-8470","Calon Pelanggan","Fadilah Syahab","Kab. Sidoarjo","640","0.00","0","0"
"1788655090-641","https://kil.gserp.id/customer-manage","","SINDY","+62 823-3824-8716","Pelanggan Sample","Fadilah Syahab","","641","0.00","3","0"
"1788655090-642","https://kil.gserp.id/customer-manage","","FIDO ROSIYAN HARIYADI","+62 822-1536-6609","Pelanggan Produk","Annisa Shalihah","","642","2,500,000.00","7","1"
"1788655090-643","https://kil.gserp.id/customer-manage","","GITA","+62 813-8199-1199","Pelanggan Sample","Annisa Shalihah","","643","0.00","3","0"
"1788655090-644","https://kil.gserp.id/customer-manage","","BILLY ANDERSEN","+62 812-1005-2067","Pelanggan Sample","Jessica Dwipuspita","Kota Jakarta Utara","644","0.00","1","0"
"1788655090-645","https://kil.gserp.id/customer-manage","","Bahtiar Dresta","+62 822-9815-1445","Pelanggan Sample","Annisa Shalihah","","645","0.00","1","0"
"1788655090-646","https://kil.gserp.id/customer-manage","","Nadia Stefanie","+62 858-8858-8595","Pelanggan Sample","Annisa Shalihah","","646","0.00","2","0"
"1788655090-647","https://kil.gserp.id/customer-manage","","Norma Karuniawati","081357900042","Pelanggan Produk","Annisa Shalihah","","647","24,750,000.00","2","2"
"1788655090-648","https://kil.gserp.id/customer-manage","","Silvia Darma","+62 899-2509-988","Pelanggan Sample","Annisa Shalihah","","648","0.00","1","0"
"1788655090-649","https://kil.gserp.id/customer-manage","","Ila Verdiana Widiastutik","+62 822-5718-0800","Pelanggan RO","Fadilah Syahab","Kota Probolinggo","649","22,200,000.00","2","2"
"1788655090-650","https://kil.gserp.id/customer-manage","","Reza","+6281233338185","Calon Pelanggan","Annisa Shalihah","","650","0.00","0","0"
"1788655090-651","https://kil.gserp.id/customer-manage","","Mahda Mardhiyyah (ETRIENT)","‪+62 851‑7111‑9023‬","Pelanggan Produk","Fadilah Syahab","Kota Pasuruan","651","139,764,550.00","2","3"
"1788655090-652","https://kil.gserp.id/customer-manage","","HOLIMAH","085940301183","Pelanggan Sample","Diaz Muhammad Irsyadi","Kab. Sampang","652","0.00","2","0"
"1788655090-653","https://kil.gserp.id/customer-manage","","Hendric","+6281990809070","Pelanggan Sample","Annisa Shalihah","","653","0.00","4","0"
"1788655090-654","https://kil.gserp.id/customer-manage","","Maria Ina","081237014083","Pelanggan Sample","Annisa Shalihah","","654","2,500,000.00","10","1"
"1788655090-655","https://kil.gserp.id/customer-manage","","Nurul Latifah Alfani","082231444140","Pelanggan Sample","Fadilah Syahab","Kota Malang","655","0.00","2","0"
"1788655090-656","https://kil.gserp.id/customer-manage","","Robinson","+62811772599","Pelanggan Sample","Annisa Shalihah","Kota Pekanbaru","656","0.00","2","0"
"1788655090-657","https://kil.gserp.id/customer-manage","","Rindhy Angraeny","085395386199","Pelanggan Sample","Annisa Shalihah","Kota Makassar","657","0.00","4","0"
"1788655090-658","https://kil.gserp.id/customer-manage","","Michael Boentoro","+62 812-3536-7588","Pelanggan Sample","Annisa Shalihah","","658","0.00","3","0"
"1788655090-659","https://kil.gserp.id/customer-manage","","Ika Noviyanti","+62 812-2591-9454","Pelanggan Sample","Annisa Shalihah","","659","0.00","4","0"
"1788655090-660","https://kil.gserp.id/customer-manage","","Ika Noviyanti","+62 812-2591-9454","Calon Pelanggan","Annisa Shalihah","Kota Yogyakarta","660","0.00","0","0"
"1788655090-661","https://kil.gserp.id/customer-manage","","Neil Royan","+6281283069717","Pelanggan Sample","Annisa Shalihah","Kab. Bekasi","661","0.00","6","0"
"1788655090-662","https://kil.gserp.id/customer-manage","","Salman Alfarisy","08197999905","Pelanggan Sample","Annisa Shalihah","","662","0.00","3","0"
"1788655090-663","https://kil.gserp.id/customer-manage","","HERLINA","+628129640896","Pelanggan Sample","Annisa Shalihah","","663","0.00","2","0"
"1788655090-664","https://kil.gserp.id/customer-manage","","Oktavianus Prayoga","+6281649367780","Pelanggan Sample","Annisa Shalihah","","664","0.00","1","0"
"1788655090-665","https://kil.gserp.id/customer-manage","","syalsha","081331728327","Calon Pelanggan","Fadilah Syahab","Kab. Sidoarjo","665","0.00","0","0"
"1788655090-666","https://kil.gserp.id/customer-manage","","LISA MONIKA SUTANTO","+62 811-3261-888","Pelanggan Produk","Fadilah Syahab","Kota Surabaya","666","5,000,000.00","0","2"
"1788655090-667","https://kil.gserp.id/customer-manage","","EVI SURIANI","+62 823-8838-8851","Pelanggan Produk","Fadilah Syahab","Kab. Serdang Bedagai","667","156,029,000.00","3","6"
"1788655090-668","https://kil.gserp.id/customer-manage","","PT. ADARA COSMETIC AND BEAUTY CARE","081285822454","Pelanggan Sample","Laksmi Diah Ahmada","Kota Bandung","668","0.00","3","0"
"1788655090-669","https://kil.gserp.id/customer-manage","","Paramita (MJB Beauty)","+6285299965713","Pelanggan Sample","Annisa Shalihah","Kab. Sidenreng Rappang","669","193,500,000.00","10","1"
"1788655090-670","https://kil.gserp.id/customer-manage","","Ira Aprilianti","08112424454","Pelanggan Sample","Annisa Shalihah","","670","0.00","2","0"
"1788655090-671","https://kil.gserp.id/customer-manage","","Yulia indri","+62 813-3260-6387","Pelanggan Sample","Annisa Shalihah","","671","0.00","4","0"
"1788655090-672","https://kil.gserp.id/customer-manage","","MAHENDRA","+62 822-2300-3992","Pelanggan Sample","Diaz Muhammad Irsyadi","","672","0.00","2","0"
"1788655090-673","https://kil.gserp.id/customer-manage","","FIDO ROSIYAN HARIYADI","+62 822-1536-6609","Calon Pelanggan","Annisa Shalihah","Kab. Pamekasan","673","0.00","0","0"
"1788655090-674","https://kil.gserp.id/customer-manage","","Winda","+628811787498","Pelanggan Sample","Annisa Shalihah","","674","2,500,000.00","3","1"
"1788655090-675","https://kil.gserp.id/customer-manage","","Izaz Samudra","+6281332617454","Pelanggan Sample","Annisa Shalihah","","675","0.00","1","0"
"1788655090-676","https://kil.gserp.id/customer-manage","","Dirja","+6285934493366","Pelanggan Sample","Annisa Shalihah","","676","0.00","2","0"
"1788655090-677","https://kil.gserp.id/customer-manage","","George Tan","+628134094288","Pelanggan Sample","Annisa Shalihah","","677","0.00","1","0"
"1788655090-678","https://kil.gserp.id/customer-manage","","Anthony","+628133818037","Pelanggan Sample","Annisa Shalihah","","678","0.00","1","0"
"1788655090-679","https://kil.gserp.id/customer-manage","","M HADYAN","082388373600","Pelanggan Sample","Diaz Muhammad Irsyadi","","679","0.00","1","0"
"1788655090-680","https://kil.gserp.id/customer-manage","","NOVA","+62895323716304","Pelanggan Sample","Fadilah Syahab","Kab. Sidoarjo","680","0.00","2","0"
"1788655090-681","https://kil.gserp.id/customer-manage","","BUNDA ELIEF","+6281234459393","Calon Pelanggan","Annisa Shalihah","Kab. Sidoarjo","681","0.00","0","0"
"1788655090-682","https://kil.gserp.id/customer-manage","","Fitri","+6281357664488","Pelanggan Sample","Annisa Shalihah","","682","3,500,000.00","2","1"
"1788655090-683","https://kil.gserp.id/customer-manage","","Nara","+6281234519901","Pelanggan Sample","Annisa Shalihah","","683","0.00","3","0"
"1788655090-684","https://kil.gserp.id/customer-manage","","Komala Dewi","+62811737292","Pelanggan Sample","Annisa Shalihah","","684","0.00","2","0"
"1788655090-685","https://kil.gserp.id/customer-manage","","Hasan Bassrih Putra","+6285111227083","Pelanggan Sample","Annisa Shalihah","","685","0.00","1","0"
"1788655090-686","https://kil.gserp.id/customer-manage","","DILLA","+6282133078575","Pelanggan Sample","Diaz Muhammad Irsyadi","","686","0.00","0","0"
"1788655090-687","https://kil.gserp.id/customer-manage","","Thania Shinta Pristiani","085792704379","Pelanggan Sample","Diaz Muhammad Irsyadi","Kab. Jember","687","5,000,000.00","2","2"
"1788655090-688","https://kil.gserp.id/customer-manage","","Evi Suriani","082388388851","Pelanggan Sample","Fadilah Syahab","Kab. Serdang Bedagai","688","42,000,000.00","1","2"
"1788655090-689","https://kil.gserp.id/customer-manage","","vita","0816568790","Pelanggan Sample","Jessica Dwipuspita","","689","0.00","1","0"
"1788655090-690","https://kil.gserp.id/customer-manage","","Angel","081242376103","Pelanggan Produk","Irma Safarina","Kota Makassar","690","62,304,000.00","2","5"
"1788655090-691","https://kil.gserp.id/customer-manage","","Hans","081269151678","Pelanggan Sample","Diaz Muhammad Irsyadi","Kota Medan","691","0.00","1","0"
"1788655090-692","https://kil.gserp.id/customer-manage","","Adam","+6282152559343","Pelanggan Sample","Annisa Shalihah","Kota Malang","692","0.00","4","0"
"1788655090-693","https://kil.gserp.id/customer-manage","","Ahmad Dumami","+6281384102632","Pelanggan Sample","Annisa Shalihah","","693","0.00","3","0"
"1788655090-694","https://kil.gserp.id/customer-manage","","Andrea Paramitha","+6282112559007","Pelanggan Sample","Annisa Shalihah","","694","0.00","1","0"
"1788655090-695","https://kil.gserp.id/customer-manage","","Suratno Marmoyo","+6281295034329","Pelanggan Sample","Annisa Shalihah","","695","5,000,000.00","4","2"
"1788655090-696","https://kil.gserp.id/customer-manage","","Yelfi Magdalena","+6287715645078","Pelanggan Sample","Annisa Shalihah","","696","0.00","3","0"
"1788655090-697","https://kil.gserp.id/customer-manage","","Rindi","085235356299","Pelanggan Sample","Jessica Dwipuspita","Kota Surabaya","697","0.00","1","0"
"1788655090-698","https://kil.gserp.id/customer-manage","","Dwi Wahyu","+6283136363730","Pelanggan Sample","Jessica Dwipuspita","","698","0.00","1","0"
"1788655090-699","https://kil.gserp.id/customer-manage","","Ulva Riani","+6287851107799","Pelanggan Sample","Diaz Muhammad Irsyadi","Kota Surabaya","699","0.00","3","0"
"1788655090-700","https://kil.gserp.id/customer-manage","","Untari","+62 895-4244-59029","Pelanggan Sample","Irma Safarina","Kota Semarang","700","0.00","1","0"
"1788655090-701","https://kil.gserp.id/customer-manage","","Ida Bagus","+62895351006489","Pelanggan Sample","Diaz Muhammad Irsyadi","Kota Surabaya","701","0.00","6","0"
"1788655090-702","https://kil.gserp.id/customer-manage","","Dewi","+62 822-9942-0701","Pelanggan Sample","Diaz Muhammad Irsyadi","Kota Surabaya","702","0.00","2","0"
"1788655090-703","https://kil.gserp.id/customer-manage","","Denny","+62 882-0166-19149","Pelanggan Sample","Diaz Muhammad Irsyadi","Kota Surabaya","703","0.00","2","0"
"1788655090-704","https://kil.gserp.id/customer-manage","","DIan Aprilyani","+6287784947445","Pelanggan Sample","Annisa Shalihah","","704","0.00","1","0"
"1788655090-705","https://kil.gserp.id/customer-manage","","fionna","+6281249929694","Pelanggan Sample","Jessica Dwipuspita","","705","0.00","6","0"
"1788655090-706","https://kil.gserp.id/customer-manage","","Winih Mujiati","+886981503263","Pelanggan Sample","Irma Safarina","Kota Jakarta Pusat","706","0.00","3","0"
"1788655090-707","https://kil.gserp.id/customer-manage","","Neo Elief","+6281234459393","Pelanggan Sample","Annisa Shalihah","Kab. Sidoarjo","707","41,050,000.00","4","4"
"1788655090-708","https://kil.gserp.id/customer-manage","","Musa","+62 852-9299-1689","Pelanggan Sample","Irma Safarina","Kota Surakarta","708","0.00","4","0"
"1788655090-709","https://kil.gserp.id/customer-manage","","Yusril Ihza","+62 857-0738-8190","Pelanggan Sample","Diaz Muhammad Irsyadi","Kota Surabaya","709","0.00","0","0"
"1788655090-710","https://kil.gserp.id/customer-manage","","Yusril","+62 857-0738-8190","Pelanggan Sample","Annisa Shalihah","Kab. Sidoarjo","710","9,100,000.00","1","3"
"1788655090-711","https://kil.gserp.id/customer-manage","","Devina Rizky Laurentia","+6285795778138","Pelanggan Sample","Jessica Dwipuspita","","711","16,742,700.00","2","2"
"1788655090-712","https://kil.gserp.id/customer-manage","","Arum ika nur fitri","+6281133353131","Pelanggan Sample","Annisa Shalihah","Kota Surabaya","712","0.00","7","0"
"1788655090-713","https://kil.gserp.id/customer-manage","","Indria Aksiomaningtiwi","+6285258000882","Pelanggan Sample","Diaz Muhammad Irsyadi","Kota Surabaya","713","2,500,000.00","2","1"
"1788655090-714","https://kil.gserp.id/customer-manage","","Indra (Shecret)","081357971354","Pelanggan Sample","Annisa Shalihah","","714","0.00","3","0"
"1788655090-715","https://kil.gserp.id/customer-manage","","Selvina","082312233150","Pelanggan Sample","Annisa Shalihah","","715","2,500,000.00","1","1"
"1788655090-716","https://kil.gserp.id/customer-manage","","Saiful","+6282342078711","Pelanggan Sample","Irma Safarina","Kab. Sidoarjo","716","0.00","1","0"
"1788655090-717","https://kil.gserp.id/customer-manage","","Opi","+6289509570285","Pelanggan Sample","Annisa Shalihah","","717","0.00","3","0"
"1788655090-718","https://kil.gserp.id/customer-manage","","Sarah Oktya Sephiandini","+6281220409031","Pelanggan Sample","Annisa Shalihah","","718","35,500,000.00","1","1"
"1788655090-719","https://kil.gserp.id/customer-manage","","Sarah Natasha","081293969836","Pelanggan Sample","Diaz Muhammad Irsyadi","Kota Surabaya","719","0.00","1","0"
"1788655090-720","https://kil.gserp.id/customer-manage","","Aprita M W","+628113590403","Pelanggan Sample","Annisa Shalihah","","720","0.00","3","0"
"1788655090-721","https://kil.gserp.id/customer-manage","","Orieza Sativa N","+6285641401992","Pelanggan Sample","Annisa Shalihah","","721","76,350,000.00","1","3"
"1788655090-722","https://kil.gserp.id/customer-manage","","Dian Mardiyana","+62 822-6659-9983","Pelanggan Sample","Jessica Dwipuspita","","722","202,297,200.00","5","6"
"1788655090-723","https://kil.gserp.id/customer-manage","","dr.Agnes Nauli, M.ked(DV), Sp.DVE","+6287725734657","Pelanggan Sample","Annisa Shalihah","Kab. Malinau","723","0.00","1","0"
"1788655090-724","https://kil.gserp.id/customer-manage","","Dokter Fitri Firdausiya","+62 856-4636-7000","Pelanggan Sample","Jessica Dwipuspita","","724","0.00","1","0"
"1788655090-725","https://kil.gserp.id/customer-manage","","Lucky","+62 822-5883-4263","Pelanggan Sample","Annisa Shalihah","Kota Surabaya","725","0.00","1","0"
"1788655090-726","https://kil.gserp.id/customer-manage","","Agung","+62 878-0878-7450","Pelanggan Sample","Irma Safarina","Kota Denpasar","726","0.00","1","0"
"1788655090-727","https://kil.gserp.id/customer-manage","","Eric W","+6287893782030","Pelanggan Sample","Annisa Shalihah","","727","0.00","3","0"
"1788655090-728","https://kil.gserp.id/customer-manage","","Crestin Rampi","+62895396293307","Pelanggan Sample","Annisa Shalihah","","728","0.00","2","0"
"1788655090-729","https://kil.gserp.id/customer-manage","","Afi (Pillion)","+6281977271142","Pelanggan Sample","Annisa Shalihah","","729","0.00","2","0"
"1788655090-730","https://kil.gserp.id/customer-manage","","Jordy Ensing / Ghea Dyane Dewi","+6287723663032","Pelanggan Sample","Annisa Shalihah","","730","48,200,000.00","4","2"
"1788655090-731","https://kil.gserp.id/customer-manage","","Dian Mardiyana","+62 822-6659-9983","Pelanggan Sample","Diaz Muhammad Irsyadi","","731","0.00","0","0"
"1788655090-732","https://kil.gserp.id/customer-manage","","Dio","+6282234500272","Pelanggan Sample","Diaz Muhammad Irsyadi","Kota Surabaya","732","2,500,000.00","1","1"
"1788655090-733","https://kil.gserp.id/customer-manage","","Mirna","+6282395180042","Pelanggan Sample","Diaz Muhammad Irsyadi","Kota Surabaya","733","0.00","1","0"
"1788655090-734","https://kil.gserp.id/customer-manage","","Nurina","+6281260006954","Pelanggan Sample","Irma Safarina","Kota Sukabumi","734","0.00","1","0"
"1788655090-735","https://kil.gserp.id/customer-manage","","M. Setyo Kurniawan","+6285748470142","Pelanggan Sample","Irma Safarina","Kab. Situbondo","735","0.00","1","0"
"1788655090-736","https://kil.gserp.id/customer-manage","","Zelvy","+6285656291853","Pelanggan Sample","Diaz Muhammad Irsyadi","Kota Surabaya","736","0.00","1","0"
"1788655090-737","https://kil.gserp.id/customer-manage","","ghozali akbar","+6285888634750","Pelanggan Sample","Annisa Shalihah","","737","0.00","1","0"
"1788655090-738","https://kil.gserp.id/customer-manage","","Rizka sukmafadila","081230066663","Pelanggan Sample","Diaz Muhammad Irsyadi","","738","0.00","1","0"
"1788655090-739","https://kil.gserp.id/customer-manage","","Rayyansyah","+6285834007354","Pelanggan Sample","Annisa Shalihah","","739","0.00","1","0"
"1788655090-740","https://kil.gserp.id/customer-manage","","Kiki / Ranja","+6281293701234","Pelanggan Sample","Annisa Shalihah","Kota Jakarta Pusat","740","0.00","1","0"
"1788655090-741","https://kil.gserp.id/customer-manage","","Putri Fidya - PT HALO CIPTA","+6282135949297","Pelanggan Sample","Annisa Shalihah","","741","0.00","8","0"
"1788655090-742","https://kil.gserp.id/customer-manage","","Herman D","+628116802827","Pelanggan Sample","Annisa Shalihah","","742","0.00","0","0"
"1788655090-743","https://kil.gserp.id/customer-manage","","Arief Erlambang","+6281234677712","Pelanggan Sample","Annisa Shalihah","","743","2,500,000.00","3","1"
"1788655090-744","https://kil.gserp.id/customer-manage","","Susanti Theodore","+628121031864","Pelanggan Sample","Jessica Dwipuspita","","744","0.00","1","0"
"1788655090-745","https://kil.gserp.id/customer-manage","","Musa","085292991689","Pelanggan Sample","Irma Safarina","Kota Jakarta Pusat","745","0.00","1","0"
"1788655090-746","https://kil.gserp.id/customer-manage","","hendra wijaya","+6281388143148","Pelanggan Sample","Annisa Shalihah","","746","0.00","2","0"
"1788655090-747","https://kil.gserp.id/customer-manage","","Ray Suludani","+6289505401680","Pelanggan Sample","Annisa Shalihah","","747","0.00","1","0"
"1788655090-748","https://kil.gserp.id/customer-manage","","Tosya Sugianto","+628569027464","Pelanggan Sample","Annisa Shalihah","","748","0.00","1","0"
"1788655090-749","https://kil.gserp.id/customer-manage","","M. Salim","+6281999636444","Pelanggan Sample","Diaz Muhammad Irsyadi","Kota Surabaya","749","0.00","6","0"
"1788655090-750","https://kil.gserp.id/customer-manage","","Kusuma Dewi","+6285232037334","Pelanggan Sample","Annisa Shalihah","","750","0.00","1","0"
"1788655090-751","https://kil.gserp.id/customer-manage","","Fatimah Afifah","+6281233502350","Pelanggan Sample","Achmad Bagir","Kab. Pasuruan","751","0.00","1","0"
"1788655090-752","https://kil.gserp.id/customer-manage","","Via","+6282249710606","Pelanggan Sample","Irma Safarina","Kota Bekasi","752","0.00","1","0"
"1788655090-753","https://kil.gserp.id/customer-manage","","Yanti","+6285607735992","Pelanggan Sample","Diaz Muhammad Irsyadi","Kota Surabaya","753","0.00","2","0"
"1788655090-754","https://kil.gserp.id/customer-manage","","Zein Achmad","+62818588779","Pelanggan Sample","Diaz Muhammad Irsyadi","Kota Surabaya","754","0.00","7","1"
"1788655090-755","https://kil.gserp.id/customer-manage","","Bagas Saputra","+6281216904845","Pelanggan Sample","Annisa Shalihah","","755","0.00","1","0"
"1788655090-756","https://kil.gserp.id/customer-manage","","Acil","085655005456","Calon Pelanggan","Jessica Dwipuspita","Kota Surabaya","756","0.00","2","0"
"1788655090-757","https://kil.gserp.id/customer-manage","","Dimas Alrasyid","+62 898-8391-554","Pelanggan Sample","Diaz Muhammad Irsyadi","Kota Surabaya","757","0.00","1","0"
"1788655090-758","https://kil.gserp.id/customer-manage","","Semadi","+628113857066","Pelanggan Sample","Annisa Shalihah","","758","0.00","1","0"
"1788655090-759","https://kil.gserp.id/customer-manage","","Azzahra Kafalaksmi","+6281287528902","Pelanggan Sample","Annisa Shalihah","","759","0.00","1","0"
"1788655090-760","https://kil.gserp.id/customer-manage","","Imelda Fungki","+6285314563848","Pelanggan Sample","Irma Safarina","Kab. Majalengka","760","0.00","1","0"
"1788655090-761","https://kil.gserp.id/customer-manage","","Debby Ardi C","+923238791129","Pelanggan Sample","Annisa Shalihah","","761","0.00","3","0"
"1788655090-762","https://kil.gserp.id/customer-manage","","Intan Jaya Group","+6285259903110","Pelanggan Sample","Annisa Shalihah","","762","2,500,000.00","1","1"
"1788655090-763","https://kil.gserp.id/customer-manage","","Sabda","+62 851-7998-9053","Pelanggan Sample","Jessica Dwipuspita","","763","0.00","1","0"
"1788655090-764","https://kil.gserp.id/customer-manage","","Risma Pujayani","+6287763711647","Pelanggan Sample","Jessica Dwipuspita","","764","51,000,000.00","1","3"
"1788655090-765","https://kil.gserp.id/customer-manage","","Widya Mayeri","085241138888","Pelanggan Sample","Jessica Dwipuspita","","765","0.00","1","0"
"1788655090-766","https://kil.gserp.id/customer-manage","","Jason","+6281284926590","Pelanggan Sample","Jessica Dwipuspita","","766","0.00","2","0"
"1788655090-767","https://kil.gserp.id/customer-manage","","Dokter Mia","+62 822-8030-3030","Pelanggan Sample","Jessica Dwipuspita","","767","0.00","1","0"
"1788655090-768","https://kil.gserp.id/customer-manage","","Desyani Sarodjie","+6281253355568","Pelanggan Sample","Jessica Dwipuspita","Kota Tangerang","768","0.00","3","0"
"1788655090-769","https://kil.gserp.id/customer-manage","","Benny gunawan","+6282227716737","Pelanggan Produk","Jessica Dwipuspita","Kota Medan","769","31,500,000.00","2","3"
"1788655090-770","https://kil.gserp.id/customer-manage","","Diana","+6281310449065","Pelanggan Sample","Jessica Dwipuspita","","770","0.00","2","0"
"1788655090-771","https://kil.gserp.id/customer-manage","","Ari Nugroho","081939777007","Pelanggan Sample","Jessica Dwipuspita","","771","0.00","1","0"
"1788655090-772","https://kil.gserp.id/customer-manage","","Efriana","087855561576","Pelanggan Sample","Jessica Dwipuspita","","772","0.00","1","0"
"1788655090-773","https://kil.gserp.id/customer-manage","","Febiola Dani","081341030384","Pelanggan Sample","Achmad Bagir","Kab. Banggai","773","0.00","1","0"
"1788655090-774","https://kil.gserp.id/customer-manage","","I Gusti Komang Windu Saputra","081237337324","Pelanggan Sample","Irma Safarina","","774","0.00","1","0"
"1788655090-775","https://kil.gserp.id/customer-manage","","Moch Ikrima","089664807500","Pelanggan Sample","Diaz Muhammad Irsyadi","","775","0.00","1","0"
"1788655090-776","https://kil.gserp.id/customer-manage","","Moch Ikrima","089664807500","Pelanggan Sample","Diaz Muhammad Irsyadi","","776","0.00","0","0"
"1788655090-777","https://kil.gserp.id/customer-manage","","Rizaldo","089664807500","Pelanggan Sample","Diaz Muhammad Irsyadi","","777","0.00","1","0"
"1788655090-778","https://kil.gserp.id/customer-manage","","Moch Ikrima","089664807500","Pelanggan Sample","Diaz Muhammad Irsyadi","","778","0.00","0","0"
"1788655090-779","https://kil.gserp.id/customer-manage","","Arfan","08529951111","Pelanggan Sample","Irma Safarina","","779","0.00","1","0"
"1788655090-780","https://kil.gserp.id/customer-manage","","PT Hasil Alam Maheswara","+6281317006150","Pelanggan Sample","Annisa Shalihah","","780","0.00","1","0"
"1788655090-781","https://kil.gserp.id/customer-manage","","Lucky (LELU BRAND)","+6282258834263","Pelanggan Sample","Annisa Shalihah","Kota Bandung","781","0.00","2","0"
"1788655090-782","https://kil.gserp.id/customer-manage","","Masheru 130826","081299452707","Pelanggan Sample","Diaz Muhammad Irsyadi","","782","0.00","3","0"
"1788655090-783","https://kil.gserp.id/customer-manage","","windi septiana","081329637474","Pelanggan Sample","Diaz Muhammad Irsyadi","","783","3,500,000.00","4","1"
"1788655090-784","https://kil.gserp.id/customer-manage","","Lala Parfum 150826","081295427767","Pelanggan Sample","Diaz Muhammad Irsyadi","Kota Jakarta Pusat","784","0.00","3","0"
"1788655090-785","https://kil.gserp.id/customer-manage","","Sufe","081399248491","Pelanggan Sample","Achmad Bagir","Kota Tangerang","785","0.00","1","0"
"1788655090-786","https://kil.gserp.id/customer-manage","","redywijaya","+628113389928","Pelanggan Sample","Jessica Dwipuspita","Kab. Tangerang","786","0.00","0","0"
"1788655090-787","https://kil.gserp.id/customer-manage","","Aman Soleh Hasibuan (17/8/26)","+6285359999991","Pelanggan Sample","Jessica Dwipuspita","Kota Medan","787","0.00","2","0"
"1788655090-788","https://kil.gserp.id/customer-manage","","Aman Soleh Hasibuan","+6285359999991","Pelanggan Sample","Jessica Dwipuspita","Kota Medan","788","3,500,000.00","8","1"
"1788655090-789","https://kil.gserp.id/customer-manage","","yuri karmila","08127142000","Pelanggan Sample","Diaz Muhammad Irsyadi","Kota Palembang","789","0.00","7","0"
"1788655090-790","https://kil.gserp.id/customer-manage","","Celine","+628111204662","Pelanggan Sample","Annisa Shalihah","","790","0.00","0","0"
"1788655090-791","https://kil.gserp.id/customer-manage","","Agusma","+628563979331","Pelanggan Sample","Annisa Shalihah","","791","0.00","2","0"
"1788655090-792","https://kil.gserp.id/customer-manage","","Redy Wijaya","+628113389928","Pelanggan Sample","Jessica Dwipuspita","Kota Tangerang","792","3,500,000.00","4","1"
"1788655090-793","https://kil.gserp.id/customer-manage","","Cindy","082160945358","Pelanggan Sample","Diaz Muhammad Irsyadi","Kab. Langkat","793","3,500,000.00","6","1"
"1788655090-794","https://kil.gserp.id/customer-manage","","edo bhaskara Chandra","0818575733","Pelanggan Sample","Diaz Muhammad Irsyadi","","794","0.00","1","0"
"1788655090-795","https://kil.gserp.id/customer-manage","","vicia belladona carolina harahap","081230919963","Pelanggan Sample","Diaz Muhammad Irsyadi","Kota Surabaya","795","0.00","1","0"
"1788655090-796","https://kil.gserp.id/customer-manage","","ELMEDIKA (Benedict rafael )","081119292288","Pelanggan Sample","Diaz Muhammad Irsyadi","","796","0.00","4","0"
"1788655090-797","https://kil.gserp.id/customer-manage","","Nurul Islamirisya","+6281808544417","Pelanggan Sample","Jessica Dwipuspita","Kab. Sidoarjo","797","0.00","1","0"
"1788655090-798","https://kil.gserp.id/customer-manage","","Denny","+6281382423097","Pelanggan Sample","Jessica Dwipuspita","Kota Jakarta Utara","798","0.00","1","0"
"1788655090-799","https://kil.gserp.id/customer-manage","","Berlin / Farrel","+628112101968","Pelanggan Sample","Jessica Dwipuspita","Kab. Bandung","799","0.00","3","0"
"1788655090-800","https://kil.gserp.id/customer-manage","","Sesilia Selvina (26/8/26)","085292436589","Pelanggan Sample","Jessica Dwipuspita","Kab. Sikka","800","0.00","0","0"
"1788655090-801","https://kil.gserp.id/customer-manage","","Sesilia Selvina","085292436589","Pelanggan Sample","Jessica Dwipuspita","Kab. Sikka","801","0.00","1","0"
"1788655090-802","https://kil.gserp.id/customer-manage","","Choulah","085335679084","Pelanggan Sample","Achmad Bagir","Kab. Jombang","802","0.00","1","0"
"1788655090-803","https://kil.gserp.id/customer-manage","","Sito","+6282123618115","Pelanggan Sample","Jessica Dwipuspita","","803","0.00","1","0"
"1788655090-804","https://kil.gserp.id/customer-manage","","Wisnu Bentang Prima","+6289606715503","Pelanggan Sample","Jessica Dwipuspita","","804","0.00","1","0"
"1788655090-805","https://kil.gserp.id/customer-manage","","Randy Fadly","081210470123","Pelanggan Sample","Jessica Dwipuspita","Kota Jakarta Timur","805","0.00","3","0"
"1788655090-806","https://kil.gserp.id/customer-manage","","Fitri Nur M","083830936681","Pelanggan Sample","Annisa Shalihah","Kab. Sidoarjo","806","0.00","1","0"
"1788655090-807","https://kil.gserp.id/customer-manage","","dr amelia 230826","0821-7825-783","Pelanggan Sample","Diaz Muhammad Irsyadi","","807","0.00","0","0"
"1788655090-808","https://kil.gserp.id/customer-manage","","Amel 260826","+62 896-6949-4949","Pelanggan Sample","Diaz Muhammad Irsyadi","","808","0.00","5","0"
"1788655090-809","https://kil.gserp.id/customer-manage","","Amel Tangerang","+62 896-6949-4949","Pelanggan Sample","Diaz Muhammad Irsyadi","Kota Tangerang","809","0.00","5","0"
"1788655090-810","https://kil.gserp.id/customer-manage","","Virda Dimas","+62811816097","Pelanggan Sample","Annisa Shalihah","","810","0.00","4","0"
"1788655090-811","https://kil.gserp.id/customer-manage","","Arya (Vestige Prestigio)","+6281573533604","Pelanggan Sample","Jessica Dwipuspita","Kab. Bandung","811","0.00","1","0"
"1788655090-812","https://kil.gserp.id/customer-manage","","Haris P","+6282132941847","Pelanggan Sample","Annisa Shalihah","","812","0.00","1","0"
"1788655090-813","https://kil.gserp.id/customer-manage","","Citra S","+628111700144","Pelanggan Sample","Annisa Shalihah","","813","0.00","1","0"
"1788655090-814","https://kil.gserp.id/customer-manage","","Intan","+6282225257713","Pelanggan Sample","Annisa Shalihah","","814","0.00","1","0"
"1788655090-815","https://kil.gserp.id/customer-manage","","Ingfi PT SHIRUDO LAB","+628112504778","Calon Pelanggan","Annisa Shalihah","","815","0.00","1","0"
"1788655090-816","https://kil.gserp.id/customer-manage","","Gwyneth Gabrinuel Fiscienthar Tobong","085245762808","Pelanggan Sample","Jessica Dwipuspita","Kab. Bandung","816","0.00","0","0"
