"Area","Menu","Page","URL","Type","Cards","Table Columns","Inputs","View / Detail","Actions","Notes"
"Dasbor BusDev","D. Buku Tamu","D. Buku Tamu","/dashboard-guest-book","Dashboard","TOTAL LEADS 0 Total Keseluruhan; FOLLOW UP AKTIVITAS 102 Task Selesai (0%); JUMLAH MEETING 1 Offline & Online (Periode Ini); CONVERSION RATE 0.00% Lead to Deal (Close Ratio)","#, Tanggal & Waktu, Nama Klien, Meeting & PIC, Kontak, Kota, Produk Diminati, MOQ, Target Market, Kategori, Status, Aksi","Search","Modal Detail via AJAX (ajaxDetail('4289','modal-lg');)","Pending, Lihat Detail",""""""
"Dasbor Departemen","D. BusDev","D. BusDev","/dashboard-business-development","Dashboard","BD Revenue, Total Leads, Conversion Rate, AR Aging Client Summary (Widget BusDev), Card History Tetap Muncul (Bebas Filter Bulan)","BD NAME, LEADS, FOLLOW UP, CR SAMPLE, CR DEAL, CLS SAMPLE, CLS NEW CLIENT, CLS RO, ACTUAL REVENUE, STATUS | BRAND / BD, LOST VALUE | NO, BRAND & PRODUK, PELANGGAN, PIC BD, EST. VALUE, TGL SAMPLE, STATUS SAMPLE, STATUS NEGO, SALES CODE, ACTUAL VALUE","Search, users_id","—","PERLU OPTIMASI",""""" | Poin 17 & 76: Widget AR Aging terintegrasi di BusDev. Data history / card tetap muncul meskipun user berpindah filter bulan"
"Dasbor BusDev","D. Client Produksi","D. Client Produksi","/dashboard-client-production","Dashboard","14.4% SAMPLE → DEAL (344/2394) CONVERSION RATE; 72 HARI SAMPLE → SALES AVG. CLOSING TIME; Rp 28,349,206 RATA-RATA PER SALES AVG. DEAL VALUE; 66 projek","#, Pelanggan, Brand/Produk, Sales Order, BusDev, Mulai, Berakhir, Deadline, Progress, Status Projek, Desain Logo Semua Pending Process Done, HKI Semua Pending Process Done, BPOM Merk Semua Pending Process Done, BPOM NA Semua Pending Process Done, MOU Semua Pending Process Done, Desain Kemasan Semua Pending Process Done, Approval Desain Semua Pending Process Done, Bahan Baku Semua Pending Process Done, Pelunasan Semua Pending Process Done, Mixing Semua Pending Process Done, Bahan Kemas Semua Pending Process Done, Filling Semua Pending Process Done, Label Semua Pending Process Done, Box Semua Pending Process Done, Packing Semua Pending Process Done, Delivery Semua Pending Process Done, #","Filter BusDev:","Modal Detail via AJAX (ajaxDetailSales('436', 'modal-lg'))","SO-202609-000002, Delivery, Pending, Lihat, Lihat Timeline",""""""
"Dasbor BusDev","D. Client RO","D. Client RO","/dashboard-client-repeat-order","Dashboard","20 projek","#, Pelanggan, Brand/Produk, Sales Order, BusDev, Mulai, Berakhir, Deadline, Progress, Status Projek, Desain Logo Semua Pending Process Done, HKI Semua Pending Process Done, BPOM Merk Semua Pending Process Done, BPOM NA Semua Pending Process Done, MOU Semua Pending Process Done, Desain Kemasan Semua Pending Process Done, Approval Desain Semua Pending Process Done, Bahan Baku Semua Pending Process Done, Pelunasan Semua Pending Process Done, Mixing Semua Pending Process Done, Bahan Kemas Semua Pending Process Done, Filling Semua Pending Process Done, Label Semua Pending Process Done, Box Semua Pending Process Done, Packing Semua Pending Process Done, Delivery Semua Pending Process Done, #","Search, users_id","Modal Detail via AJAX (ajaxDetailSales('438', 'modal-lg'))","SO-202609-000004, Box, Pending, Done, Lihat, Lihat Timeline",""""""
"Dasbor BusDev","D. Client Sample","D. Client Sample","/dashboard-client-sample","Dashboard","322 Sedang di R&D Sample Dalam Proses; Rp 130,000,000 Pipeline Aktif Rencana Omset; 474 App. Rate: 19.80% Sample Approved; 0.04% Sample → Deal Deal Rate; Rp 0 Dari Deal Pilot Total Omset; Total Tampil: 1915 Proyek","No, Pelanggan / NPF, Info Leads, Catatan Progress, Rencana Deal, Pelacakan Sampel (Status & Revisi), Pelacakan HKI, Suggest, Negosiasi Deal, Status Akhir, Total Omset, MOQ, Rencana Omset, Rev 1, Rev 2, Rev 3, Extra, Progress HKI, Revisi Logo, Kemasan, Desain, Nilai","Filter BusDev:","—","NOT STARTED, APPROVED",""""""
"Dasbor Departemen","D. Digital Marketing","D. Digital Marketing","/dashboard-digital-marketing","Dashboard","Rp 14.500.000 Total Ads Spend (Bulan Ini); 850.000 Total Impressions; 3.5 % Rata-rata CTR; 320 Total Leads Diperoleh","Campaign, Platform, Leads, Spend","Search","—","—",""""""
"Dasbor Eksekutif","D. Eksekutif","D. Eksekutif","/dashboard-executive","Dashboard","Rp177.425.000 Omzet Penjualan (Bulan Ini) Detail Penjualan; Rp61.070.160 Total Pembelian (Bulan Ini) Detail Pembelian; 1 Klien Aktif (30 Hari Terakhir) Laporan BusDev; 0 Jadwal Produksi Selesai (Bulan Ini) Detail Produksi; Peringatan Stok Menipis 394 Jenis Barang; Tugas Karyawan Pending 1 Tugas","—","Search","—","—",""""""
"Dasbor Departemen","D. Gudang","D. Gudang","/dashboard-warehouse","Dashboard","6,116 Total Jenis Barang; 3.561.786 Total Kuantitas Stok; 394 Barang Low Stock; 319 Mutasi Bulan Ini","Kode, Nama Barang, Stok Saat Ini, Min Stok | Tanggal, No Mutasi, Tipe, Barang, Kuantitas","Search","—","—",""""""
"Dasbor Departemen","D. HR","D. HR","/dashboard-human-resources","Dashboard","—","—","—","—","—",""""""
"Dasbor","D. Jadwal Produksi","D. Jadwal Produksi","/dashboard-production-schedule","Dashboard","—","Sun Mon Tue Wed Thu Fri Sat, Sun, Mon, Tue, Wed, Thu, Fri, Sat | Sun, Mon, Tue, Wed, Thu, Fri, Sat","Search","—","Previous month, Next month, month, week, day, 30, 31, 1, [JS The Perfection of My Aura] DEAL - DAY CREAM (I CARE B) (Mixing), [JS The Perfection of My Aura] DEAL - FACE SERUM (I CARE B - ACNE) (Mixing), [JS The Perfection of My Aura] DEAL - FACE TONER - REVISI WARNA (SIRIN) (Mixing), [JS The Perfection of My Aura] DEAL - FACE WASH (FORMULA AUREA) (Mixing), 2, 3, [CONSCENTRA] Extrait De Parfum Etheris (Mixing), [CONSCENTRA] Extrait De Parfum Nyara (Mixing), 4, [CONSCENTRA] Extrait De Parfum Noctivus (Mixing), 5, 6, 7, [SIGVIOLET] DEAL - SHAMPOO SIGVIOLET (Mixing), 8, 9, 10, 11, 12, 13, 14, 15, 16, 17, 18, 19, 20, 21, 22, 23, 24, 25, 26, 27, 28, 29",""""""
"Dasbor Departemen","D. Keuangan","Finance Overview (Dashboard)","/dashboard-finance","Dashboard","Cash Balance, AR Outstanding, Overdue AR, AP Outstanding, AP Due This Week, Net Cash Forecast 30D","Tabel Top Overdue Invoices, Tabel Pending Approvals Ringkas","Date Range Picker Custom*, Toggle Entity","Chart Cash Position & Forecast 30 hari ke depan, Chart Side-by-Side AR Aging vs AP Aging, Widget MTD vs YTD Revenue/Gross/Net Profit, Budget vs Actual Top 5 Variance, Closing Progress Bar, Exception Alerts Widget","Filter Periode, Refresh Data, Export Snapshot PDF","Read-only agregasi dari seluruh subledger; tanpa input manual"
"Dasbor Departemen","D. Legalitas","D. Legalitas","/dashboard-legality","Dashboard","45 Dokumen Aktif; 3 Akan Kadaluarsa (< 30 Hari); 1 Telah Kadaluarsa; 12 Total Perizinan Usaha","Nomor Dokumen, Nama Dokumen, Kategori, Tanggal Berlaku, Status","Search","—","—",""""""
"Dasbor BusDev","D. Lost","D. Lost","/dashboard-client-lost","Dashboard","144 item; 119 klien","NO, BRAND & PRODUK, PELANGGAN, PIC BD, EST. VALUE DEAL, TGL SAMPLE, STATUS SAMPLE, STATUS LOST | NO, NAMA PELANGGAN, LIFETIME VALUE, TOTAL TRANSAKSI, TGL TERAKHIR ORDER, JEDA TIDAK ORDER, STATUS","Search, users_id","—","Canceled, NOT STARTED",""""""
"Dasbor Eksekutif","D. Notifikasi","D. Notifikasi","/dashboard-notification","Dashboard","394 Item Stok Menipis Lihat Detail; 0 Produksi Terlambat (>7 Hari) Lihat Detail; 1817 Sample Tertunda (>14 Hari) Lihat Detail; 20 Follow-Up Terlewat Lihat Detail","—","Search","—","—",""""""
"Dasbor","D. Pelanggan","D. Pelanggan","/dashboard-customer","Dashboard","829 Total Pelanggan; 10 Pelanggan Baru; 1 Pelanggan Aktif; 0 Follow Up Pending; 0 Follow Up Bulan Ini; Rp 12,656,284,761 Total Penjualan; Rp 249,316,390 Total Sales Sample; 10 Pelanggan Tidak Aktif","#, Pelanggan, Jumlah Sales, Total Revenue | #, Pelanggan, Jumlah Sample, Total Nilai | #, Pelanggan, Telepon, Follow Up Terakhir | Tanggal, Pelanggan, Tipe, Status | Kode, Pelanggan, Nilai, Status","Search","—","Lihat Semua 50 Data",""""""
"Dasbor","D. Penjualan Barang","D. Penjualan Barang","/dashboard-sales-product","Dashboard","5 Total Bulan Ini; 0 Pending; 0 Disetujui; 252 Dalam Proses; 0 Selesai Bulan Ini; Rp 177,425,000 Nilai Bulan Ini; Rp 12,656,284,761 Total Semua Waktu; Rp 35,485,000 Rata-rata per Penjualan","#, Pelanggan, Jumlah, Total Nilai | Kode, Pelanggan, Status, Nilai","Search","—","—",""""""
"Dasbor","D. Penjualan Sample","D. Penjualan Sample","/dashboard-sales-sample","Dashboard","39 Total Bulan Ini; 0 Pending; 1,854 Dalam Proses; 61 Revisi; 0 Selesai Bulan Ini; Rp 12,180,000 Nilai Bulan Ini; Rp 249,316,390 Total Semua Waktu; Rp 312,308 Rata-rata per Sample","#, Pelanggan, Jumlah, Total Nilai | Kode, Pelanggan, Status, Nilai","Search","—","—",""""""
"Dasbor Departemen","D. Produksi","D. Produksi","/dashboard-production","Dashboard","0 Jadwal Mixing (Proses); 0 Jadwal Filling (Proses); 0 Jadwal Packaging (Proses); 0 Produksi Selesai (Bulan Ini)","Tanggal, No Realisasi, Kode Jadwal, Status","Search","—","—",""""""
"Dasbor Departemen","D. Purchasing","D. Purchasing","/dashboard-purchasing","Dashboard","176 Total Supplier Aktif; Rp61.070.160 Nilai PO Bulan Ini; 0 PR Pending; 681 PO Selesai","Supplier, Jml PO, Total Nilai (Rp) | Tanggal, No PO, Supplier, Nilai (Rp), Status","Search","—","—",""""""
"Dasbor","D. Realisasi Produksi","D. Realisasi Produksi","/dashboard-production-realization","Dashboard","—","Sun Mon Tue Wed Thu Fri Sat, Sun, Mon, Tue, Wed, Thu, Fri, Sat | Sun, Mon, Tue, Wed, Thu, Fri, Sat","Search","—","Previous month, Next month, month, week, day, 30, 31, [GHIMAROW] LUXURIOUS WHITENING BOOSTER, 250 ML (Filling), [IMOZU] Body Lotion Tone Up (Filling), [MILMICHA] Moisturizer Gel ( MILMICHA GLOW ) (Mixing), PRIORITAS EAU DE PARFUM IMOZU PINK CHIFFON (Mixing), 1, 2, 3, [JS The Perfection of My Aura] DEAL - DAY CREAM (I CARE B) (Mixing), [JS The Perfection of My Aura] DEAL - FACE WASH (FORMULA AUREA) (Mixing), 4, 5, 6, 7, 8, 9, 10, 11, 12, 13, 14, 15, 16, 17, 18, 19, 20, 21, 22, 23, 24, 25, 26, 27, 28, 29",""""""
"Dasbor Departemen","D. RnD","D. RnD","/dashboard-rnd","Dashboard","6,116 Total Barang/Formula; 0 Permintaan Sample (Pending); 261 Sample Diproses (Approved); 474 Sample Selesai; Sampel Masuk 14; Disetujui (Done) 0; Approval Rate 0 %","Nama Formulator, Sampel Masuk, Disetujui","Periode: *","—","—",""""""
"Dasbor","D. Sample","D. Sample","/dashboard-sample","Dashboard","—","—","—","—","—",""""""
"Master","Kelola Akuntansi Biaya","Cost Allocation Setup","/cost-allocation-setup","Overhead Allocation Rules","—","Overhead Pool (misal Listrik Pabrik, QC Lab, Maintenance Mesin), Allocation Base (Machine Hours / Volume Produksi / Headcount), Formula, Active, #","Nama Pool*, Akun Biaya*, Dasar Alokasi*, Bobot Alokasi*","Simulasi distribusi pembebanan overhead ke batch mixing dan packaging","+ Buat Allocation Rule, Edit, Run Allocation Test, Simpan","Dikonfigurasi oleh Finance Controller untuk pembebanan overhead pabrik ke Job Order Costing"
"Master","Kelola Aset Tetap","Asset Register","/asset-register","Master List & Asset History","Total Nilai Perolehan Aset, Total Akumulasi Penyusutan, Total Nilai Buku Bersih (Book Value)","Asset Code (Universal Global), Name, Category, Acquisition Date, Acquisition Cost, Accum. Depreciation, Book Value, Riwayat Pembelian (History Upgrade/Repair), Location, Department, #","Filter Kategori Aset, Filter Departemen, Filter Lokasi","[Detail Aset Tetap] Sub-tab Riwayat Pembelian (History): Tanggal, Jenis Upgrade/Repair, Ref Faktur Pembelian, Amount, Keterangan • Skedul Depresiasi","+ Buat Aset, Export Excel, Lihat Detail & Histori, Transfer Lokasi, Dispose Aset","Sub-tab Purchase History mencatat penambahan nilai/kapitalisasi komponen besar, berbeda dari tabel penyusutan rutin | Poin 28-30: Riwayat pembelian pada tiap aset. Kode aset otomatis Universal (DL-FIN-AST-... urut global tanpa reset). Masa manfaat: Inventaris 4th, Motor 4th, Mobil 8th, Bangunan 20th"
"Master","Kelola Aset Tetap","Buat Asset Register","/asset-register/create","Form","—","—","Asset Code (Auto Universal Global Sequence)*, Name*, Category* (Inventaris/Motor/Mobil/Bangunan), Acquisition Date*, Cost*, Masa Manfaat (Default auto: Inventaris 4th, Motor 4th, Mobil 8th, Bangunan 20th), Location, Department","—","Kembali, Simpan","Default useful life auto-fill: Inventaris (4 thn), Motor (4 thn), Mobil (8 thn), Bangunan Permanen (20 thn) | Poin 29-30: Format kode universal global berlanjut. Masa manfaat default terstandarisasi"
"Master","Kelola Aset Tetap","Compliance / Intangible Asset","/compliance-asset","Compliance & Amortization Tracker","Sertifikasi Aktif, Mendekati Kadaluarsa (<90 Hari), Total Beban Amortisasi Bulan Ini","Cert Name, Type (BPOM / Halal / ISO), Product / Brand, Issue Date, Expiry Date, Cost, Amortization Status, Days to Expiry, #","Filter Type, Filter Expiry Status","[Detail Sertifikasi] Masa Berlaku, Dokumen Sertifikat PDF, Skedul Amortisasi Bulanan (Dr Amortization Expense, Cr Accumulated Amortization)","+ Buat Sertifikasi, Lihat, Run Amortization, Perbarui Sertifikasi","Sistem otomatis mengirimkan notifikasi reminder H-90, H-60, dan H-30 sebelum sertifikat kadaluarsa"
"Master","Kelola Barang","Kategori Barang","/goods-category-manage","Master List","—","#, Kode, Kategori, Deskripsi, #","Search, GSTable1_length","Modal Detail via AJAX (ajaxDetail(1, 'modal-lg'))","Buat, Lihat, Sunting, Hapus",""""""
"Master","Kelola Barang","Buat Kategori Barang","/goods-category-manage/create","Form","—","—","Kode * Kode unik kategori, Nama * Nama kategori barang, Deskripsi Keterangan kategori (opsional), Akun Persediaan *, Akun Penjualan *, Akun Retur Penjualan *, Akun Diskon Penjualan *, Persediaan (Perjalanan) *, Akun COGS *, Akun Retur Pembelian *, Akun Barang Belum Faktur *","—","Kembali, Simpan",""""""
"Master","Kelola Barang","Barang","/goods-manage","Master List","—","#, Kode Barang, Nama Barang, Supplier Asal, Wujud Fisik & Kondisi, Real Stok, Harga Beli, Kategori, Sub Kategori, Satuan, Aging Barang (Lama Berada di Gudang), #","Search/Autocomplete Detail, Filter Supplier, Filter Jenis Bahan, Filter Periode","[Detail Barang] • Field: Kode, Nama Barang, Kategori, Sub Kategori, Satuan, Harga Beli, Stok Terendah • Tabel Detail: (#, Jenis Akun, Kode CoA, Nama CoA) • Aksi Modal: Hydro Marine Collagen, Bahan Baku, Active, gr, Akun Persediaan, Akun Penjualan, Akun Retur Penjualan, Akun Diskon Penjualan, Persediaan (Perjalanan), Akun COGS, Akun Retur Pembelian, Akun Barang Belum Faktur, Tutup","Buat, Lihat, Sunting, Hapus, Modal Hydro Marine Collagen, Modal Bahan Baku, Modal Active, Modal gr, Modal Akun Persediaan, Modal Akun Penjualan, Modal Akun Retur Penjualan, Modal Akun Diskon Penjualan, Modal Persediaan (Perjalanan), Modal Akun COGS, Modal Akun Retur Pembelian, Modal Akun Barang Belum Faktur, Modal Tutup",""""" | Poin 48-52: Kolom kondisi bagus & cacat dihapus, diganti Real Stok. Menampilkan supplier asal barang, wujud fisik & kondisi bahan, serta lama barang ada di gudang (aging barang)"
"Master","Kelola Barang","Buat Barang","/goods-manage/create","Form","—","—","Kategori * Kategori barang, Sub Kategori Sub kategori (opsional), Kode * Kode unik barang, Nama Barang * Nama lengkap barang, Deskripsi Keterangan (opsional), Harga Beli * Harga pembelian, Stok Terendah * Minimum stok alert, Satuan * Unit pengukuran, Foto Barang Gambar produk (opsional), Pilih file, Akun Persediaan *, Akun Penjualan *, Akun Retur Penjualan *, Akun Diskon Penjualan *, Persediaan (Perjalanan) *, Akun COGS *, Akun Retur Pembelian *, Akun Barang Belum Faktur *","—","Kembali, Simpan",""""" | Format Kode Universal: Tersedia versi lengkap (DL-DIV-PRD-DDMMYYYY-0001) & versi ringkas (PRD-DDMMYYYY-0001). Nomor urut akhir bersifat global & berkelanjutan (tidak reset)"
"Master","Kelola CoA","CoA Jurnal Otomatis","/coa-auto-manage","Master List","—","Rule Name, Document Type, Condition (Contract Type, Item Type), Debit Account, Credit Account, Active, #","Document Type* (Faktur Pembelian, Faktur Penjualan, DP, Pembayaran, Konsumsi BOM, dll), Condition (opsional: Jasa Maklon / Jual Putus), Debit Account* (search-select COA), Credit Account* (search-select COA)","—","Kembali, Simpan, Tambah Rule, Edit Rule, Toggle Active","Otak posting otomatis (0.5). Minimal 1 rule aktif per Document Type sebelum transaksi live. Restriksi hak akses hanya Finance Admin/Controller"
"Master","Kelola CoA","CoA","/coa-manage","Master List","—","Account Code, Account Name, Account Type (Asset/Liability/Equity/Revenue/Expense), Parent Account, Normal Balance (Debit/Credit), Is Active, #","Search, Filter Type, Filter Active","[Detail CoA] Hierarki Akun, Saldo Berjalan, Transaksi Terakhir","+ Buat, Copy, Excel, Lihat, Edit, Hapus / Deactivate","Delete hanya jika belum ada transaksi (referential integrity); jika ada -> deactivate. Auto numbering by type (1xxx Asset, 2xxx Liability, dst)"
"Master","Kelola CoA","Buat CoA","/coa-manage/create","Form","—","—","Account Code* (unique), Account Name*, Account Type*, Parent Account (opsional hierarki), Normal Balance*, Allow Manual Journal* (boolean)","—","Kembali, Simpan","Allow Manual Journal = false mencegah transaksi manual sembarangan di Jurnal Umum (khusus akun AP Control, AR Control, WIP)"
"Master","Kelola Gudang","Hak Akses Gudang","/warehouse-access-manage","Master List","—","#, Nama, Email, Nomor Telepon, Hak Akses, Gudang, #","Search, GSTable1_length","[Hak Akses Gudang] • Input Modal: warehouses_id • Aksi Modal: Tutup","Gudang, Akses Gudang, Modal Tutup",""""""
"Master","Kelola Gudang","Gudang","/warehouse-manage","Master List","—","#, Gudang, Lokasi, Telepon, #","Search, GSTable1_length","—","Buat, Sunting, Hapus",""""""
"Master","Kelola Gudang","Buat Gudang","/warehouse-manage/create","Form","—","—","Nama * Nama gudang, Telepon Nomor telepon (opsional), Provinsi * Pilih provinsi, Kota * Pilih provinsi terlebih dahulu, Alamat * Alamat lengkap gudang","—","Kembali, Simpan",""""""
"Master","Kelola Kas & Bank","Bank Account Master","/bank-account-manage","Master List","Total Saldo Kas & Bank (Konsolidasi Seluruh Rekening)","Bank Name, Account No, Account Type (Bank / Cash / Petty Cash), Currency, Current Book Balance, GL Account Mapping, Active, #","Search, Filter Type","[Detail Rekening] Profil Bank, Nomor Rekening, Buku Kas Terkait, Riwayat Mutasi Rekonsiliasi Terakhir","+ Buat Rekening, Edit, Deactivate","Saldo real-time di sini menjadi sumber data navbar AP Aging dan Cash Position dashboard"
"Master","Kelola Kas & Bank","Buat Bank Account","/bank-account-manage/create","Form","—","—","Bank Name*, Account No*, Account Type* (Bank/Cash/Petty Cash), Currency*, GL Account Mapping* (search-select COA)","—","Kembali, Simpan","Nomor akun otomatis dan mapping ke akun neraca kas/bank"
"Master","Kelola Pajak","Tax Setup","/tax-setup","Master List","—","Tax Code, Name (PPN Masukan / PPN Keluaran / PPh 23 / PPh 21), Rate (%), GL Account, Status, #","Search","[Detail Pajak] Tarif pajak, akun penampung di neraca, aturan aktivasi","+ Buat Tarif Pajak, Edit, Toggle Active","Setup oleh Finance Admin. Ruang lingkup: PPN, PPh 23, rekap PPh 21 (tanpa e-Faktur/e-Bupot DJP langsung) | Poin 35: Modul Pajak dan e-Faktur TIDAK PERLU DIKERJAKAN (di-skip dari scope pengerjaan sesuai arahan final)"
"Master","Kelola Pelanggan","Kategori Pelanggan","/customer-category-manage","Master List","—","#, Kategori, Deskripsi, #","Search, GSTable1_length","—","Buat, Sunting, Hapus",""""""
"Master","Kelola Pelanggan","Buat Kategori Pelanggan","/customer-category-manage/create","Form","—","—","Nama Kategori * Nama kategori pelanggan, Deskripsi Keterangan kategori (opsional)","—","Kembali, Simpan",""""""
"Master","Kelola Pelanggan","Pelanggan","/customer-manage","Master List","Total Sample Fee, Total Produksi / Job Order, Total Legalitas / Escrow Client, Calon Pelanggan, Pelanggan RO","Customer Code, Brand Name, Contract Type (Jasa Maklon / Jual Putus), Field/Card: Sample, Produksi, Legalitas, Credit Limit, Payment Term, Active, #","Search/Autocomplete, Filter Contract Type, Filter Periode (Date Range Custom)","[Detail Pelanggan] Profil Brand, PIC, Alamat Pengiriman, Contract Type, 3 Cards Khusus (Sample Fee, Produksi JO, Legalitas Escrow), Rekap SO & Invoice AR","Buat, Export Excel, Lihat, Sunting, Hapus, Modal Vivin Anggi Ardita (FYS), Modal Pelanggan Sample, Modal Tutup","Contract Type menentukan perlakuan pajak dan akun revenue pada Faktur Penjualan | Poin 2: Ditambahkan field & card khusus untuk Sample, Produksi, dan Legalitas pada master customer"
"Master","Kelola Pelanggan","Buat Pelanggan","/customer-manage/create","Form","—","—","Customer Code (auto global), Brand / Company Name*, PIC*, Contract Type* (Jasa Maklon/Jual Putus), Segmentasi (Sample / Produksi / Legalitas), Credit Limit, Payment Term, Alamat Kirim","—","Kembali, Simpan",""""" | Poin 2: Field klasifikasi Sample, Produksi, Legalitas"
"Master","Kelola Pelanggan","Pelanggan Saya","/customer-my-manage","Master List","—","#, Nama, Telepon, Kategori, Kota, Penginput, #","Search, GSTable1_length","—","Buat",""""""
"Master","Kelola Pelanggan","Buat Pelanggan Saya","/customer-my-manage/create","Form","—","—","Nama Pelanggan *, Kode Pelanggan, Kategori *, Telepon *, Email, Tanggal Lahir, Provinsi *, Kota *, Alamat","—","Kembali, Simpan",""""""
"Master","Kelola Pengguna","Hak Akses","/role-manage","Master List","—","#, Hak Akses, #","Search, GSTable1_length","Modal Detail via AJAX (ajaxDetail('1','modal-md');)","Buat, Lihat, Sunting, Hapus",""""""
"Master","Kelola Pengguna","Buat Hak Akses","/role-manage/create","Form","—","—","Nama * Nama role","—","Kembali, Simpan",""""""
"Master","Kelola Pengguna","Pengguna","/user-manage","Master List","—","#, Kode/NIP, Nama, Email, Nomor Telepon, Hak Akses, #","Search, GSTable1_length","Modal Detail via AJAX (ajaxDetail('1','modal-lg');)","Pengguna Tidak Aktif, Buat, Lihat, Sunting, Nonaktifkan",""""""
"Master","Kelola Pengguna","Buat Pengguna","/user-manage/create","Form","—","—","Kode/NIP Kode unik (opsional), Nama * Nama lengkap, Foto Foto profil (opsional), Pilih file, Email Email (opsional), Nomor Telepon Telepon (opsional), Kata Sandi * Password, Konfirmasi Kata Sandi * Ulangi password, Hak Akses * Role pengguna","—","Kembali, Simpan",""""""
"Master","Kelola Penjualan","Kategori Penjualan","/sales-category","Master List","—","#, Kategori, Deskripsi, #","Search, GSTable1_length","[Detail Kategori Penjualan] • Field: Nama Kategori, Deskripsi • Tabel Detail: (#, Urutan, Nama Timeline, Periode, Total) • Aksi Modal: Produk Baru, Tutup","Buat, Lihat, Timeline, Sunting, Hapus, Modal Produk Baru, Modal Tutup",""""""
"Master","Kelola Penjualan","Buat Kategori Penjualan","/sales-category/create","Form","—","—","Nama *, Deskripsi","—","Kembali, Simpan",""""""
"Master","Kelola Penjualan","Target Penjualan","/sales-target","Master List","—","#, Marketing, Periode, Target, Achievement, % Capaian, #","Search, GSTable1_length","—","Buat",""""""
"Master","Kelola Penjualan","Buat Target Penjualan","/sales-target/create","Form","—","—","Marketing *, Tahun *, Bulan *, Target (Rp) *","—","Kembali, Simpan",""""""
"Master","Kelola Supplier","Kategori Supplier","/supplier-category-manage","Master List","—","#, Kategori, Deskripsi, #","Search, GSTable1_length","—","Buat, Sunting, Hapus",""""""
"Master","Kelola Supplier","Buat Kategori Supplier","/supplier-category-manage/create","Form","—","—","Nama Kategori * Nama kategori supplier, Deskripsi Keterangan kategori (opsional)","—","Kembali, Simpan",""""""
"Master","Kelola Supplier","Supplier","/supplier-manage","Master List","—","Vendor Code, Name, Kategori Bahan (Bahan Baku / Primer / Sekunder / Pembantu), Kategori COA, Payment Term, Bank Account, NPWP, PKP Status, Real Stok Supplier, Active, #","Search Detail, Filter Kategori Bahan (Bahan Baku / Primer / Sekunder / Pembantu), Filter Periode (Date Range Custom)","[Detail Supplier] • Field: Nama Supplier, Kategori, Kontak Person (PIC), Telepon, Deskripsi, Provinsi, Kota/Kabupaten, Alamat, Pajak • Aksi Modal: DKSH, Bahan Baku, Tutup","+ Buat, Import Excel (template + preview validasi), Export Excel, Lihat, Edit, Deactivate","Kategori Riil (Raw Material/Packaging/Jasa/Lainnya) dipisah dari Kategori COA (Akun GL default per vendor) | Poin 1 & 47: Fitur Import Excel vendor. Filter supplier berdasarkan jenis bahan (bahan baku, primer, sekunder, pembantu). Kategorisasi pengadaan murni berbasis COA"
"Master","Kelola Supplier","Buat Supplier","/supplier-manage/create","Form","—","—","Vendor Code (Universal auto: ringkas/lengkap global sequence), Name*, Kategori Bahan* (Bahan Baku/Primer/Sekunder/Pembantu), Kategori COA* (search-select GL), Address*, PIC*, Phone*, Payment Term* (Net days), Bank Account*, NPWP, PKP Status*","—","Kembali, Simpan","PKP Status menentukan perhitungan otomatis PPN Masukan pada Faktur Pembelian | Poin 3: Kategorisasi pengadaan dilakukan berdasarkan COA saja"
"Persetujuan","Pembelian ~","Pembelian ~","/purchase-approval","Approval List","—","#, Kode, Tanggal, Supplier, Gudang, Pembuat, Nominal, Status, #","Search, GSTable1_length","[Detail Pembelian] Field: Kode, Status, Supplier, Gudang, Pembuat, Tanggal, Jatuh Tempo, Subtotal, Pajak, Grand Total, Catatan • Tabel Detail: (#, Barang, Qty, Harga Satuan, Diskon, Total, Qty Diterima, Sisa) • Riwayat Persetujuan","Riwayat, Lihat, Modal Setuju, Modal Tolak (Input Catatan Tolak), Tutup",""""""
"Persetujuan","Penjualan Produk ~","Penjualan Produk ~","/sales-approval","Approval List","—","#, Kode, Tanggal, Pelanggan, Kategori, Merek, Pembuat, Total, Status, #","Search, GSTable1_length","[Detail Sales Order] Field: Kode, Status, Pelanggan, Kategori, Brand, Tanggal, Jatuh Tempo, Dibuat Oleh, Grand Total • Tabel Detail: (Tipe, Item / Formula, Netto, Qty, Harga, Subtotal, Diskon, Pajak) • Riwayat Persetujuan","Riwayat, Lihat, Modal Setuju, Modal Tolak, Tutup",""""""
"Persetujuan","Penjualan Sample ~","Penjualan Sample ~","/sales-sample-approval","Approval List","—","#, Kode, Tanggal, Pelanggan, Nama Produk, Rev, Pembuat, Total, Status, #","Search, GSTable1_length","[Detail Sales Sample] Field: Kode, Status, Pelanggan, Formulator, Tanggal, Pembuat, Harga, Diskon, Subtotal, Pajak, Total • Info Produk: Netto, Form, Color, Flavor, Target, Ref • Deskripsi & Klaim: Material Request, Claim • Nama Produk Inventory • Riwayat Revisi","Riwayat, Lihat, Modal Setuju, Modal Tolak, Tutup",""""""
"Persetujuan","Permintaan Barang ~","Permintaan Barang ~","/goods-request-approval","Approval List","—","#, Kode, Tanggal, Peminta, Penyedia, Pembuat, Catatan, Status, #","Search, GSTable1_length","[Detail Permintaan Barang] Field: Kode Permintaan, Status, Gudang Asal, Gudang Tujuan, Tanggal Permintaan, Catatan, Pembuat • Tabel Detail: (#, Barang, Qty Diminta, Qty Disetujui, Qty Dikeluarkan, Qty Digunakan, Qty Dikembalikan, Satuan) • Riwayat Persetujuan","Riwayat, Cetak Dokumen, Lihat, Modal Setuju, Modal Tolak, Tutup",""""""
"Persetujuan","Permintaan HPP ~","Permintaan HPP ~","/request-cogs-approval","Approval List","—","#, Kode, Tanggal, Pelanggan, Sales Sample, Produk, Pembuat, Catatan, Status, #","Search, GSTable1_length","[Detail Permintaan HPP] Field: Kode, Status, Pelanggan, Kode Sample, Produk, Tanggal, Netto Sample, Formula, Kemasan Primer 1 & 2, Kemasan Sekunder • Tabel Detail: (MOQ, HPP Produk, Margin OP, HPP Kemasan Primer, Kemasan Sekunder, Total HPP/pcs) • Riwayat Persetujuan","Riwayat, Lihat, Modal Setuju, Modal Tolak, Tutup",""""""
"Persetujuan","Permintaan Pembelian ~","Permintaan Pembelian ~","/purchase-request-approval","Approval List","—","#, Kode, Tanggal, Pemohon, Total Item, Catatan, Status, #","Search, GSTable1_length","[Detail Permintaan Pembelian] Field: Kode PR, Pemohon, Tanggal, Catatan, Status • Tabel Detail: (#, Barang, Qty Diminta, Satuan, Keterangan) • Riwayat Persetujuan","Riwayat, Lihat, Modal Setuju, Modal Tolak, Tutup",""""""
"Persetujuan","Retur Pembelian ~","Retur Pembelian ~","/purchase-return-approval","Approval List","—","#, Tanggal, Kode Retur, Pembelian Masuk, Supplier, Total, Pembuat, Status, #","Search, GSTable1_length","[Detail Retur Pembelian] Field: Kode Retur, Status, Supplier, Gudang, Pembuat, Tanggal, Kode GR, Kode PO, Total Item, Total Jumlah, Catatan • Tabel Detail: (#, Barang, Qty Retur, Harga, Total, Catatan) • Riwayat Persetujuan","Riwayat, Lihat, Modal Setuju, Modal Tolak (Input Alasan Penolakan), Tutup",""""""
"Persetujuan","Retur Penjualan ~","Retur Penjualan ~","/sales-return-approval","Approval List","—","#, Tanggal, Kode Retur, No. Faktur, Pelanggan, Total, Pembuat, Status, #","Search, GSTable1_length","[Detail Retur Penjualan] Field: Kode Retur, Tanggal Retur, No. Faktur, Pelanggan, Pembuat, Catatan, Status • Tabel Detail: (#, Barang, Qty Retur, Harga, Total, Alasan Retur) • Riwayat Persetujuan","Riwayat, Lihat, Modal Setuju, Modal Tolak, Tutup",""""""
"Umum","Checklist","Checklist","/checklist","List","—","#, No. Sales, Customer, Produk, Tanggal Mulai, Tanggal Selesai, Pembuat, Status, #","Search, GSTable1_length","—","Riwayat, Buat, Tracking",""""""
"Umum","Checklist","Buat Checklist","/checklist/create","Form","—","—","Sales * Pilih sales order, Produk Pilih produk (opsional), Customer Info customer, Kategori Sales Info kategori, Tanggal Mulai * Tanggal mulai, Tanggal Selesai * Tanggal selesai, Deskripsi Keterangan (opsional), Desain Logo PIC & durasi, HKI PIC & durasi, BPOM Merk PIC & durasi, BPOM NA PIC & durasi, MOU PIC & durasi, Desain Kemasan PIC & durasi, Approval Desain PIC & durasi, Bahan Baku PIC & durasi, Pelunasan PIC & durasi, Mixing PIC & durasi, Bahan Kemas PIC & durasi, Filling PIC & durasi, Label PIC & durasi, Box PIC & durasi, Packing PIC & durasi, Delivery PIC & durasi, Halal PIC & durasi, Uji Lab PIC & durasi","—","Batal, Simpan Checklist",""""""
"Umum","Checklist Progress","Checklist Progress","/checklist-progress","List","Total SO Aktif, Item Pending (Notifikasi), Checklist Input Design, Checklist Main","#, No. Sales Order, Customer, Brand / Produk, Kategori Sales (Jenis SO), Tanggal Mulai, Tanggal Selesai, Status BPOM (Keluar / Belum), Estimasi Selesai, Status Utama, #","Navbar Tabs: Main | Input Design (PIC Mas Edi), Toggle Filter: Versi Keseluruhan | Khusus Kebutuhan PIC, Filter Status Pending","[Detail Checklist SO] 1 SO = 1 Checklist Utama dengan rincian kronologis seluruh kategori (Box, Label, Desain, Formula, BPOM, Mixing, Filling, Packing, Delivery) • Dokumen BPOM per SO • Log Tanggal Perubahan & Catatan Pending","Lihat Detail Kronologis, Update Milestone, Kirim Notifikasi Pending",""""" | Poin 36, 54, 55, 57, 58, 64-67, 71: 1 SO hanya punya 1 checklist utama (bukan per baris kategori). Versi Keseluruhan vs Khusus PIC. Notifikasi item pending. Navbar dibedakan Input Design (PIC Mas Edi) dan Main. Dokumen BPOM ditampilkan per SO. Status done bisa dikembalikan jika terkendala"
"Umum","Checklist Tracking","Checklist Tracking","/checklist-tracking","Tracking Matrix","Total Project Maklon, On Track, Menunggu Approval, Tertunda","#, Pelanggan, Brand / Produk, Sales Order, BusDev, Mulai, Berakhir, Deadline SO, Deadline per PIC (Desain, MoU, BPOM, Kemasan, dll), Estimasi Deadline, Progress, Status Projek, Matriks Milestone (Desain Logo, HKI, BPOM NA, MoU, Desain Kemas, Bahan Baku, Pelunasan, Mixing, Bahan Kemas, Filling, Label, Box, Packing, Delivery), Foto Kemasan, #","Filter Status Milestone, Filter PIC, Filter Periode Date Range Custom","[Detail Tracking] Foto Kemasan Produk, Deadline per PIC, Estimasi Selesai, History Status BPOM & Keterangan Hambatan • Aturan: Kategori baru pindah status setelah SEMUA kategori dalam SO selesai • Validasi anti-manipulasi status","Lihat Timeline, Halal Uji Lab, Riwayat Status, Upload Foto Kemasan",""""" | Poin 38, 39, 56, 59, 62, 63, 67, 74: Deadline terpisah per PIC & estimasi deadline. Kategori baru dianggap selesai setelah SEMUA kategori dalam SO selesai. Urutan kronologis. Validasi status berurutan (mencegah manipulasi KPI). Menampilkan foto kemasan. Nomor BPOM & history progress"
"Umum","Closing & Controls","Closing Checklist & Period Lock","/closing-checklist","Financial Checklist & Period Governance","X/Y Tasks Completed (Progress Bar Bulan Berjalan), Status Periode (Open / Soft Lock / Hard Lock)","Task Name, Category (Bank Reconcile / AP Review / AR Review / Stock Valuation / Deprec / Tax / GL Review / Statements), Owner, Due Date, Status (Not Started / In Progress / Done / Blocked), Evidence (Attachment), Approver, Completed At, #","Filter Bulan Periode Closing, Filter Category","[Detail Task Closing] Bukti dokumen attachment rekonsiliasi, Log sign-off approver","Update Status Task, Upload Bukti, Tombol ""Lock Period [Bulan]"" (Hard Lock / Soft Lock)","Fitur Period Lock: Soft Lock memberikan peringatan saat transaksi; Hard Lock mengunci total seluruh transaksi di periode tersebut (read-only). Transaksi susulan wajib lewat Adjustment Journal"
"Umum","Kategori Checklist","Kategori Checklist","/checklist-category","List","—","#, Nama Kategori, Urutan, Lama Hari per Kategori Penjualan, Setelah Kategori, #","Search, GSTable1_length","—","Buat, Sunting, Hapus",""""""
"Umum","Kategori Checklist","Buat Kategori Checklist","/checklist-category/create","Form","—","Kategori Penjualan, Lama Hari","Nama Kategori * Nama kategori checklist, Urutan * Urutan tampilan (angka), Lama Hari (Default) Dipakai jika sales category tidak ada di tabel bawah, Lama Hari per Kategori Penjualan Isi sesuai kategori penjualan, Setelah Kategori Dimulai setelah kategori ini done","—","Kembali, Simpan","Memiliki sub-tabel keranjang/item dinamis"
"Umum","Kelola Checklist","Kelola Checklist","/checklist-manage","List","—","#, No. Sales, Customer, Brand, Produk, Tanggal Mulai, Tanggal Selesai, Pembuat, Status, #","Search, GSTable1_length","[Detail Checklist] • Field: Customer, No. Sales, Brand, Produk, Periode, Status, Dibuat Oleh, Tanggal Dibuat • Tabel Detail: (#, Kategori, PIC, Lama Hari, Setelah, Status, Catatan, Terakhir Update) • Aksi Modal: Tutup","Riwayat, Tracking, Pending, Lihat, Ubah, Batalkan, Modal Tutup",""""""
"Operasional","Akuntansi","Adjustment Journal","/adjustment-journal","Special Approval Journal","Total Jurnal Penyesuaian Periode Terkunci, Menunggu Persetujuan Controller","Adjustment No, Original Period, Reason / Justification, Amount, Pemohon, Approver, Status (Draft / Approved / Posted), #","Original Period*, Reason* (wajib diisi alasan revisi pembukuan), Multi-line Journal (Dr/Cr Account, Amount)","[Detail Adjustment Journal] Catatan audit lengkap alasan koreksi periode terkunci, approval trail Finance Manager / Controller","+ Buat Adjustment Journal, Lihat, Modal Setuju, Modal Tolak, Posting ke GL","Satu-satunya jalur sah untuk memasukkan transaksi ke periode yang sudah berstatus Hard Lock"
"Operasional","Akuntansi","Asset Transfer / Disposal","/asset-transfer-disposal","Asset Lifecycle Execution","Total Nilai Aset Didispose Tahun Ini, Net Gain/Loss on Disposal","No Transaksi, Tanggal, Asset Code, Tipe Aksi (Transfer / Disposal), Dept/Lokasi Asal, Dept/Lokasi Tujuan, Nilai Jual, Gain/Loss, Status, #","Filter Tipe Aksi","[Detail Disposal/Transfer] Perhitungan Gain/Loss = Nilai Jual - Nilai Buku Terakhir • Jurnal: Dr Akumulasi Penyusutan, Dr Kas (jual), Dr/Cr Rugi/Laba Pelepasan Aset, Cr Aset Tetap (at cost)","+ Buat Transfer/Disposal, Lihat, Cetak Berita Acara Pelepasan Aset","Memerlukan persetujuan Finance Manager sebelum menghapus aset dari neraca"
"Operasional","Akuntansi","Bank Reconciliation","/bank-reconciliation","Two-Column Reconciliation Engine","Statement Balance, Book Balance, Difference (harus 0 setelah reconciled)","Kolom Kiri: Bank Statement Lines (upload CSV/Excel) | Kolom Kanan: System Transactions (Kas Masuk/Keluar)","Filter Tanggal Kalender Lengkap (Date Range Picker Custom)*, Filter Berdasarkan Akun COA (search-select)*, Upload Bank Statement","Matching Engine: Auto-match berdasarkan Amount + Tanggal (toleransi ±2 hari). Manual match drag-drop atau checklist pasangan transaksi","Import Rekening Koran, Auto-Match, Create Reconciliation Journal (selisih biaya bank), Finalize Reconcile","Selisih biaya administrasi/bunga bank langsung dibuatkan jurnal rekonsiliasi dari halaman ini: Dr Bank Charge, Cr Bank | Poin 20 & 21: Tambahkan filter tanggal kalender lengkap (rentang bebas) dan filter berdasarkan COA"
"Operasional","Akuntansi","Client Escrow / Pass-Through Disbursement Ledger","/client-escrow","Trust Fund / Escrow Ledger","Total Deposit Client Outstanding, Total Sudah Disbursed Bulan Ini, Belum Direimburse ke Kas Negara","Escrow No, Client, Purpose (BPOM Registration / Uji Lab / HKI / Lainnya), Deposit Received, Disbursed Amount, Remaining Balance, Status (Deposited / Partially Used / Fully Settled), #","Filter Client, Filter Status, Filter Purpose","[Detail Escrow Client] Rekap Dana Titipan: Deposit Masuk vs Pengeluaran ke Instansi/Lab vs Sisa Dana • Riwayat Bukti Bayar PNBP Simponi/Invoice Lab • Jurnal: Dr Bank, Cr Client Escrow Deposit (Liability) saat masuk; Dr Client Escrow Deposit, Cr Bank saat keluar (0% menyentuh P&L Dreamlab)","+ Terima Deposit Escrow, + Bayar Disbursement (Biaya Lab/BPOM), Cetak Rekonsiliasi Escrow Klien, Refund Sisa Dana","Uang titipan BPOM/HKI/uji lab klien BUKAN REVENUE Dreamlab. Jika biaya aktual lebih besar, sistem memunculkan tagihan top-up ke klien"
"Operasional","Akuntansi","Depreciation Schedule","/depreciation-schedule","Schedule & Batch Runner","Depresiasi Bulan Ini, Total Aset Aktif Tersusutkan","Asset Code, Name, Method (Straight Line), Useful Life, Monthly Depreciation, Next Run Date, Last Run Date, #","Filter Periode Bulan Penyusutan, Filter Kategori Aset","Tabel Rincian Jadwal Penyusutan per Bulan dari awal perolehan hingga nilai sisa (scrap value)","Tombol ""Run Depreciation"" Bulanan (generate jurnal otomatis Dr Beban Penyusutan, Cr Akumulasi Penyusutan), Export Excel","Default useful life auto-fill: Inventaris (4 thn), Motor (4 thn), Mobil (8 thn), Bangunan Permanen (20 thn)"
"Operasional","Akuntansi","Jurnal Umum","/general-journal","List","Total Debit Bulan Ini, Total Credit Bulan Ini, Unbalanced Draft Journal (harus 0)","#, Kode, Tanggal, Deskripsi, Debit, Kredit, Tipe, Referensi, Status, Aksi (Format ERP Lama G-SERP)","Filter Periode Custom (Date Range Bebas Lintas Bulan)*, Filter Tipe Jurnal","[Detail Jurnal Umum] Kode, Tanggal, Deskripsi, Referensi, Pembuat, Tipe, Status • Tabel Detail: (#, CoA, Deskripsi, Debit, Kredit) • Total Debit & Kredit Balance","+ Buat, Filter, Export Excel, Lihat, Print","Tipe dan Referensi otomatis terisi dari subledger (AP/AR/Cash/Stock). Jurnal Manual hanya untuk adjustment, accrual, reclassification. Tidak boleh posting ke akun Allow Manual Journal = false atau periode Locked | Poin 25-27: Filter periode custom. Tampilan/format disamakan dengan sistem ERP lama (G-SERP). Input ""Dimensi Finansial"" dihapus total"
"Operasional","Akuntansi","Buat Jurnal Umum","/general-journal/create","Form","—","Account (search-select), Debit, Credit, Line Description, Aksi Baris","Date*, Description*, Reference (opsional), Multi-line: Account (search-select), Debit, Credit, Line Description (Tanpa Dimensi Finansial)","—","Kembali, Tambah Baris, Simpan Draft, Submit Approval","Balanced Check wajib: Total Debit harus sama dengan Total Credit sebelum bisa submit | Poin 27: Input Dimensi Finansial dihapus | Format Kode Universal: Tersedia versi lengkap (DL-DIV-PRD-DDMMYYYY-0001) & versi ringkas (PRD-DDMMYYYY-0001). Nomor urut akhir bersifat global & berkelanjutan (tidak reset)"
"Operasional","Akuntansi","Kas Bank Masuk","/other-deposit","List","Total Kas Masuk (Hanya 1 Card Ringkas)","#, Kode, Tanggal, Deskripsi, Dari, Kas/Bank, Jumlah, Status, Aksi","Filter Kalender Lengkap (Date Range Picker Bebas Pilih Rentang Tanggal Apa Pun)*, Tombol Filter","[Detail Kas Masuk] Sumber Dana, Akun Kas/Bank Penerima, Keterangan, Referensi Dokumen AR (jika auto-generated)","+ Buat (khusus manual non-AR), Filter, Lihat, Print Bukti Kas Masuk","Auto-generated entries dari Bayar Penjualan & DP Penjualan bersifat read-only. Form manual hanya untuk transaksi tanpa dokumen sumber (petty cash, bunga bank) | Poin 18: Card Kas Bank Masuk menampilkan HANYA total kas, dengan filter kalender lengkap (date range custom bebas)"
"Operasional","Akuntansi","Buat Kas Bank Masuk","/other-deposit/create","Form","—","—","Tanggal * Tanggal penerimaan, Kas/Bank * Akun penerimaan, Deskripsi * Keterangan penerimaan, Dari Nama pengirim (opsional), CoA Pendapatan * Akun pendapatan/pemasukan, Memo Keterangan item, Jumlah * Nominal yang diterima","—","Tambah ke Keranjang, Kembali, Simpan",""""""
"Operasional","Akuntansi","Kas Bank Keluar","/other-payment","List","Total Kas Keluar (Hanya 1 Card Ringkas)","#, Kode, Tanggal, Deskripsi, Kepada, No. Tagihan, Kas/Bank, Jumlah, Status, Aksi","Filter Kalender Lengkap (Date Range Picker Bebas Pilih Rentang Tanggal Apa Pun)*, Tombol Filter","[Detail Kas Keluar] Penerima Dana, No Tagihan Vendor, Rekening Sumber, Jurnal Terkait","+ Buat (khusus manual non-AP), Filter, Lihat, Print Bukti Kas Keluar","Auto-generated dari Bayar Pembelian, DP Pembelian, dan Pengajuan Dana (Disbursed). Manual entry hanya untuk biaya operasional tanpa faktur vendor | Poin 19: Card Kas Bank Keluar menampilkan HANYA total kas keluar, dengan filter kalender lengkap (date range custom bebas)"
"Operasional","Akuntansi","Buat Kas Bank Keluar","/other-payment/create","Form","—","—","Tanggal * Tanggal pembayaran, Deskripsi * Deskripsi umum pembayaran, Kas/Bank * Pilih akun kas/bank untuk pembayaran, Kepada Nama penerima pembayaran (opsional), No. Tagihan Nomor tagihan/invoice (opsional), Chart of Account (CoA) * Pilih akun beban/biaya, Jumlah * Nilai pembayaran, Keterangan Entry Deskripsi khusus untuk entry ini (opsional)","—","Tambah ke Keranjang, Kembali, Simpan Kas Bank Keluar",""""""
"Operasional","Akuntansi","Tax Transactions","/tax-transactions","Tax Ledger & Reconciliation","PPN Keluaran Bulan Ini, PPN Masukan Bulan Ini, PPN Kurang/Lebih Bayar, PPh 23 Belum Disetor","Ref Document (No Invoice), Tax Type, Base Amount (DPP), Rate (%), Tax Amount, Status (Accrued / Reported / Paid), #","Filter Jenis Pajak (PPN/PPh 23), Filter Periode Date Range Custom, Filter Status","[Detail Transaksi Pajak] Link ke Faktur Pembelian/Penjualan sumber, Dokumen Bukti Potong, Perhitungan DPP vs PPN","Filter, Export Rekap Pajak (Excel), Update Status Reported/Paid","Baris otomatis muncul dari Faktur Pembelian dan Faktur Penjualan. PPh 21 direkap bulanan dari data payroll HR sebagai informasi laporan keuangan | Poin 35: Di-skip dari scope pengerjaan (tanpa integrasi e-Faktur/e-Bupot DJP)"
"Operasional","Barang Keluar","Pengiriman Barang","/delivery-out","List","—","#, Kode, Tanggal, No. Sales, Tanggal Sales, Customer, Pembuat, Status, #","Search, GSTable1_length","[Detail Pengiriman] • Field: Kode Pengiriman, Tanggal Pengiriman, Kode Sales, Tanggal Sales, Catatan, Customer, Pengguna, Status • Tabel Detail: (#, Barang, Satuan, Qty Kirim) • Aksi Modal: Tutup","Riwayat, Buat, Pending, Lihat, Print, Batalkan, Modal Tutup",""""""
"Operasional","Barang Keluar","Buat Pengiriman Barang","/delivery-out/create","Form","—","#, Barang, Satuan, Qty Sales, Qty Tersedia, Qty Kirim","Tanggal, Sales, Catatan Catatan tambahan (opsional), Foto Upload foto pengiriman (opsional), Pilih file...","—","Kembali, Simpan","Memiliki sub-tabel keranjang/item dinamis"
"Operasional","Barang Keluar","Transfer Barang","/goods-transfer","List","—","#, Kode, Tanggal, Gudang Asal, Gudang Tujuan, Pembuat, Status, #","Periode: *","[Detail Transfer Barang] • Field: Kode Transfer, Status, Gudang Asal, Gudang Tujuan, Pembuat, Tanggal Transfer • Tabel Detail: (#, Gambar, Barang, Qty, Catatan) • Aksi Modal: Tutup","Buat, Aktif, Lihat, Print, Batalkan, Modal Tutup",""""""
"Operasional","Barang Keluar","Buat Transfer Barang","/goods-transfer/create","Form","—","—","Gudang Asal * Gudang asal barang akan dikirim, Gudang Tujuan * Gudang tujuan barang akan diterima, Tanggal Transfer * Tanggal transfer barang dilakukan, Catatan Catatan tambahan untuk transfer ini (opsional), Barang * Pilih barang yang akan ditransfer, Stok Tersedia di Gudang Asal Jumlah stok yang bisa ditransfer, Jumlah (Qty) * Masukkan jumlah barang yang akan ditransfer, Catatan Item Catatan khusus untuk barang ini (opsional)","—","Tambah ke Keranjang, Kembali, Simpan Transfer",""""""
"Operasional","Barang Keluar","Retur Pembelian","/purchase-return-out","List","—","#, Kode Retur, Tanggal Retur, Supplier, Gudang, Pembuat, Status, #","Search, GSTable1_length","—","Riwayat",""""""
"Operasional","Barang Masuk","Pembelian Masuk","/purchase-in","List","—","#, Kode Penerimaan, Tanggal, No PO, Supplier, Gudang, Qty Diterima, Jumlah Bagus, Jumlah Cacat/Reject, Jumlah Barang Gratis (Free), Status, #","Search/Autocomplete, Filter Supplier, Filter Periode (Date Range Custom)","[Detail Penerimaan Barang] Rincian Qty Diterima, Qty Bagus (hanya ini yang dibayar ke vendor), Qty Reject (otomatis terbit retur/debit note), Qty Free/Gratis","Riwayat, Approved, Lihat, Print Warehouse, Terima Barang",""""" | Poin 44, 50, 51, 53: Penerimaan barang wajib mencantumkan rincian jumlah free, jumlah cacat/reject, dan jumlah kondisi bagus. Pembayaran vendor HANYA untuk kondisi bagus. Input free dicatat di sini"
"Operasional","Barang Masuk","Retur Penjualan","/sales-return-in","List","—","#, Kode Retur, Tanggal Retur, Pelanggan, Pembuat, Status, #","Search, GSTable1_length","—","Riwayat",""""""
"Operasional","Budgeting","Budget Entry","/budget-entry","Matrix Budget Planner","Total Anggaran Disetujui Tahun Ini, Total Versi Budget Aktif","Grid Editable: Account (COA) x Department x Month (Jan - Des), Total Setahun","Fiscal Year*, Budget Version (Draft / Approved), Tombol Copy from Previous Year + Input Pertumbuhan (%)","Perbandingan antar versi budget (Draft vs Approved). Approved version menjadi read-only","Simpan Draft, Submit Approval, Lock Version, Export Excel","Revisi budget yang sudah approved dilakukan dengan membuat versi baru (V2, V3)"
"Operasional","Buku Tamu","Buku Tamu","/guest-book","List","TOTAL LEADS 0 Total Bulan Ini; FOLLOW UP AKTIVITAS 0 Task Selesai (0%); JUMLAH MEETING 0 Offline & Online (Periode Ini); CONVERSION RATE 0.00% Lead to Deal (Close Ratio)","#, Tanggal & Waktu, Nama Klien, Meeting & PIC, Kontak, Kota, Produk Diminati, MOQ, Target Market, Kategori, Aksi","Filter Bulan / Periode (Date Range Custom)*, Search Berdasarkan Nama*, Filter Status Lead","—","Riwayat, Buat",""""" | Poin 77: Tambahkan filter bulan dan fitur search berdasarkan nama pada Buku Tamu"
"Operasional","Buku Tamu","Buat Buku Tamu","/guest-book/create","Form","—","—","Nama Klien/Tamu* (search/autocomplete), Instansi/Brand, Kontak (WhatsApp)*, Keperluan/Minat Produk, Tanggal Kunjungan*, PIC BusDev*, Auto-Save Draft State","—","Kembali, Simpan Data",""""" | Poin 78: Tambahkan fitur auto-save saat user keluar dari form input"
"Operasional","Client Lost","Client Lost","/client-lost","List","0 item; 0 klien","NO, BRAND & PRODUK, PELANGGAN, PIC BD, EST. VALUE DEAL, TGL SAMPLE, STATUS SAMPLE, STATUS LOST | NO, NAMA PELANGGAN, LIFETIME VALUE, TOTAL TRANSAKSI, TGL TERAKHIR ORDER, JEDA TIDAK ORDER, STATUS","Search","—","—",""""""
"Operasional","Client Produksi","Client Produksi","/client-production","List","0% SAMPLE → DEAL (0/0) CONVERSION RATE; 0 HARI SAMPLE → SALES AVG. CLOSING TIME; Rp 0 RATA-RATA PER SALES AVG. DEAL VALUE; 0 projek","#, Pelanggan, Brand/Produk, Sales Order, BusDev, Mulai, Berakhir, Deadline, Progress, Status Projek, Desain Logo Semua Pending Process Done, HKI Semua Pending Process Done, BPOM Merk Semua Pending Process Done, BPOM NA Semua Pending Process Done, MOU Semua Pending Process Done, Desain Kemasan Semua Pending Process Done, Approval Desain Semua Pending Process Done, Bahan Baku Semua Pending Process Done, Pelunasan Semua Pending Process Done, Mixing Semua Pending Process Done, Bahan Kemas Semua Pending Process Done, Filling Semua Pending Process Done, Label Semua Pending Process Done, Box Semua Pending Process Done, Packing Semua Pending Process Done, Delivery Semua Pending Process Done, #","Search","—","—",""""""
"Operasional","Client RO","Client RO","/client-repeat-order","List","0 projek","#, Pelanggan, Brand/Produk, Sales Order, BusDev, Mulai, Berakhir, Deadline, Progress, Status Projek, Desain Logo Semua Pending Process Done, HKI Semua Pending Process Done, BPOM Merk Semua Pending Process Done, BPOM NA Semua Pending Process Done, MOU Semua Pending Process Done, Desain Kemasan Semua Pending Process Done, Approval Desain Semua Pending Process Done, Bahan Baku Semua Pending Process Done, Pelunasan Semua Pending Process Done, Mixing Semua Pending Process Done, Bahan Kemas Semua Pending Process Done, Filling Semua Pending Process Done, Label Semua Pending Process Done, Box Semua Pending Process Done, Packing Semua Pending Process Done, Delivery Semua Pending Process Done, #","Search","—","—",""""""
"Operasional","Client Sample","Client Sample","/client-sample","List","0 Sedang di R&D Sample Dalam Proses; Rp 0 Pipeline Aktif Rencana Omset; 0 App. Rate: 0.00% Sample Approved; 0.00% Sample → Deal Deal Rate; Rp 0 Dari Deal Pilot Total Omset; Total Tampil: 0 Proyek","No, Pelanggan / NPF, Info Leads, Catatan Progress, Rencana Deal, Pelacakan Sampel (Status & Revisi), Pelacakan HKI, Suggest, Negosiasi Deal, Status Akhir, Total Omset, Aksi, MOQ, Rencana Omset, Rev 1, Rev 2, Rev 3, Extra, Progress HKI, Revisi Logo, Kemasan, Desain, Nilai","Pipeline Deal (Rencana Omset), Realisasi Omset, MOQ, Status HKI, Status Revisi Logo/Desain, Upload Suggest Kemasan, Upload Suggest Desain, Upload Suggest Nilai, Negosiasi Deal","—","Simpan",""""""
"Operasional","Kebutuhan Barang","Kebutuhan Barang","/need-for-goods","List","—","#, Kode, Tanggal, Sales / Customer / Produk / Brand, Pembuat, Status, # | #, Nama Barang, Kebutuhan Qty, Stok, Selisih, Qty Order, Catatan, Tanggal, No. Pembelian, Supplier, Qty, Harga, Tanggal, No. Pembelian, Supplier, Qty, Harga, Tanggal, No. Pembelian, Supplier, Qty, Harga, Tanggal, No. Pembelian, Supplier, Qty, Harga, Tanggal, No. Pembelian, Supplier, Qty, Harga, Tanggal, No. Pembelian, Supplier, Qty, Harga, Tanggal, No. Pembelian, Supplier, Qty, Harga, Tanggal, No. Pembelian, Supplier, Qty, Harga, Tanggal, No. Pembelian, Supplier, Qty, Harga, Tanggal, No. Pembelian, Supplier, Qty, Harga, Tanggal, No. Pembelian, Supplier, Qty, Harga, Tanggal, No. Pembelian, Supplier, Qty, Harga, Tanggal, No. Pembelian, Supplier, Qty, Harga, Tanggal, No. Pembelian, Supplier, Qty, Harga, Tanggal, No. Pembelian, Supplier, Qty, Harga, Tanggal, No. Pembelian, Supplier, Qty, Harga, Tanggal, No. Pembelian, Supplier, Qty, Harga, Tanggal, No. Pembelian, Supplier, Qty, Harga, Tanggal, No. Pembelian, Supplier, Qty, Harga, Tanggal, No. Pembelian, Supplier, Qty, Harga, Tanggal, No. Pembelian, Supplier, Qty, Harga, Tanggal, No. Pembelian, Supplier, Qty, Harga, Tanggal, No. Pembelian, Supplier, Qty, Harga, Tanggal, No. Pembelian, Supplier, Qty, Harga, Tanggal, No. Pembelian, Supplier, Qty, Harga, Tanggal, No. Pembelian, Supplier, Qty, Harga, Tanggal, No. Pembelian, Supplier, Qty, Harga, Tanggal, No. Pembelian, Supplier, Qty, Harga, Tanggal, No. Pembelian, Supplier, Qty, Harga, Tanggal, No. Pembelian, Supplier, Qty, Harga, Tanggal, No. Pembelian, Supplier, Qty, Harga, Tanggal, No. Pembelian, Supplier, Qty, Harga, Tanggal, No. Pembelian, Supplier, Qty, Harga, Tanggal, No. Pembelian, Supplier, Qty, Harga, Tanggal, No. Pembelian, Supplier, Qty, Harga, Tanggal, No. Pembelian, Supplier, Qty, Harga, Tanggal, No. Pembelian, Supplier, Qty, Harga, Tanggal, No. Pembelian, Supplier, Qty, Harga, Tanggal, No. Pembelian, Supplier, Qty, Harga, Tanggal, No. Pembelian, Supplier, Qty, Harga, Tanggal, No. Pembelian, Supplier, Qty, Harga, Tanggal, No. Pembelian, Supplier, Qty, Harga, Tanggal, No. Pembelian, Supplier, Qty, Harga, Tanggal, No. Pembelian, Supplier, Qty, Harga, Tanggal, No. Pembelian, Supplier, Qty, Harga, Tanggal, No. Pembelian, Supplier, Qty, Harga, Tanggal, No. Pembelian, Supplier, Qty, Harga, Tanggal, No. Pembelian, Supplier, Qty, Harga, Tanggal, No. Pembelian, Supplier, Qty, Harga, Tanggal, No. Pembelian, Supplier, Qty, Harga, Tanggal, No. Pembelian, Supplier, Qty, Harga, Tanggal, No. Pembelian, Supplier, Qty, Harga, Tanggal, No. Pembelian, Supplier, Qty, Harga, Tanggal, No. Pembelian, Supplier, Qty, Harga, Tanggal, No. Pembelian, Supplier, Qty, Harga, Tanggal, No. Pembelian, Supplier, Qty, Harga, Tanggal, No. Pembelian, Supplier, Qty, Harga, Tanggal, No. Pembelian, Supplier, Qty, Harga, Tanggal, No. Pembelian, Supplier, Qty, Harga, Tanggal, No. Pembelian, Supplier, Qty, Harga, Tanggal, No. Pembelian, Supplier, Qty, Harga, Tanggal, No. Pembelian, Supplier, Qty, Harga, Tanggal, No. Pembelian, Supplier, Qty, Harga, Tanggal, No. Pembelian, Supplier, Qty, Harga, Tanggal, No. Pembelian, Supplier, Qty, Harga, Tanggal, No. Pembelian, Supplier, Qty, Harga, Tanggal, No. Pembelian, Supplier, Qty, Harga, Tanggal, No. Pembelian, Supplier, Qty, Harga, Tanggal, No. Pembelian, Supplier, Qty, Harga, Tanggal, No. Pembelian, Supplier, Qty, Harga, Tanggal, No. Pembelian, Supplier, Qty, Harga, Tanggal, No. Pembelian, Supplier, Qty, Harga, Tanggal, No. Pembelian, Supplier, Qty, Harga, Tanggal, No. Pembelian, Supplier, Qty, Harga, Tanggal, No. Pembelian, Supplier, Qty, Harga, Tanggal, No. Pembelian, Supplier, Qty, Harga, Tanggal, No. Pembelian, Supplier, Qty, Harga, Tanggal, No. Pembelian, Supplier, Qty, Harga, Tanggal, No. Pembelian, Supplier, Qty, Harga, Tanggal, No. Pembelian, Supplier, Qty, Harga, Tanggal, No. Pembelian, Supplier, Qty, Harga, Tanggal, No. Pembelian, Supplier, Qty, Harga, Tanggal, No. Pembelian, Supplier, Qty, Harga, Tanggal, No. Pembelian, Supplier, Qty, Harga, Tanggal, No. Pembelian, Supplier, Qty, Harga, Tanggal, No. Pembelian, Supplier, Qty, Harga, Tanggal, No. Pembelian, Supplier, Qty, Harga, Tanggal, No. Pembelian, Supplier, Qty, Harga, Tanggal, No. Pembelian, Supplier, Qty, Harga, Tanggal, No. Pembelian, Supplier, Qty, Harga, Tanggal, No. Pembelian, Supplier, Qty, Harga, Tanggal, No. Pembelian, Supplier, Qty, Harga, Tanggal, No. Pembelian, Supplier, Qty, Harga, Tanggal, No. Pembelian, Supplier, Qty, Harga, Tanggal, No. Pembelian, Supplier, Qty, Harga, Tanggal, No. Pembelian, Supplier, Qty, Harga, Tanggal, No. Pembelian, Supplier, Qty, Harga, Tanggal, No. Pembelian, Supplier, Qty, Harga, Tanggal, No. Pembelian, Supplier, Qty, Harga, Tanggal, No. Pembelian, Supplier, Qty, Harga, Tanggal, No. Pembelian, Supplier, Qty, Harga, Tanggal, No. Pembelian, Supplier, Qty, Harga, Tanggal, No. Pembelian, Supplier, Qty, Harga, Tanggal, No. Pembelian, Supplier, Qty, Harga, Tanggal, No. Pembelian, Supplier, Qty, Harga, Tanggal, No. Pembelian, Supplier, Qty, Harga, Tanggal, No. Pembelian, Supplier, Qty, Harga, Tanggal, No. Pembelian, Supplier, Qty, Harga, Tanggal, No. Pembelian, Supplier, Qty, Harga, Tanggal, No. Pembelian, Supplier, Qty, Harga, Tanggal, No. Pembelian, Supplier, Qty, Harga, Tanggal, No. Pembelian, Supplier, Qty, Harga, Tanggal, No. Pembelian, Supplier, Qty, Harga, Tanggal, No. Pembelian, Supplier, Qty, Harga, Tanggal, No. Pembelian, Supplier, Qty, Harga, Tanggal, No. Pembelian, Supplier, Qty, Harga, Tanggal, No. Pembelian, Supplier, Qty, Harga, Tanggal, No. Pembelian, Supplier, Qty, Harga, Tanggal, No. Pembelian, Supplier, Qty, Harga, Tanggal, No. Pembelian, Supplier, Qty, Harga, Tanggal, No. Pembelian, Supplier, Qty, Harga, Tanggal, No. Pembelian, Supplier, Qty, Harga, Tanggal, No. Pembelian, Supplier, Qty, Harga, Tanggal, No. Pembelian, Supplier, Qty, Harga, Tanggal, No. Pembelian, Supplier, Qty, Harga, Tanggal, No. Pembelian, Supplier, Qty, Harga, Tanggal, No. Pembelian, Supplier, Qty, Harga, Tanggal, No. Pembelian, Supplier, Qty, Harga, Tanggal, No. Pembelian, Supplier, Qty, Harga, Tanggal, No. Pembelian, Supplier, Qty, Harga, Tanggal, No. Pembelian, Supplier, Qty, Harga, Tanggal, No. Pembelian, Supplier, Qty, Harga, Tanggal, No. Pembelian, Supplier, Qty, Harga, Tanggal, No. Pembelian, Supplier, Qty, Harga, Tanggal, No. Pembelian, Supplier, Qty, Harga, Tanggal, No. Pembelian, Supplier, Qty, Harga, Tanggal, No. Pembelian, Supplier, Qty, Harga, Tanggal, No. Pembelian, Supplier, Qty, Harga, Tanggal, No. Pembelian, Supplier, Qty, Harga, Tanggal, No. Pembelian, Supplier, Qty, Harga, Tanggal, No. Pembelian, Supplier, Qty, Harga, Tanggal, No. Pembelian, Supplier, Qty, Harga, Tanggal, No. Pembelian, Supplier, Qty, Harga, Tanggal, No. Pembelian, Supplier, Qty, Harga, Tanggal, No. Pembelian, Supplier, Qty, Harga, Tanggal, No. Pembelian, Supplier, Qty, Harga, Tanggal, No. Pembelian, Supplier, Qty, Harga, Tanggal, No. Pembelian, Supplier, Qty, Harga, Tanggal, No. Pembelian, Supplier, Qty, Harga, Tanggal, No. Pembelian, Supplier, Qty, Harga, Tanggal, No. Pembelian, Supplier, Qty, Harga, Tanggal, No. Pembelian, Supplier, Qty, Harga, Tanggal, No. Pembelian, Supplier, Qty, Harga, Tanggal, No. Pembelian, Supplier, Qty, Harga, Tanggal, No. Pembelian, Supplier, Qty, Harga, Tanggal, No. Pembelian, Supplier, Qty, Harga, Tanggal, No. Pembelian, Supplier, Qty, Harga, Tanggal, No. Pembelian, Supplier, Qty, Harga | Tanggal, No. Pembelian, Supplier, Qty, Harga | Tanggal, No. Pembelian, Supplier, Qty, Harga | Tanggal, No. Pembelian, Supplier, Qty, Harga | Tanggal, No. Pembelian, Supplier, Qty, Harga | Tanggal, No. Pembelian, Supplier, Qty, Harga | Tanggal, No. Pembelian, Supplier, Qty, Harga | Tanggal, No. Pembelian, Supplier, Qty, Harga | Tanggal, No. Pembelian, Supplier, Qty, Harga | Tanggal, No. Pembelian, Supplier, Qty, Harga | Tanggal, No. Pembelian, Supplier, Qty, Harga | Tanggal, No. Pembelian, Supplier, Qty, Harga | Tanggal, No. Pembelian, Supplier, Qty, Harga | Tanggal, No. Pembelian, Supplier, Qty, Harga | Tanggal, No. Pembelian, Supplier, Qty, Harga | Tanggal, No. Pembelian, Supplier, Qty, Harga | Tanggal, No. Pembelian, Supplier, Qty, Harga | Tanggal, No. Pembelian, Supplier, Qty, Harga | Tanggal, No. Pembelian, Supplier, Qty, Harga | Tanggal, No. Pembelian, Supplier, Qty, Harga | Tanggal, No. Pembelian, Supplier, Qty, Harga | Tanggal, No. Pembelian, Supplier, Qty, Harga | Tanggal, No. Pembelian, Supplier, Qty, Harga | Tanggal, No. Pembelian, Supplier, Qty, Harga | Tanggal, No. Pembelian, Supplier, Qty, Harga | Tanggal, No. Pembelian, Supplier, Qty, Harga | Tanggal, No. Pembelian, Supplier, Qty, Harga | Tanggal, No. Pembelian, Supplier, Qty, Harga | Tanggal, No. Pembelian, Supplier, Qty, Harga | Tanggal, No. Pembelian, Supplier, Qty, Harga | Tanggal, No. Pembelian, Supplier, Qty, Harga | Tanggal, No. Pembelian, Supplier, Qty, Harga | Tanggal, No. Pembelian, Supplier, Qty, Harga | Tanggal, No. Pembelian, Supplier, Qty, Harga | Tanggal, No. Pembelian, Supplier, Qty, Harga | Tanggal, No. Pembelian, Supplier, Qty, Harga | Tanggal, No. Pembelian, Supplier, Qty, Harga | Tanggal, No. Pembelian, Supplier, Qty, Harga | Tanggal, No. Pembelian, Supplier, Qty, Harga | Tanggal, No. Pembelian, Supplier, Qty, Harga | Tanggal, No. Pembelian, Supplier, Qty, Harga | Tanggal, No. Pembelian, Supplier, Qty, Harga | Tanggal, No. Pembelian, Supplier, Qty, Harga | Tanggal, No. Pembelian, Supplier, Qty, Harga | Tanggal, No. Pembelian, Supplier, Qty, Harga | Tanggal, No. Pembelian, Supplier, Qty, Harga | Tanggal, No. Pembelian, Supplier, Qty, Harga | Tanggal, No. Pembelian, Supplier, Qty, Harga | Tanggal, No. Pembelian, Supplier, Qty, Harga | Tanggal, No. Pembelian, Supplier, Qty, Harga | Tanggal, No. Pembelian, Supplier, Qty, Harga | Tanggal, No. Pembelian, Supplier, Qty, Harga | Tanggal, No. Pembelian, Supplier, Qty, Harga | Tanggal, No. Pembelian, Supplier, Qty, Harga | Tanggal, No. Pembelian, Supplier, Qty, Harga | Tanggal, No. Pembelian, Supplier, Qty, Harga | Tanggal, No. Pembelian, Supplier, Qty, Harga | Tanggal, No. Pembelian, Supplier, Qty, Harga | Tanggal, No. Pembelian, Supplier, Qty, Harga | Tanggal, No. Pembelian, Supplier, Qty, Harga | Tanggal, No. Pembelian, Supplier, Qty, Harga | Tanggal, No. Pembelian, Supplier, Qty, Harga | Tanggal, No. Pembelian, Supplier, Qty, Harga | Tanggal, No. Pembelian, Supplier, Qty, Harga | Tanggal, No. Pembelian, Supplier, Qty, Harga | Tanggal, No. Pembelian, Supplier, Qty, Harga | Tanggal, No. Pembelian, Supplier, Qty, Harga | Tanggal, No. Pembelian, Supplier, Qty, Harga | Tanggal, No. Pembelian, Supplier, Qty, Harga | Tanggal, No. Pembelian, Supplier, Qty, Harga | Tanggal, No. Pembelian, Supplier, Qty, Harga | Tanggal, No. Pembelian, Supplier, Qty, Harga | Tanggal, No. Pembelian, Supplier, Qty, Harga | Tanggal, No. Pembelian, Supplier, Qty, Harga | Tanggal, No. Pembelian, Supplier, Qty, Harga | Tanggal, No. Pembelian, Supplier, Qty, Harga | Tanggal, No. Pembelian, Supplier, Qty, Harga | Tanggal, No. Pembelian, Supplier, Qty, Harga | Tanggal, No. Pembelian, Supplier, Qty, Harga | Tanggal, No. Pembelian, Supplier, Qty, Harga | Tanggal, No. Pembelian, Supplier, Qty, Harga | Tanggal, No. Pembelian, Supplier, Qty, Harga | Tanggal, No. Pembelian, Supplier, Qty, Harga | Tanggal, No. Pembelian, Supplier, Qty, Harga | Tanggal, No. Pembelian, Supplier, Qty, Harga | Tanggal, No. Pembelian, Supplier, Qty, Harga | Tanggal, No. Pembelian, Supplier, Qty, Harga | Tanggal, No. Pembelian, Supplier, Qty, Harga | Tanggal, No. Pembelian, Supplier, Qty, Harga | Tanggal, No. Pembelian, Supplier, Qty, Harga | Tanggal, No. Pembelian, Supplier, Qty, Harga | Tanggal, No. Pembelian, Supplier, Qty, Harga | Tanggal, No. Pembelian, Supplier, Qty, Harga | Tanggal, No. Pembelian, Supplier, Qty, Harga | Tanggal, No. Pembelian, Supplier, Qty, Harga | Tanggal, No. Pembelian, Supplier, Qty, Harga | Tanggal, No. Pembelian, Supplier, Qty, Harga | Tanggal, No. Pembelian, Supplier, Qty, Harga | Tanggal, No. Pembelian, Supplier, Qty, Harga | Tanggal, No. Pembelian, Supplier, Qty, Harga | Tanggal, No. Pembelian, Supplier, Qty, Harga | Tanggal, No. Pembelian, Supplier, Qty, Harga | Tanggal, No. Pembelian, Supplier, Qty, Harga | Tanggal, No. Pembelian, Supplier, Qty, Harga | Tanggal, No. Pembelian, Supplier, Qty, Harga | Tanggal, No. Pembelian, Supplier, Qty, Harga | Tanggal, No. Pembelian, Supplier, Qty, Harga | Tanggal, No. Pembelian, Supplier, Qty, Harga | Tanggal, No. Pembelian, Supplier, Qty, Harga | Tanggal, No. Pembelian, Supplier, Qty, Harga | Tanggal, No. Pembelian, Supplier, Qty, Harga | Tanggal, No. Pembelian, Supplier, Qty, Harga | Tanggal, No. Pembelian, Supplier, Qty, Harga | Tanggal, No. Pembelian, Supplier, Qty, Harga | Tanggal, No. Pembelian, Supplier, Qty, Harga | Tanggal, No. Pembelian, Supplier, Qty, Harga | Tanggal, No. Pembelian, Supplier, Qty, Harga | Tanggal, No. Pembelian, Supplier, Qty, Harga | Tanggal, No. Pembelian, Supplier, Qty, Harga | Tanggal, No. Pembelian, Supplier, Qty, Harga | Tanggal, No. Pembelian, Supplier, Qty, Harga | Tanggal, No. Pembelian, Supplier, Qty, Harga | Tanggal, No. Pembelian, Supplier, Qty, Harga | Tanggal, No. Pembelian, Supplier, Qty, Harga | Tanggal, No. Pembelian, Supplier, Qty, Harga | Tanggal, No. Pembelian, Supplier, Qty, Harga | Tanggal, No. Pembelian, Supplier, Qty, Harga | Tanggal, No. Pembelian, Supplier, Qty, Harga | Tanggal, No. Pembelian, Supplier, Qty, Harga | Tanggal, No. Pembelian, Supplier, Qty, Harga | Tanggal, No. Pembelian, Supplier, Qty, Harga | Tanggal, No. Pembelian, Supplier, Qty, Harga | Tanggal, No. Pembelian, Supplier, Qty, Harga | Tanggal, No. Pembelian, Supplier, Qty, Harga | Tanggal, No. Pembelian, Supplier, Qty, Harga | Tanggal, No. Pembelian, Supplier, Qty, Harga | Tanggal, No. Pembelian, Supplier, Qty, Harga | Tanggal, No. Pembelian, Supplier, Qty, Harga | Tanggal, No. Pembelian, Supplier, Qty, Harga | Tanggal, No. Pembelian, Supplier, Qty, Harga | Tanggal, No. Pembelian, Supplier, Qty, Harga | Tanggal, No. Pembelian, Supplier, Qty, Harga | Tanggal, No. Pembelian, Supplier, Qty, Harga | Tanggal, No. Pembelian, Supplier, Qty, Harga | Tanggal, No. Pembelian, Supplier, Qty, Harga | Tanggal, No. Pembelian, Supplier, Qty, Harga | Tanggal, No. Pembelian, Supplier, Qty, Harga | Tanggal, No. Pembelian, Supplier, Qty, Harga | Tanggal, No. Pembelian, Supplier, Qty, Harga | Tanggal, No. Pembelian, Supplier, Qty, Harga | Tanggal, No. Pembelian, Supplier, Qty, Harga | Tanggal, No. Pembelian, Supplier, Qty, Harga | Tanggal, No. Pembelian, Supplier, Qty, Harga | Tanggal, No. Pembelian, Supplier, Qty, Harga | Tanggal, No. Pembelian, Supplier, Qty, Harga | Tanggal, No. Pembelian, Supplier, Qty, Harga | Tanggal, No. Pembelian, Supplier, Qty, Harga | Tanggal, No. Pembelian, Supplier, Qty, Harga | Tanggal, No. Pembelian, Supplier, Qty, Harga | Tanggal, No. Pembelian, Supplier, Qty, Harga","Catatan, Qty Order","[Detail Kebutuhan Barang] • Field: Kode, Sales, Customer, Produk, Brand, Status, Tanggal, Pembuat, Diselesaikan oleh, Tanggal Penyelesaian • Tabel Detail: (#, Barang, Catatan, Qty, Stok, Selisih) • Aksi Modal: Process, Tutup","Riwayat, Buat, Process, Lihat, Ubah, Selesaikan, Hide, Modal Tutup",""""""
"Operasional","Kebutuhan Barang","Buat Kebutuhan Barang","/need-for-goods/create","Form","—","#, Kode Bahan, Nama Bahan, Konsentrasi (%), Qty Dibutuhkan","Sales Pilih sales order (opsional), Produk Pilih produk dari sales (opsional), Customer Info customer, Tanggal * Tanggal kebutuhan, Isi Netto (ml/gr) * Kapasitas produk, Qty Produksi (pcs) * Jumlah produksi, Catatan Keterangan (opsional), Qty Produk * Jumlah produk yang akan dibuat, Barang * Nama barang, Qty * Jumlah","—","Tambahkan ke Keranjang, Tambah ke Keranjang, Batal, Simpan","Memiliki sub-tabel keranjang/item dinamis"
"Operasional","Leads","Leads","/leads","List","—","#, Tanggal Leads, Catatan, Total Qty Leads, Aksi","Search, GSTable1_length","—","Buat",""""""
"Operasional","Leads","Buat Leads","/leads/create","Form","—","Penerima Leads *, Qty Leads *, Aksi","Tanggal Leads *, Catatan","—","Kembali, Simpan","Memiliki sub-tabel keranjang/item dinamis"
"Operasional","Pembelian","DP Pembelian","/purchase-down-payment","List","Total Bayar Pembelian Hari Ini, Total DP Pembelian Terkait, DP Belum Diapply","DP No, Vendor, Date, Amount, Applied To (No Invoice kalau sudah dipakai), Remaining Balance, Status, #","Navbar tabs selaras card: Bayar Pembelian | DP Pembelian, Search, Filter Vendor","[Detail DP Pembelian] Data DP, Rekening Bank Sumber, Invoice Terkait yang telah dioffset • Jurnal: Dr AP Prepayment, Cr Bank/Cash","+ Buat, Lihat, Apply to Invoice, Cancel (Draft)","Saat Faktur Pembelian dibuat untuk vendor dengan DP outstanding, sistem notifikasi untuk potong/apply DP ke invoice | Poin 9: Urutan card & tab selaras dengan Bayar Pembelian lalu DP Pembelian"
"Operasional","Pembelian","Buat DP Pembelian","/purchase-down-payment/create","Form","—","#, Barang, Qty, Harga, Total","Vendor* (search-select), Date*, Amount*, Bank Account* (sumber dana search-select), Note","—","Kembali, Simpan","Nomor DP otomatis DPB-YYMM-XXXX"
"Operasional","Pembelian","Faktur Pembelian","/purchase-invoice","List","Bayar Pembelian (Total Due), DP Pembelian (Outstanding Advance), Overdue Invoices, Awaiting Approval","Invoice No, Vendor, Invoice Date (Custom), Deadline (Jatuh Tempo), Amount, Diskon (Rp), Outstanding, Status, Notes (Alasan Belum Dibayar - wajib tampil saat belum lunas), #","Navbar tabs: Semua Tagihan | Sudah Dibayar | Belum Dibayar, Filter Periode Date Range Custom, Search Detail","[Detail Faktur Pembelian] Rincian Barang yang Dibeli, Unit Price, Diskon (Rp), Pajak, Notes Alasan Belum Dibayar • 3-Way Match Accuracy disembunyikan (hide) dari UI • Jurnal GL Otomatis","+ Buat, Import Data Faktur (Excel), Filter, Lihat, Edit (Draft), Modal Setuju, Modal Tolak","Matching Engine 4-Leg: PO ↔ GRN ↔ QC Passed Qty ↔ Vendor Invoice. Toleransi otomatis. Reject QC auto generate Debit Note/Pending Retur AP. Persentase akurasi di-hide dari UI (hanya status Matched/Exception) | Poin 4-9: Tanggal invoice custom (tidak read-only). Import data faktur. Detail barang + diskon. Navbar Semua/Sudah/Belum Dibayar + Notes alasan belum dibayar. Hide akurasi matching. Pola card Bayar Pembelian lalu DP Pembelian. Label jatuh tempo -> Deadline. Fitur pencocokan selisih nominal dinonaktifkan"
"Operasional","Pembelian","Bayar Pembelian","/purchase-payment","List","Total Bayar Pembelian Hari Ini, Total DP Pembelian Terkait, Total Selected Batch","Checklist, Vendor, Invoice Ref, Due Date, Amount, Bank Account Tujuan, #","Navbar tabs selaras card: Bayar Pembelian | DP Pembelian, Filter Periode Date Range Custom","[Detail Pembayaran] Bukti Transfer, Daftar Invoice yang Dibayar, Selisih Diskon/Pembulatan • Jurnal: Dr AP Control, Cr Bank/Cash","+ Buat Pembayaran Tunggal / Batch, Filter, Eksekusi Bayar, Print Bukti Kas Keluar","Konsistensi posisi card & navbar disamakan dengan DP Pembelian. Mendukung partial payment. Auto update status invoice jadi Paid/Partial | Poin 9: Pola card ringkasan di atas + navbar/tab filter di bawahnya dengan urutan selaras: Bayar Pembelian lalu DP Pembelian (referensi Work Orders)"
"Operasional","Pembelian","Retur Pembelian","/purchase-return","List","—","#, Tanggal, Kode Retur, Pembelian Masuk, Supplier, Total, Status, #","Search, GSTable1_length","[Detail Retur Pembelian] • Field: Kode, Status, Supplier, Gudang, Pembuat, Tanggal, Kode GR, Kode PO, Total Item, Total Jumlah • Tabel Detail: (#, Barang, Qty Retur, Harga, Total, Catatan) • Aksi Modal: Tutup","Riwayat, Buat, Modal Tutup",""""""
"Operasional","Pembelian","Buat Retur Pembelian","/purchase-return/create","Form","—","#, Barang, Satuan, Qty GR, Sudah Diretur, Qty Tersedia, Qty Retur, Catatan, Total","Tanggal, Pembelian Masuk, Catatan","—","Kembali, Simpan","Memiliki sub-tabel keranjang/item dinamis"
"Operasional","Pembelian","Buat Pembelian (Form)","/purchase/create","Form","—","#, Barang (search-select), Qty, Harga Satuan, Diskon (Rp), Total, Aksi","Supplier* (search-select), Gudang Tujuan*, Tanggal Input PO* (Read-only otomatis hari ini), Deadline* (label baru pengganti jatuh tempo), Catatan, Field Diskon* (dalam Rupiah, dikurangi dari ongkir), Field Ongkir* (Rupiah), Tanda Tangan Digital Penanggung Jawab*","—","Tambah ke Keranjang, Batal, Simpan Pembelian",""""" | Poin 41, 45, 46, 60, 61: Input PO wajib menyertakan Diskon & Ongkir (Diskon dalam Rupiah, bukan persen, dikurangi dari ongkir). Selisih pembulatan packing dimasukkan ke diskon. Tanggal input read-only hari ini. Tanda tangan digital | Format Kode Universal: Tersedia versi lengkap (DL-DIV-PRD-DDMMYYYY-0001) & versi ringkas (PRD-DDMMYYYY-0001). Nomor urut akhir bersifat global & berkelanjutan (tidak reset)"
"Operasional","Pengajuan Dana","Pengajuan Dana (Fund Request)","/fund-request","Approval List / Workflow","Total Pengajuan Bulan Ini, Menunggu Approval, Sudah Dicairkan","No. Pengajuan, Pemohon, Departemen, Tujuan/Keperluan, Amount, Level Approval Saat Ini, Status, Tanggal Pengajuan, #","Filter Departemen, Filter Status","[Detail Pengajuan Dana] Data Pemohon, Jabatan/Jenjang, Keperluan, Nominal • Alur Approval Bertingkat: (Staff -> Head Divisi -> Accounting -> Direktur) ATAU (Head Divisi -> Accounting -> Direktur)","+ Buat Pengajuan, Lihat, Modal Setuju, Modal Tolak (Catatan), Cairkan Dana (Disburse)","Menggantikan Google Form. Pola UI disamakan dengan Persetujuan Pembelian. Saat Disbursed, otomatis generate Kas Bank Keluar (Dr Uang Muka Karyawan / Beban, Cr Bank) | Poin 22-24: Alur disesuaikan Google Form. Jenjang approval: Staff -> Head -> Accounting -> Direktur; jika diajukan Head -> langsung Accounting -> Direktur. Proses disamakan dengan persetujuan pembelian"
"Operasional","Pengajuan Dana","Buat Pengajuan Dana","/fund-request/create","Form","—","—","Jenjang Pengaju* (Staff / Head Divisi), Pemohon* (search-select / auto login), Departemen*, Keperluan*, Nominal*, Tanggal Dibutuhkan*, Lampiran Bukti (Upload)","—","Kembali, Submit Pengajuan","Threshold amount menentukan apakah perlu Direktur atau cukup Accounting | Poin 23: Pilihan jenjang pengaju Staff vs Head menentukan rute approval otomatis"
"Operasional","Penjualan","Collections","/collections","Monitoring & Action Tracking","Total Overdue, Invoice > 60 Hari","Invoice No, Customer, Days Overdue, Last Contact Date, Next Action Date, PIC BusDev, Status Collection, Notes, #","Filter Days Overdue (>30, >60, >90), Filter BusDev","[Detail Collection] Timeline interaksi reminder WhatsApp/Telepon/Email, Riwayat Janji Bayar, Catatan Khusus","+ Tambah Log Interaksi, Set Next Action Date, Kirim Reminder, Export Excel","Murni log pelacakan reminder, tidak menghasilkan jurnal GL"
"Operasional","Penjualan","Penjualan","/sales","List","—","#, Kode SO (Universal Global), Tanggal, Pelanggan, Kategori, Brand, Pembuat, Deadline per PIC, Grand Total, Status, #","Search/Autocomplete Detail, Filter Status, Filter Periode (Date Range Custom)","—","Riwayat, Buat",""""" | Poin 38 & 70: Ditambahkan deadline per PIC pada Sales Order. Format kode universal SO (DL-SAL-SO-... nomor urut global berlanjut tanpa reset)"
"Operasional","Penjualan","DP Penjualan","/sales-down-payment","List","Total DP Masuk, DP Belum Diapply","DP No, Customer, Kategori (Sample / Legalitas / Produksi), Date, Amount, Applied To, Remaining Balance, Status, #","Navbar tabs: Sample | Legalitas | Produksi, Filter Periode Date Range Custom, Search","[Detail DP Penjualan] Kategori Uang Muka, Rekening Bank Penerima, Alokasi Faktur Penjualan • Jurnal: Dr Bank, Cr AR Advance (khusus tab Legalitas masuk ke Client Escrow Ledger)","+ Buat, Lihat, Apply to Invoice, Cancel","Tab Legalitas terhubung ke logic Escrow 5.3. Tab Sample terhubung ke Sample Fee 3.7. Tab Produksi untuk Job Order | Poin 14: Navbar DP Penjualan dipisahkan menjadi tab Sample, Legalitas, dan Produksi"
"Operasional","Penjualan","Buat DP Penjualan","/sales-down-payment/create","Form","—","#, Tipe, Nama Item, Netto, Harga, Qty, Total","Customer* (search-select), Kategori* (Sample/Legalitas/Produksi), Date*, Amount*, Bank Account* (search-select), Note","—","Kembali, Simpan","Memiliki sub-tabel keranjang/item dinamis"
"Operasional","Penjualan","Faktur Penjualan","/sales-invoice","List","Outstanding AR, Overdue AR, Awaiting Approval","Invoice No, Customer, Contract Type, Deadline, Amount, Diskon (Rp), Outstanding, Status, Delivery Gatekeeper (HELD/RELEASED), Notes (Alasan Belum Dibayar), #","Navbar tabs: Semua Tagihan | Sudah Dibayar | Belum Dibayar, Filter Periode Date Range Custom, Search Detail","[Detail Faktur Penjualan] Rincian Barang yang Dijual, Diskon (Rp), Status Delivery Gatekeeper, Notes Alasan Belum Lunas • Akurasi matching di-hide","+ Buat, Import Data Faktur (Excel), Filter, Lihat, Release Delivery, Print Invoice","AR Delivery Gatekeeper (FINANCIAL_DELIVERY_RELEASE): default HELD, Gudang dilarang cetak Surat Jalan sebelum Finance ubah jadi RELEASED (setelah DP/lunas terverifikasi). Bahan Consignment tidak menambah COGS | Poin 13: Menerapkan seluruh perubahan yang sama dengan Faktur Pembelian (custom date, import, detail barang + diskon, navbar Semua/Sudah/Belum Dibayar + notes alasan belum lunas, hide matching %)"
"Operasional","Penjualan","Report Penjualan (Pembayaran Penjualan)","/sales-payment","List","Total Diterima Hari Ini, Unallocated Balance","Receipt No, Customer, Date, Total Amount, Allocated Invoices, PPh 21 & PPh 23 Terhitung, Unallocated Balance, Status, #","Customer* (search-select), Date*, Amount*, Bank Account*, Potongan PPh 23, Perhitungan PPh 21, Filter Periode Date Range Custom","[Detail Penerimaan] Bukti Bayar, Rekap PPh 23 & PPh 21, Alokasi Faktur Penjualan","+ Buat Penerimaan, Filter, Print Bukti Penerimaan, Lihat Detail","Kelebihan bayar otomatis menjadi AR Advance. PPh 23 dipotong customer dicatat sebagai uang muka pajak tanpa menggantung outstanding invoice | Poin 15 & 16: Judul/headline sidebar diganti menjadi ""Report Penjualan"". Tetap menyediakan perhitungan/laporan PPh 21 dan PPh 23"
"Operasional","Penjualan","Retur Penjualan","/sales-return","List","—","#, Tanggal, Kode Retur, No. Faktur, Pelanggan, Total, Status, #","Search, GSTable1_length","—","Riwayat, Buat Retur",""""""
"Operasional","Penjualan","Buat Retur Penjualan","/sales-return/create","Form","—","#, Barang, Satuan, Qty Faktur, Sudah Diretur, Qty Tersedia, Qty Retur, Catatan, Total","Tanggal, Faktur Penjualan, Catatan","—","Kembali, Simpan","Memiliki sub-tabel keranjang/item dinamis"
"Operasional","Penjualan","Penjualan Sample","/sales-sample","List","0 Pending; 0 Approved; 0 Process; 0 Revise","#, Kode, Tanggal, Pelanggan, Nama Produk, Rev, Formulator, Catatan Formulasi, Total, Status, #","Search, GSTable1_length","—","Riwayat, Buat",""""""
"Operasional","Penjualan","Sample Fee (Bayar Sample)","/sales-sample-payment","List","Total Sample Fee Diterima Bulan Ini, Sample Fee Belum Di-offset (Nganggur)","Sample Fee No, Prospective Client / Customer, Date, Amount, Status (Received / Offset / Expired), Offset To (No DP Produksi), Job Order Ref (Sample), #","Customer/Prospective Client* (bisa prospect ringan), Date*, Amount*, Bank Account*, Note, Validity Period (bulan)","[Detail Sample Fee] Klien Prospek, Spesifikasi Formulasi Sample, Status Kompensasi DP Produksi • Jurnal: Dr Bank, Cr Sample Fee - Unearned (saat diterima); Dr Sample Fee - Unearned, Cr AR Advance (saat offset); Dr Sample Fee - Unearned, Cr Revenue Sample (saat expired)","+ Buat Sample Fee, Lihat, Offset ke DP Produksi, Set Expired","Client bayar fee trial lab. Jika lanjut kontrak produksi massal, fee dikompensasikan sebagai pengurang DP Produksi (bukan revenue terpisah). Jika hangus/expired, baru diakui Revenue murni"
"Operasional","Penjualan","Buat Penjualan Sample","/sales-sample/create","Form","—","—","Tanggal * Tanggal pembuatan sales sample, Formulator * Pilih formulator yang akan mengerjakan sample, Pelanggan * Ketik nama pelanggan (minimal 1 karakter), Deskripsi * Deskripsi singkat sales sample, Referensi * Referensi atau dokumen terkait, Target * Target yang ingin dicapai, Form * Bentuk fisik produk, Color * Warna produk, Flavor * Aroma/rasa produk, Netto * Berat/isi produk, Material Request * Bahan yang dibutuhkan untuk pembuatan sample, Claim * Klaim manfaat produk, Nama Produk * Nama produk yang akan dibuat, Harga * Harga sample, Diskon * Diskon yang diberikan, Pajak % * Persentase pajak, File Lampiran Upload dokumen pendukung (opsional), Pilih file...","—","Kembali, Simpan",""""""
"Operasional","Penjualan","Buat Penjualan (SO)","/sales/create","Form","—","—","Kode SO (Auto Universal Global), Pelanggan* (search-select), Kategori*, Brand*, Tanggal Order*, Deadline Final*, Deadline per PIC (Desain, Formulasi, Pengadaan, Produksi)*, Multi-line Produk","—","Kembali, Simpan",""""" | Poin 38: Input deadline per PIC | Format Kode Universal: Tersedia versi lengkap (DL-DIV-PRD-DDMMYYYY-0001) & versi ringkas (PRD-DDMMYYYY-0001). Nomor urut akhir bersifat global & berkelanjutan (tidak reset)"
"Operasional","Penyesuaian Stok","Penyesuaian Stok","/stock-adjustment","List","—","#, Kode, Tanggal, Gudang, Pembuat, Catatan, #","Periode: *","—","Buat",""""""
"Operasional","Penyesuaian Stok","Buat Penyesuaian Stok","/stock-adjustment/create","Form","—","—","Gudang * Pilih gudang yang akan disesuaikan, Tanggal Penyesuaian * Tanggal penyesuaian stok, Catatan Catatan tambahan untuk penyesuaian stok (opsional), Barang * Pilih barang yang akan disesuaikan, Stok Sistem Stok saat ini di sistem (read-only), Stok Aktual * Stok yang diinginkan, CoA Penyesuaian * Akun untuk koreksi, Catatan Item Catatan khusus untuk barang ini (opsional)","—","Tambah ke Keranjang, Kembali, Simpan Penyesuaian Stok",""""""
"Operasional","Permintaan Barang","Permintaan Barang","/goods-request","List","—","#, Kode, Tanggal, Peminta, Penyedia, Pembuat, Catatan, Status, #","Search, GSTable1_length","[Detail Permintaan Barang] • Field: Kode Permintaan, Status, Gudang Asal, Gudang Tujuan, Tanggal Permintaan, Catatan, Pembuat, Belum ada riwayat persetujuan • Tabel Detail: (#, Barang, Qty Diminta, Qty Disetujui, Qty Dikeluarkan, Qty Digunakan, Qty Dikembalikan, Qty Selisih, Catatan) • Aksi Modal: Tutup","Riwayat, Buat, Pending, Lihat, Print, Modal Tutup",""""""
"Operasional","Permintaan Barang","Buat Permintaan Barang","/goods-request/create","Form","—","#, Nama Bahan, Kons. (%), Qty Bth","Gudang Peminta * Gudang yang meminta barang (hanya gudang yang Anda akses), Gudang Penyedia * Gudang yang akan menyediakan barang, Tanggal Permintaan * Tanggal permintaan diajukan, Catatan Catatan tambahan untuk permintaan (opsional), Barang * Pilih barang yang akan diminta, Info Stok Informasi stok di kedua gudang, Jumlah (Qty) * Masukkan jumlah barang yang diminta, Catatan Item Catatan khusus (opsional), Batch Record Pilih batch record, Qty Produk Jumlah produk yang akan dibuat","—","Tambah ke Keranjang, Kembali, Simpan Permintaan","Memiliki sub-tabel keranjang/item dinamis"
"Operasional","Permintaan Pembelian","Permintaan Pembelian","/purchase-request","List","—","#, Kode, Tanggal, Pemohon, Total Item, Catatan, Status, #","Search, GSTable1_length","—","Riwayat, Buat",""""""
"Operasional","Permintaan Pembelian","Buat Permintaan Pembelian","/purchase-request/create","Form","—","—","Tanggal Permintaan * Tanggal permintaan pembelian diajukan, Catatan Catatan tambahan untuk permintaan ini (opsional), Barang * Pilih barang yang akan diminta, Info Barang Informasi barang yang dipilih, Jumlah (Qty) * Masukkan jumlah barang yang diminta, Catatan Item Catatan khusus untuk barang ini (opsional)","—","Tambah ke Keranjang, Kembali, Simpan Permintaan",""""""
"Operasional","Pra Produksi","Batch Record","/batch-record","List","—","#, Kode, Tanggal, Sales, Pelanggan, Kategori, Produk, Status, #","Search, GSTable1_length","[Detail Batch Record] • Field: Kode Batch Record, Status, Tanggal, Pembuat, Kode Sales, Tanggal Sales, Pelanggan, Kategori • Tabel Detail: (#, Kode Barang, Nama Barang, Satuan) • Aksi Modal: Tutup","Riwayat, Buat, Pending, Lihat, Print, Batalkan, Modal Tutup",""""""
"Operasional","Pra Produksi","Buat Batch Record","/batch-record/create","Form","—","—","Sales * Pilih nomor sales yang berstatus process, Produk * Pilih produk dari detail sales, Tanggal * Tanggal batch record dibuat, File Lampiran Upload file dokumen (opsional), Pilih file..., Catatan Catatan tambahan (opsional)","—","Kembali, Simpan",""""" | Format Kode Universal: Tersedia versi lengkap (DL-DIV-PRD-DDMMYYYY-0001) & versi ringkas (PRD-DDMMYYYY-0001). Nomor urut akhir bersifat global & berkelanjutan (tidak reset)"
"Operasional","Pra Produksi","Kelola Desain & Kemasan","/design-manage","Design Workflow & Revision Matrix","Total Desain Berjalan, Menunggu Approval BusDev & Purchase, Desain Disetujui, Desain Perlu Revisi","#, Kode Desain, Sales Order, Brand / Produk, PIC Desain (Mas Edi), No. Batch, Expired Date, Versi Revisi, Status Dokumen BPOM, Status Approval (BusDev & Purchase), Foto Kemasan, #","Search/Autocomplete, Filter Status Approval, Filter Periode Date Range Custom, Filter PIC Desain","[Detail Desain] Riwayat Revisi Desain Kemasan (V1, V2, dst), File Lampiran Desain HD (PDF/AI/PNG), Foto Kemasan, Status Nomor Dokumen BPOM, Log Approval BusDev & Purchase","+ Buat Desain Baru, + Unggah Revisi, Lihat File Lampiran, Approval BusDev, Approval Purchase","Poin 68-74: Modul Desain terhubung dengan QC, Purchase, dan BusDev. Mendukung fitur revisi, field batch, expired date, file lampiran, dan foto kemasan. Approval cukup oleh BusDev dan Purchase"
"Operasional","Pra Produksi","Buat / Revisi Desain","/design-manage/create","Form","—","—","Sales Order* (search-select), Brand & Produk*, PIC Desain* (Mas Edi / Team), Nomor BPOM*, Batch Number*, Expired Date*, Versi Revisi (Auto V1/V2), Upload File Desain Kemasan* (PDF/AI/Image), Upload Foto Kemasan Acuan*, Catatan Revisi","—","Kembali, Simpan Draft, Submit Approval ke BusDev & Purchase","Poin 71-74: Form input desain & revisi kemasan maklon kosmetik"
"Operasional","Pra Produksi","Formulasi","/formulation","List","—","#, Kode, Tanggal, Nama Produk, Rev, Netto, Pelanggan, BusDev, Formulator, Status, #","Search, GSTable1_length","—","Riwayat Sample, Riwayat Formula",""""""
"Operasional","Pra Produksi","Penyesuaian Formulasi","/formulation-adjustment","List","—","#, Kode, Tanggal, Nama Produk, Rev, Netto, Pelanggan, BusDev, Formulator, Status, #","Search, GSTable1_length","Modal Detail via AJAX (ajaxDetailSalesSample('2370','modal-lg');)","Rev 1, Revise, Lihat, Sesuaikan Formula",""""""
"Operasional","Pra Produksi","Kelola Formulasi","/formulation-manage","List","—","#, Kode, Tanggal, Nama Produk, Rev, Netto, Pelanggan, BusDev, Formulator, Status, #","Search, GSTable1_length","Modal Detail via AJAX (ajaxDetailSalesSample('2370','modal-lg');)","Riwayat Sample, Riwayat Formula, Rev 1, Revise, Lihat, Serahkan Formulator, Buat Formulasi",""""""
"Operasional","Pra Produksi","Permintaan HPP","/request-cogs","List","—","#, Kode, Tanggal, Pelanggan, Produk, Formula, Jumlah MOQ, Status, #","Search, GSTable1_length","—","Riwayat, Buat",""""""
"Operasional","Pra Produksi","Buat Permintaan HPP","/request-cogs/create","Form","—","—","Pelanggan * Nama pelanggan, Sales Sample * Sample produk, Formula Nomor revisi, Tanggal * Tanggal request, Kemasan Primer Opsional, Kemasan Primer 2 Opsional, Kemasan Sekunder Opsional, Netto *, Jumlah *","—","Kembali, Simpan",""""""
"Operasional","Pra Produksi","Jadwal Filling","/schedule-filling","List","—","#, Kode, Tanggal, Batch Record, Pelanggan, Produk, Target (PCS), Status, #","Search, GSTable1_length","[Detail Jadwal Filling] • Field: Kode, Tanggal, Batch Record, Sales, Pelanggan, Kategori, Target Qty (PCS), Status, Dibuat Oleh • Tabel Detail: (#, Kode, Nama Kemasan, Qty, Satuan, Catatan) • Aksi Modal: Tutup","Riwayat, Buat, Modal Tutup",""""""
"Operasional","Pra Produksi","Buat Jadwal Filling","/schedule-filling/create","Form","—","—","Batch Record * Pilih batch record dengan status process yang akan dijadwalkan untuk filling, Tanggal Jadwal * Tanggal pelaksanaan filling, Target Qty (PCS) * Jumlah produk jadi yang akan diproduksi dalam satuan PCS, Kemasan Primer Pilih kemasan primer dari daftar barang, Qty Jumlah kemasan yang dibutuhkan, Catatan Catatan khusus untuk item ini (opsional), Catatan Informasi tambahan atau instruksi khusus untuk proses filling","—","Tambah ke Keranjang, Kembali, Simpan",""""""
"Operasional","Pra Produksi","Jadwal Mixing","/schedule-mixing","List","—","#, Kode, Tanggal, Batch Record, Pelanggan, Produk, Target (PCS), Hasil Upscale, Status, #","Search, GSTable1_length","[Detail Jadwal Mixing] • Field: Kode, Tanggal, Batch Record, Sales Order, Pelanggan, Kategori, Produk, Status, Target Qty, Netto per PCS • Aksi Modal: Tutup","Riwayat, Buat, Pending, Lihat, Print, Batalkan, Modal Tutup",""""""
"Operasional","Pra Produksi","Buat Jadwal Mixing","/schedule-mixing/create","Form","—","—","Batch Record * Pilih batch record dengan status process yang akan dijadwalkan untuk mixing, Tanggal Jadwal * Tanggal pelaksanaan mixing, Target Qty (PCS) * Jumlah produk yang akan diproduksi dalam satuan PCS, Base Result (Otomatis) Target Qty × Netto per PCS = Total dalam satuan bahan, Upscale (%) * Persentase tambahan untuk produksi (contoh: 10 untuk 10%), Hasil Upscale (Otomatis) Base Result + (Base Result × Upscale %) = Total produksi dengan upscale, Catatan Informasi tambahan atau instruksi khusus untuk proses mixing","—","Kembali, Simpan",""""""
"Operasional","Pra Produksi","Jadwal Packaging","/schedule-packaging","List","—","#, Kode, Tanggal, Batch Record, Pelanggan, Produk, Target (PCS), Status, #","Search, GSTable1_length","[Detail Jadwal Packaging] • Field: Kode, Tanggal, Batch Record, Sales, Pelanggan, Kategori, Produk, Target Qty (PCS), Status, Dibuat Oleh • Tabel Detail: (#, Kode, Nama Kemasan, Qty, Satuan, Catatan) • Aksi Modal: Tutup","Riwayat, Buat, Pending, Lihat, Print, Batalkan, Modal Tutup",""""""
"Operasional","Pra Produksi","Buat Jadwal Packaging","/schedule-packaging/create","Form","—","—","Batch Record * Pilih batch record dengan status process yang akan dijadwalkan untuk packaging, Tanggal Jadwal * Tanggal pelaksanaan packaging, Target Qty (PCS) * Jumlah produk jadi yang akan diproduksi dalam satuan PCS, Kemasan Sekunder Pilih kemasan sekunder dari daftar barang, Qty Jumlah kemasan yang dibutuhkan, Catatan Catatan khusus untuk item ini (opsional), Catatan Informasi tambahan atau instruksi khusus untuk proses packaging","—","Tambah ke Keranjang, Kembali, Simpan",""""""
"Operasional","Pra Produksi & Costing","Job Order Costing","/job-order-costing","Cost Roll-Up Matrix","Total WIP Berjalan, Job Order Selesai Bulan Ini, Rata-rata Cost per Unit","Job Order No, Client / Brand, Product, Qty Output, Material Cost, Labor Cost, Overhead Allocated, Packaging Cost, Scrap/Wastage Cost, Total Cost, Cost/Unit, Status (Open / WIP / Closed), #","Filter Client/Brand, Filter Status JO","[Detail Job Order Costing] Konsumsi Aktual Bahan Baku (Hanya item OWNED_ASSET yang menambah cost; bahan CUSTOMER_CONSIGNMENT dicatat Qty saja dengan cost Rp 0). Baris terpisah Scrap/Wastage Cost jika yield aktual di bawah target formula BOM • Jurnal Closing JO: Dr COGS - Job Order, Cr WIP","Lihat Detail Cost Roll-Up, Recalculate Cost, Close Job Order (Posting COGS), Export Excel","Sumber data integrasi dari Modul Produksi (SPK/Batch Record) dan Inventory (Mutasi Pemakaian Bahan)"
"Operasional","Produksi","Produksi Filling","/production-filling","List","—","#, Kode, Tanggal, Batch Record, Pelanggan, Produk, Target (PCS), Status, #","Search, GSTable1_length","[Detail Jadwal Filling] • Field: Kode Jadwal, Tanggal Jadwal, Batch Record, Sales Order, Pelanggan, Kategori, Produk (BSJ), Target Qty, Status • Tabel Detail: (#, Kode Produksi, Mesin, Qty Produksi, Tanggal, Status) • Aksi Modal: Close","Riwayat, Modal Close",""""""
"Operasional","Produksi","Produksi Mixing","/production-mixing","List","—","#, Kode Jadwal, Tanggal, Batch Record, Pelanggan, Produk, Target (PCS), Hasil Upscale, Status, #","Search, GSTable1_length","[Detail Jadwal Mixing] • Field: Kode Jadwal, Tanggal Jadwal, Batch Record, Sales Order, Pelanggan, Kategori, Produk, Nama Formula, Hasil Mixing, Target Qty • Aksi Modal: Canceled, Close","Riwayat, Produksi, Pending, Lihat Jadwal, Modal Canceled, Modal Close",""""""
"Operasional","Produksi","Produksi Packaging","/production-packaging","List","—","#, Kode, Tanggal, Batch Record, Pelanggan, Produk, Target (PCS), Status, #","Search, GSTable1_length","[Detail Jadwal Packaging] • Field: Kode Jadwal, Tanggal Jadwal, Batch Record, Sales Order, Pelanggan, Kategori, Produk (BJD), Target Qty, Status • Tabel Detail: (#, Kode Produksi, Mesin, Qty Produksi, Tanggal, Status) • Aksi Modal: Close","Riwayat, Produksi, Pending, Lihat Jadwal, Modal Close",""""""
"Operasional","Stok Opname","Stok Opname","/stock-opname","List","—","#, Kode, Tanggal, Gudang, Pembuat, Catatan, #","Periode: *","[Detail Stock Opname] • Field: Kode Stock Opname, Gudang, Tanggal Stock Opname, Catatan, Pembuat • Tabel Detail: (#, Barang, Stok Sistem, Stok Aktual, Selisih, Catatan) • Aksi Modal: Tutup","Buat V1, Buat V2, Lihat, Print, Modal Tutup",""""""
"Operasional","Stok Opname","Buat Stok Opname","/stock-opname/create","Form","—","—","Gudang * Pilih gudang yang akan di-stock opname, Tanggal Stock Opname * Tanggal pelaksanaan stock opname, Catatan Catatan tambahan untuk stock opname (opsional), Barang * Pilih barang yang akan di-stock opname, Stok Sistem Stok saat ini di sistem (read-only), Stok Aktual * Hasil hitung fisik di gudang, Catatan Item Catatan khusus untuk barang ini (opsional)","—","Tambah ke Keranjang, Kembali, Simpan Stock Opname",""""""
"Laporan","Kebutuhan Barang","Kebutuhan Barang","/report-need-for-goods","Report","—","#, Kode, Tanggal, Sales / Customer / Produk / Brand, Pembuat, Status, # | #, Nama Barang, Kebutuhan Qty, Sisa Stok Saat Ini, Selisih, Qty Order, Harga (Rp), Total Kebutuhan (Rp), Total Selisih + (Rp), Total Selisih - (Rp), Total Qty Order (Rp), Catatan, Tanggal, No. Pembelian, Supplier, Qty, Harga, Tanggal, No. Pembelian, Supplier, Qty, Harga, Tanggal, No. Pembelian, Supplier, Qty, Harga, Tanggal, No. Pembelian, Supplier, Qty, Harga, Tanggal, No. Pembelian, Supplier, Qty, Harga, Tanggal, No. Pembelian, Supplier, Qty, Harga, Tanggal, No. Pembelian, Supplier, Qty, Harga, Tanggal, No. Pembelian, Supplier, Qty, Harga, Tanggal, No. Pembelian, Supplier, Qty, Harga, Tanggal, No. Pembelian, Supplier, Qty, Harga, Tanggal, No. Pembelian, Supplier, Qty, Harga, Tanggal, No. Pembelian, Supplier, Qty, Harga, Tanggal, No. Pembelian, Supplier, Qty, Harga, Tanggal, No. Pembelian, Supplier, Qty, Harga, Tanggal, No. Pembelian, Supplier, Qty, Harga, Tanggal, No. Pembelian, Supplier, Qty, Harga, Tanggal, No. Pembelian, Supplier, Qty, Harga, Tanggal, No. Pembelian, Supplier, Qty, Harga, Tanggal, No. Pembelian, Supplier, Qty, Harga, Tanggal, No. Pembelian, Supplier, Qty, Harga, Tanggal, No. Pembelian, Supplier, Qty, Harga, Tanggal, No. Pembelian, Supplier, Qty, Harga, Tanggal, No. Pembelian, Supplier, Qty, Harga, Tanggal, No. Pembelian, Supplier, Qty, Harga, Tanggal, No. Pembelian, Supplier, Qty, Harga, Tanggal, No. Pembelian, Supplier, Qty, Harga, Tanggal, No. Pembelian, Supplier, Qty, Harga, Tanggal, No. Pembelian, Supplier, Qty, Harga, Tanggal, No. Pembelian, Supplier, Qty, Harga, Tanggal, No. Pembelian, Supplier, Qty, Harga, Tanggal, No. Pembelian, Supplier, Qty, Harga, Tanggal, No. Pembelian, Supplier, Qty, Harga, Tanggal, No. Pembelian, Supplier, Qty, Harga, Tanggal, No. Pembelian, Supplier, Qty, Harga, Tanggal, No. Pembelian, Supplier, Qty, Harga, Tanggal, No. Pembelian, Supplier, Qty, Harga, Tanggal, No. Pembelian, Supplier, Qty, Harga, Tanggal, No. Pembelian, Supplier, Qty, Harga, Tanggal, No. Pembelian, Supplier, Qty, Harga, Tanggal, No. Pembelian, Supplier, Qty, Harga, Tanggal, No. Pembelian, Supplier, Qty, Harga, Tanggal, No. Pembelian, Supplier, Qty, Harga, Tanggal, No. Pembelian, Supplier, Qty, Harga, Tanggal, No. Pembelian, Supplier, Qty, Harga, Tanggal, No. Pembelian, Supplier, Qty, Harga, Tanggal, No. Pembelian, Supplier, Qty, Harga, Tanggal, No. Pembelian, Supplier, Qty, Harga, Tanggal, No. Pembelian, Supplier, Qty, Harga, Tanggal, No. Pembelian, Supplier, Qty, Harga, Tanggal, No. Pembelian, Supplier, Qty, Harga, Tanggal, No. Pembelian, Supplier, Qty, Harga, Tanggal, No. Pembelian, Supplier, Qty, Harga, Tanggal, No. Pembelian, Supplier, Qty, Harga, Tanggal, No. Pembelian, Supplier, Qty, Harga, Tanggal, No. Pembelian, Supplier, Qty, Harga, Tanggal, No. Pembelian, Supplier, Qty, Harga, Tanggal, No. Pembelian, Supplier, Qty, Harga, Tanggal, No. Pembelian, Supplier, Qty, Harga, Tanggal, No. Pembelian, Supplier, Qty, Harga, Tanggal, No. Pembelian, Supplier, Qty, Harga, Tanggal, No. Pembelian, Supplier, Qty, Harga, Tanggal, No. Pembelian, Supplier, Qty, Harga, Tanggal, No. Pembelian, Supplier, Qty, Harga, Tanggal, No. Pembelian, Supplier, Qty, Harga, Tanggal, No. Pembelian, Supplier, Qty, Harga, Tanggal, No. Pembelian, Supplier, Qty, Harga, Tanggal, No. Pembelian, Supplier, Qty, Harga, Tanggal, No. Pembelian, Supplier, Qty, Harga, Tanggal, No. Pembelian, Supplier, Qty, Harga, Tanggal, No. Pembelian, Supplier, Qty, Harga, Tanggal, No. Pembelian, Supplier, Qty, Harga, Tanggal, No. Pembelian, Supplier, Qty, Harga, Tanggal, No. Pembelian, Supplier, Qty, Harga, Tanggal, No. Pembelian, Supplier, Qty, Harga, Tanggal, No. Pembelian, Supplier, Qty, Harga, Tanggal, No. Pembelian, Supplier, Qty, Harga, Tanggal, No. Pembelian, Supplier, Qty, Harga, Tanggal, No. Pembelian, Supplier, Qty, Harga, Tanggal, No. Pembelian, Supplier, Qty, Harga, Tanggal, No. Pembelian, Supplier, Qty, Harga, Tanggal, No. Pembelian, Supplier, Qty, Harga, Tanggal, No. Pembelian, Supplier, Qty, Harga, Tanggal, No. Pembelian, Supplier, Qty, Harga, Tanggal, No. Pembelian, Supplier, Qty, Harga, Tanggal, No. Pembelian, Supplier, Qty, Harga, Tanggal, No. Pembelian, Supplier, Qty, Harga, Tanggal, No. Pembelian, Supplier, Qty, Harga, Tanggal, No. Pembelian, Supplier, Qty, Harga, Tanggal, No. Pembelian, Supplier, Qty, Harga, Tanggal, No. Pembelian, Supplier, Qty, Harga, Tanggal, No. Pembelian, Supplier, Qty, Harga, Tanggal, No. Pembelian, Supplier, Qty, Harga, Tanggal, No. Pembelian, Supplier, Qty, Harga, Tanggal, No. Pembelian, Supplier, Qty, Harga, Tanggal, No. Pembelian, Supplier, Qty, Harga, Tanggal, No. Pembelian, Supplier, Qty, Harga, Tanggal, No. Pembelian, Supplier, Qty, Harga, Tanggal, No. Pembelian, Supplier, Qty, Harga, Tanggal, No. Pembelian, Supplier, Qty, Harga, Tanggal, No. Pembelian, Supplier, Qty, Harga, Tanggal, No. Pembelian, Supplier, Qty, Harga, Tanggal, No. Pembelian, Supplier, Qty, Harga, Tanggal, No. Pembelian, Supplier, Qty, Harga, Tanggal, No. Pembelian, Supplier, Qty, Harga, Tanggal, No. Pembelian, Supplier, Qty, Harga, Tanggal, No. Pembelian, Supplier, Qty, Harga, Tanggal, No. Pembelian, Supplier, Qty, Harga, Tanggal, No. Pembelian, Supplier, Qty, Harga, Tanggal, No. Pembelian, Supplier, Qty, Harga, Tanggal, No. Pembelian, Supplier, Qty, Harga, Tanggal, No. Pembelian, Supplier, Qty, Harga, Tanggal, No. Pembelian, Supplier, Qty, Harga, Tanggal, No. Pembelian, Supplier, Qty, Harga, Tanggal, No. Pembelian, Supplier, Qty, Harga, Tanggal, No. Pembelian, Supplier, Qty, Harga, Tanggal, No. Pembelian, Supplier, Qty, Harga, Tanggal, No. Pembelian, Supplier, Qty, Harga, Tanggal, No. Pembelian, Supplier, Qty, Harga, Tanggal, No. Pembelian, Supplier, Qty, Harga, Tanggal, No. Pembelian, Supplier, Qty, Harga, Tanggal, No. Pembelian, Supplier, Qty, Harga, Tanggal, No. Pembelian, Supplier, Qty, Harga, Tanggal, No. Pembelian, Supplier, Qty, Harga, Tanggal, No. Pembelian, Supplier, Qty, Harga, Tanggal, No. Pembelian, Supplier, Qty, Harga, Tanggal, No. Pembelian, Supplier, Qty, Harga, Tanggal, No. Pembelian, Supplier, Qty, Harga, Tanggal, No. Pembelian, Supplier, Qty, Harga, Tanggal, No. Pembelian, Supplier, Qty, Harga, Tanggal, No. Pembelian, Supplier, Qty, Harga, Tanggal, No. Pembelian, Supplier, Qty, Harga, Tanggal, No. Pembelian, Supplier, Qty, Harga, Tanggal, No. Pembelian, Supplier, Qty, Harga, Tanggal, No. Pembelian, Supplier, Qty, Harga, Tanggal, No. Pembelian, Supplier, Qty, Harga, Tanggal, No. Pembelian, Supplier, Qty, Harga, Tanggal, No. Pembelian, Supplier, Qty, Harga, Tanggal, No. Pembelian, Supplier, Qty, Harga, Tanggal, No. Pembelian, Supplier, Qty, Harga, Tanggal, No. Pembelian, Supplier, Qty, Harga, Tanggal, No. Pembelian, Supplier, Qty, Harga, Tanggal, No. Pembelian, Supplier, Qty, Harga, Tanggal, No. Pembelian, Supplier, Qty, Harga, Tanggal, No. Pembelian, Supplier, Qty, Harga, Tanggal, No. Pembelian, Supplier, Qty, Harga, Tanggal, No. Pembelian, Supplier, Qty, Harga, Tanggal, No. Pembelian, Supplier, Qty, Harga, Tanggal, No. Pembelian, Supplier, Qty, Harga, Tanggal, No. Pembelian, Supplier, Qty, Harga, Tanggal, No. Pembelian, Supplier, Qty, Harga, Tanggal, No. Pembelian, Supplier, Qty, Harga, Tanggal, No. Pembelian, Supplier, Qty, Harga, Tanggal, No. Pembelian, Supplier, Qty, Harga, Tanggal, No. Pembelian, Supplier, Qty, Harga, Tanggal, No. Pembelian, Supplier, Qty, Harga, Tanggal, No. Pembelian, Supplier, Qty, Harga, Tanggal, No. Pembelian, Supplier, Qty, Harga, Tanggal, No. Pembelian, Supplier, Qty, Harga | Tanggal, No. Pembelian, Supplier, Qty, Harga | Tanggal, No. Pembelian, Supplier, Qty, Harga | Tanggal, No. Pembelian, Supplier, Qty, Harga | Tanggal, No. Pembelian, Supplier, Qty, Harga | Tanggal, No. Pembelian, Supplier, Qty, Harga | Tanggal, No. Pembelian, Supplier, Qty, Harga | Tanggal, No. Pembelian, Supplier, Qty, Harga | Tanggal, No. Pembelian, Supplier, Qty, Harga | Tanggal, No. Pembelian, Supplier, Qty, Harga | Tanggal, No. Pembelian, Supplier, Qty, Harga | Tanggal, No. Pembelian, Supplier, Qty, Harga | Tanggal, No. Pembelian, Supplier, Qty, Harga | Tanggal, No. Pembelian, Supplier, Qty, Harga | Tanggal, No. Pembelian, Supplier, Qty, Harga | Tanggal, No. Pembelian, Supplier, Qty, Harga | Tanggal, No. Pembelian, Supplier, Qty, Harga | Tanggal, No. Pembelian, Supplier, Qty, Harga | Tanggal, No. Pembelian, Supplier, Qty, Harga | Tanggal, No. Pembelian, Supplier, Qty, Harga | Tanggal, No. Pembelian, Supplier, Qty, Harga | Tanggal, No. Pembelian, Supplier, Qty, Harga | Tanggal, No. Pembelian, Supplier, Qty, Harga | Tanggal, No. Pembelian, Supplier, Qty, Harga | Tanggal, No. Pembelian, Supplier, Qty, Harga | Tanggal, No. Pembelian, Supplier, Qty, Harga | Tanggal, No. Pembelian, Supplier, Qty, Harga | Tanggal, No. Pembelian, Supplier, Qty, Harga | Tanggal, No. Pembelian, Supplier, Qty, Harga | Tanggal, No. Pembelian, Supplier, Qty, Harga | Tanggal, No. Pembelian, Supplier, Qty, Harga | Tanggal, No. Pembelian, Supplier, Qty, Harga | Tanggal, No. Pembelian, Supplier, Qty, Harga | Tanggal, No. Pembelian, Supplier, Qty, Harga | Tanggal, No. Pembelian, Supplier, Qty, Harga | Tanggal, No. Pembelian, Supplier, Qty, Harga | Tanggal, No. Pembelian, Supplier, Qty, Harga | Tanggal, No. Pembelian, Supplier, Qty, Harga | Tanggal, No. Pembelian, Supplier, Qty, Harga | Tanggal, No. Pembelian, Supplier, Qty, Harga | Tanggal, No. Pembelian, Supplier, Qty, Harga | Tanggal, No. Pembelian, Supplier, Qty, Harga | Tanggal, No. Pembelian, Supplier, Qty, Harga | Tanggal, No. Pembelian, Supplier, Qty, Harga | Tanggal, No. Pembelian, Supplier, Qty, Harga | Tanggal, No. Pembelian, Supplier, Qty, Harga | Tanggal, No. Pembelian, Supplier, Qty, Harga | Tanggal, No. Pembelian, Supplier, Qty, Harga | Tanggal, No. Pembelian, Supplier, Qty, Harga | Tanggal, No. Pembelian, Supplier, Qty, Harga | Tanggal, No. Pembelian, Supplier, Qty, Harga | Tanggal, No. Pembelian, Supplier, Qty, Harga | Tanggal, No. Pembelian, Supplier, Qty, Harga | Tanggal, No. Pembelian, Supplier, Qty, Harga | Tanggal, No. Pembelian, Supplier, Qty, Harga | Tanggal, No. Pembelian, Supplier, Qty, Harga | Tanggal, No. Pembelian, Supplier, Qty, Harga | Tanggal, No. Pembelian, Supplier, Qty, Harga | Tanggal, No. Pembelian, Supplier, Qty, Harga | Tanggal, No. Pembelian, Supplier, Qty, Harga | Tanggal, No. Pembelian, Supplier, Qty, Harga | Tanggal, No. Pembelian, Supplier, Qty, Harga | Tanggal, No. Pembelian, Supplier, Qty, Harga | Tanggal, No. Pembelian, Supplier, Qty, Harga | Tanggal, No. Pembelian, Supplier, Qty, Harga | Tanggal, No. Pembelian, Supplier, Qty, Harga | Tanggal, No. Pembelian, Supplier, Qty, Harga | Tanggal, No. Pembelian, Supplier, Qty, Harga | Tanggal, No. Pembelian, Supplier, Qty, Harga | Tanggal, No. Pembelian, Supplier, Qty, Harga | Tanggal, No. Pembelian, Supplier, Qty, Harga | Tanggal, No. Pembelian, Supplier, Qty, Harga | Tanggal, No. Pembelian, Supplier, Qty, Harga | Tanggal, No. Pembelian, Supplier, Qty, Harga | Tanggal, No. Pembelian, Supplier, Qty, Harga | Tanggal, No. Pembelian, Supplier, Qty, Harga | Tanggal, No. Pembelian, Supplier, Qty, Harga | Tanggal, No. Pembelian, Supplier, Qty, Harga | Tanggal, No. Pembelian, Supplier, Qty, Harga | Tanggal, No. Pembelian, Supplier, Qty, Harga | Tanggal, No. Pembelian, Supplier, Qty, Harga | Tanggal, No. Pembelian, Supplier, Qty, Harga | Tanggal, No. Pembelian, Supplier, Qty, Harga | Tanggal, No. Pembelian, Supplier, Qty, Harga | Tanggal, No. Pembelian, Supplier, Qty, Harga | Tanggal, No. Pembelian, Supplier, Qty, Harga | Tanggal, No. Pembelian, Supplier, Qty, Harga | Tanggal, No. Pembelian, Supplier, Qty, Harga | Tanggal, No. Pembelian, Supplier, Qty, Harga | Tanggal, No. Pembelian, Supplier, Qty, Harga | Tanggal, No. Pembelian, Supplier, Qty, Harga | Tanggal, No. Pembelian, Supplier, Qty, Harga | Tanggal, No. Pembelian, Supplier, Qty, Harga | Tanggal, No. Pembelian, Supplier, Qty, Harga | Tanggal, No. Pembelian, Supplier, Qty, Harga | Tanggal, No. Pembelian, Supplier, Qty, Harga | Tanggal, No. Pembelian, Supplier, Qty, Harga | Tanggal, No. Pembelian, Supplier, Qty, Harga | Tanggal, No. Pembelian, Supplier, Qty, Harga | Tanggal, No. Pembelian, Supplier, Qty, Harga | Tanggal, No. Pembelian, Supplier, Qty, Harga | Tanggal, No. Pembelian, Supplier, Qty, Harga | Tanggal, No. Pembelian, Supplier, Qty, Harga | Tanggal, No. Pembelian, Supplier, Qty, Harga | Tanggal, No. Pembelian, Supplier, Qty, Harga | Tanggal, No. Pembelian, Supplier, Qty, Harga | Tanggal, No. Pembelian, Supplier, Qty, Harga | Tanggal, No. Pembelian, Supplier, Qty, Harga | Tanggal, No. Pembelian, Supplier, Qty, Harga | Tanggal, No. Pembelian, Supplier, Qty, Harga | Tanggal, No. Pembelian, Supplier, Qty, Harga | Tanggal, No. Pembelian, Supplier, Qty, Harga | Tanggal, No. Pembelian, Supplier, Qty, Harga | Tanggal, No. Pembelian, Supplier, Qty, Harga | Tanggal, No. Pembelian, Supplier, Qty, Harga | Tanggal, No. Pembelian, Supplier, Qty, Harga | Tanggal, No. Pembelian, Supplier, Qty, Harga | Tanggal, No. Pembelian, Supplier, Qty, Harga | Tanggal, No. Pembelian, Supplier, Qty, Harga | Tanggal, No. Pembelian, Supplier, Qty, Harga | Tanggal, No. Pembelian, Supplier, Qty, Harga | Tanggal, No. Pembelian, Supplier, Qty, Harga | Tanggal, No. Pembelian, Supplier, Qty, Harga | Tanggal, No. Pembelian, Supplier, Qty, Harga | Tanggal, No. Pembelian, Supplier, Qty, Harga | Tanggal, No. Pembelian, Supplier, Qty, Harga | Tanggal, No. Pembelian, Supplier, Qty, Harga | Tanggal, No. Pembelian, Supplier, Qty, Harga | Tanggal, No. Pembelian, Supplier, Qty, Harga | Tanggal, No. Pembelian, Supplier, Qty, Harga | Tanggal, No. Pembelian, Supplier, Qty, Harga | Tanggal, No. Pembelian, Supplier, Qty, Harga | Tanggal, No. Pembelian, Supplier, Qty, Harga | Tanggal, No. Pembelian, Supplier, Qty, Harga | Tanggal, No. Pembelian, Supplier, Qty, Harga | Tanggal, No. Pembelian, Supplier, Qty, Harga | Tanggal, No. Pembelian, Supplier, Qty, Harga | Tanggal, No. Pembelian, Supplier, Qty, Harga | Tanggal, No. Pembelian, Supplier, Qty, Harga | Tanggal, No. Pembelian, Supplier, Qty, Harga | Tanggal, No. Pembelian, Supplier, Qty, Harga | Tanggal, No. Pembelian, Supplier, Qty, Harga | Tanggal, No. Pembelian, Supplier, Qty, Harga | Tanggal, No. Pembelian, Supplier, Qty, Harga | Tanggal, No. Pembelian, Supplier, Qty, Harga | Tanggal, No. Pembelian, Supplier, Qty, Harga | Tanggal, No. Pembelian, Supplier, Qty, Harga | Tanggal, No. Pembelian, Supplier, Qty, Harga | Tanggal, No. Pembelian, Supplier, Qty, Harga | Tanggal, No. Pembelian, Supplier, Qty, Harga | Tanggal, No. Pembelian, Supplier, Qty, Harga | Tanggal, No. Pembelian, Supplier, Qty, Harga | Tanggal, No. Pembelian, Supplier, Qty, Harga | Tanggal, No. Pembelian, Supplier, Qty, Harga | Tanggal, No. Pembelian, Supplier, Qty, Harga | Tanggal, No. Pembelian, Supplier, Qty, Harga | Tanggal, No. Pembelian, Supplier, Qty, Harga | Tanggal, No. Pembelian, Supplier, Qty, Harga | Tanggal, No. Pembelian, Supplier, Qty, Harga | Tanggal, No. Pembelian, Supplier, Qty, Harga","Catatan","Modal Detail via AJAX (ajaxDetail('130','modal-lg');)","Riwayat, Process, Lihat, Hide",""""""
"Laporan","Laporan BusDev","Follow Up Pelanggan","/report-follow-up-customer","Report","0 Total Follow Up; 0 Follow Up Sukses; 0 Follow Up Gagal; 0 Terbanyak","—","BusDev:, Periode: *","—","—",""""""
"Laporan","Laporan BusDev","Buku Tamu","/report-guest-book","Report","Total Tamu 102 Pada periode ini; Rata-rata / Hari 3.4 Tamu per hari; Perusahaan 2 Perusahaan unik; Tamu Terbanyak 1 N Aristya","No, Tanggal, Waktu, Nama, Telepon, Email, Alamat, Perusahaan, Tujuan, Bertemu, BusDev","BusDev:, Periode: *","—","—",""""""
"Laporan","Laporan Keuangan","Budget vs Actual","/budget-vs-actual","Variance Analysis Report","Total Budget YTD, Total Actual YTD, Variance %, Top Expense Variance","Department, Account Code, Account Name, Budget YTD, Actual YTD, Variance (Rp), Variance (%), Status (Favorable / Unfavorable), #","Filter Department, Filter Periode Date Range Custom","Drill-down dari angka Actual ke baris transaksi Jurnal Umum dan Faktur terkait","Filter, Export Excel, Drill Down Transaksi","Highlight otomatis jika pengeluaran melebihi batas anggaran yang ditetapkan"
"Laporan","Laporan Keuangan","Cost Variance","/cost-variance","Variance Investigation Report","Rata-rata Material Price Variance, Material Usage Variance, Total Scrap Cost","Job Order No, Product, Standard Cost, Actual Cost, Material Price Variance, Material Usage Variance, Labor Variance, Total Variance (%), #","Filter Job Order, Threshold Variance Filter (misal tampilkan yang >10%)","Breakdown per bahan kimia & kemasan: Standar BOM vs Realisasi Timbang/Mixing Produksi","Filter, Flag for Investigation, Export Excel","Highlight otomatis baris dengan varians merah (>10%) untuk investigasi tim R&D/Produksi"
"Laporan","Laporan Keuangan","Product / Customer Profitability","/product-customer-profitability","Profitability Matrix & Chart","Top Profitable Customer, Top Profitable Product, Rata-rata Gross Margin Maklon (%)","Customer / Brand, Product Name, Total Revenue, Total COGS, Gross Margin (Rp), Margin (%), Ranking, #","Filter Customer, Date Range Picker Custom*","Grafik Scatter Plot & Ranking Bar Chart kontribusi margin per brand client maklon","Filter, Export Excel, Drill Down ke Kontrak SO","Menghitung margin riil kontrak maklon setelah memperhitungkan biaya bahan, upah pabrik, dan kemasan"
"Laporan","Laporan Keuangan","AP Aging Report","/report-ap-aging","Report / Aging Matrix","Saldo Bank Saat Ini (Navbar/Header), Total Outstanding, Jatuh Tempo H-3 (Merah), Jatuh Tempo H-7 (Kuning), Overdue (Bold + Animasi)","Vendor, Invoice No, Invoice Date, Deadline, Status Jatuh Tempo (H-3 Merah / H-7 Kuning / Overdue Bold Pulse), Days Overdue, Amount, Bucket, #","Filter Vendor, Filter Periode (Date Range Picker Custom), Filter Bucket","Drill-down ke invoice detail. Color coding: H-3 merah, H-7 kuning, Lewat jatuh tempo teks bold + sedikit efek bouncy/pulse halus","Filter, Export Excel, Drill Down ke Faktur","Navbar menampilkan real-time Saldo Bank aktif saat ini agar user langsung bisa bandingkan kewajiban AP vs uang kas tersedia | Poin 10-12: Pewarnaan H-3 merah, H-7 kuning, overdue bold + bouncy/animasi. Card ringkasan H-3 dan H-7. Saldo bank real-time di navbar"
"Laporan","Laporan Keuangan","AR Aging Report","/report-ar-aging","Report / Aging Matrix","Total Outstanding AR, Overdue AR, Piutang Lancar","Customer, Invoice No, Invoice Date, Due Date, Days Overdue, Amount, Bucket (Current, 1-30, 31-60, 61-90, >90), #","Filter Customer, Date Range Picker Custom*, Filter Bucket","Drill down ke rincian faktur penjualan dan detail kontrak maklon","Filter, Export Excel, Drill Down","Cross-module visibility: Ringkasan AR Aging per client otomatis tampil di widget dashboard Laporan BusDev | Poin 17: AR Aging terintegrasi dan wajib muncul juga di modul BusDev (dashboard & laporan BusDev)"
"Laporan","Laporan Keuangan","Neraca","/report-balance-sheet","Report","Total Aset, Total Liabilitas, Total Ekuitas, Balance Check Banner (Aset = Liabilitas + Ekuitas)","Hierarkis Description / Saldo (Aset Lancar, Kas & Bank, Piutang, Persediaan, Aset Tetap, Liabilitas Jangka Pendek/Panjang, Ekuitas)","Per Tanggal Cut-Off (Date Picker Custom)*, Toggle Komparasi","Modal Detail via AJAX (ajaxDetail(2, 'modal-xl'))","Filter, Export Excel, Print Neraca","Banner validasi keseimbangan neraca otomatis mendeteksi jika ada ketidakseimbangan (unbalanced)"
"Laporan","Laporan Keuangan","Cash Flow Statement","/report-cash-flow","Cash Flow Statement","Arus Kas Masuk Operasional, Arus Kas Keluar Investasi & Pendanaan, Saldo Kas Bersih Akhir","Aktivitas Operasional (Penerimaan Pelanggan, Pembayaran Vendor, Biaya Operasional) | Aktivitas Investasi (Pembelian/Penjualan Aset Tetap) | Aktivitas Pendanaan (Modal, Pinjaman Bank) | Kenaikan/Penurunan Bersih Kas | Saldo Awal Kas | Saldo Akhir Kas","Periode Date Range Custom*","Drill down ke rincian Kas Bank Masuk dan Kas Bank Keluar","Filter, Export Excel, Print Arus Kas","Menggunakan data riil Kas Bank Masuk / Keluar yang telah terekonsiliasi"
"Laporan","Laporan Keuangan","Buku Besar","/report-general-ledger","Report","Opening Balance, Total Debit, Total Credit, Closing Balance (per akun yang dipilih)","Kode CoA, Nama CoA, Opening, Debet, Kredit, Perubahan, Saldo","Filter Periode (Date Range Picker Custom Bebas Lintas Bulan)*, Filter Account COA","Drill-down dari baris -> buka Journal Entry asli -> buka Source Document (Faktur Pembelian/Penjualan/dll)","Filter, Export Excel, Print, Drill Down","Format hierarkis per grup akun mengikuti struktur parent-child COA di 1.1 | Poin 31: Ditambahkan filter periode custom date range"
"Laporan","Laporan Keuangan","Laba Rugi","/report-profit-loss","Report","Total Pendapatan, Laba Operasional Bersih, Laba Kotor, Total Beban HPP, Total Laba Rugi Bersih","Format Tabel Gabungan ERP Lama (G-SERP): Description Indented Hierarkis | Saldo Berjalan | Struktur Kolom Mengikuti ERP Baru","Filter Periode (Date Range Picker Custom Bebas Lintas Bulan)*, Toggle Komparasi","Modal Detail via AJAX (ajaxDetail(83, 'modal-xl'))","Filter, Export Excel, Print Laporan","Format hierarkis gaya ERP lama dipertahankan untuk ringkasan utama; breakdown per departemen menggunakan kolom terpisah | Poin 31-34: Filter periode custom. Tambahkan card total Laba Rugi. POSISI CARD DITUKAR: Total Beban HPP dan Laba Operasional Bersih. Format tabel gabungan seperti ERP lama (G-SERP) dengan kolom struktur ERP baru"
"Laporan","Laporan Keuangan","Report Penjualan","/report-sales-summary","Sales Financial Summary Report","Total Penjualan Periode Ini, Total Pembayaran Diterima, Total Outstanding AR","Customer, Contract Type, Jumlah Invoice, Total Amount, Total Diterima, Outstanding, #","Periode Date Range Custom*, Filter Customer (search-select), Filter Contract Type (Jasa Maklon / Jual Putus)","Drill-down per customer menampilkan rincian Faktur Penjualan, DP, dan Penerimaan Pembayaran","Filter, Export Excel, Print Rekap Penjualan","Halaman rekap terpisah dari transaksi Bayar Penjualan, memudahkan rekonsiliasi omzet dan piutang maklon"
"Laporan","Laporan Keuangan","Neraca Saldo","/report-trial-balance","Report","Total Debit Saldo Awal, Total Kredit Saldo Awal, Total Mutasi Debit, Total Mutasi Kredit, Total Saldo Akhir, Balance Status (MATCH)","Kode Akun, Nama Akun, Saldo Awal (Dr/Cr), Mutasi Periode (Dr/Cr), Saldo Akhir (Dr/Cr)","Periode Date Range Custom*","Modal Detail via AJAX (ajaxDetail(7, 'modal-xl'))","Filter, Export Excel, Print","Mendeteksi selisih angka pembukuan sebelum tutup buku bulanan"
"Laporan","Laporan Persediaan","Report Penerimaan Barang","/report-goods-receipt","Report / Goods Receipt Ledger","Total Barang Diterima, Total Barang Kondisi Bagus, Total Barang Cacat / Reject, Total Barang Gratis (Free)","#, No. Penerimaan (GR), Tanggal Masuk, No. PO, Supplier, Kode Barang, Nama Barang, Jumlah Diterima, Jumlah Bagus, Jumlah Cacat / Reject, Jumlah Gratis (Free), Keterangan / Tindak Lanjut Reject, #","Filter Supplier (search-select), Filter Jenis Bahan (Bahan Baku/Primer/Sekunder/Pembantu), Filter Periode (Date Range Picker Custom)*, Search Detail","[Detail Report Penerimaan] Rekapitulasi fisik vs PO: Barang Bagus (layak bayar), Barang Reject (klaim retur / debit note supplier), Barang Free (tanpa tagihan AP)","Filter, Export Excel, Print Laporan Penerimaan Barang","Poin 64: Modul baru Report Penerimaan Barang dengan format mirip modul Pembelian ditambah kolom jumlah diterima, jumlah reject, jumlah bagus, dan jumlah gratis (free)"
"Laporan","Laporan Persediaan","Mutasi Barang","/report-mutation-goods","Report","—","—","Gudang: *, Barang:, Periode: *","—","—",""""""
"Laporan","Laporan Persediaan","Stok","/report-stock","Report","—","—","Gudang: *, Tampilkan:, Lokasi Barang","—","—",""""""
"Laporan","Laporan Persediaan","Stok Valuation","/report-stock-valuation","Report","—","—","Gudang: *, Tampilkan:, Lokasi Barang","—","—",""""""
"Pengaturan","Akun Saya","Akun Saya","/account","Form","—","—","Nama * Nama lengkap, Email * Email address, Nomor Telepon Kontak, Tanda Tangan Digital signature, Upload Foto Profile picture, Pilih file foto, Kata Sandi Baru New password, Konfirmasi Kata Sandi Confirm password","—","Batal, Simpan Perubahan",""""""
"Pengaturan","Catatan Aktifitas","Catatan Aktifitas","/activity-log","List","—","#, Waktu, Pengguna, Modul, Aksi, Deskripsi, IP Address, #","Periode: *, Pengguna:, Aksi:","Modal Detail via AJAX (ajaxDetail('17546','modal-lg');)","Lihat",""""""
"Pengaturan","Pengaturan","Pengaturan","/setting","Form","—","—","Nama Aplikasi * App name, Deskripsi * App description, Versi * App version, Site Key Public key, Secret Key Private key, Copyright * Teks copyright, Copyright URL * Link website, Alamat Alamat sistem, Text to display, To what URL should this link go?, Open in new window, Use default protocol, Select from files, Image URL, Video URL (YouTube, Google Drive, Vimeo, Vine, Instagram, DailyMotion, Youku, Peertube), ESC, ENTER, CTRL+Z, CTRL+Y, TAB, SHIFT+TAB, CTRL+B, CTRL+I, CTRL+U, CTRL+SHIFT+S, CTRL+BACKSLASH, CTRL+SHIFT+L, CTRL+SHIFT+E, CTRL+SHIFT+R, CTRL+SHIFT+J, CTRL+SHIFT+NUM7, CTRL+SHIFT+NUM8, CTRL+LEFTBRACKET, CTRL+RIGHTBRACKET, CTRL+NUM0, CTRL+NUM1, CTRL+NUM2, CTRL+NUM3, CTRL+NUM4, CTRL+NUM5, CTRL+NUM6, CTRL+ENTER, CTRL+K","—","100%, 50%, 25%, Batal, Simpan Perubahan",""""""
"Pengaturan","Perusahaan","Perusahaan","/company","Form","—","—","Nama Perusahaan * Nama resmi perusahaan, Telepon * Nomor kontak, Website * URL website, QR Code Auto-generate, Logo Perusahaan Upload logo, Pilih file logo, Alamat Lokasi perusahaan, Text to display, To what URL should this link go?, Open in new window, Use default protocol, Select from files, Image URL, Video URL (YouTube, Google Drive, Vimeo, Vine, Instagram, DailyMotion, Youku, Peertube), ESC, ENTER, CTRL+Z, CTRL+Y, TAB, SHIFT+TAB, CTRL+B, CTRL+I, CTRL+U, CTRL+SHIFT+S, CTRL+BACKSLASH, CTRL+SHIFT+L, CTRL+SHIFT+E, CTRL+SHIFT+R, CTRL+SHIFT+J, CTRL+SHIFT+NUM7, CTRL+SHIFT+NUM8, CTRL+LEFTBRACKET, CTRL+RIGHTBRACKET, CTRL+NUM0, CTRL+NUM1, CTRL+NUM2, CTRL+NUM3, CTRL+NUM4, CTRL+NUM5, CTRL+NUM6, CTRL+ENTER, CTRL+K, Quotes/Tagline Motto perusahaan","—","100%, 50%, 25%, Batal, Simpan Perubahan",""""""
"BERANDA","Beranda","Beranda","/","List","Dasbor D. Jadwal Produksi; Dasbor D. Realisasi Produksi; Dasbor D. Penjualan Sample; Dasbor D. Penjualan Barang; Dasbor D. Pelanggan; Dasbor D. Sample; Dasbor Eksekutif D. Eksekutif; Dasbor Eksekutif D. Notifikasi; Dasbor Departemen D. Digital Marketing; Dasbor Departemen D. BusDev; Dasbor Departemen D. RnD; Dasbor Departemen D. Purchasing; Dasbor Departemen D. Legalitas; Dasbor Departemen D. Produksi; Dasbor Departemen D. Gudang; Dasbor Departemen D. HR; Dasbor Departemen D. Keuangan; Dasbor BusDev D. Buku Tamu; Dasbor BusDev D. Client Sample; Dasbor BusDev D. Client Produksi; Dasbor BusDev D. Client RO; Dasbor BusDev D. Lost; Persetujuan Pembelian ~; Persetujuan 1 Retur Pembelian ~; Persetujuan Penjualan Sample ~; Persetujuan Penjualan Produk ~; Persetujuan Retur Penjualan ~; Persetujuan 2 Permintaan HPP ~; Persetujuan Permintaan Pembelian ~; Persetujuan 5 Permintaan Barang ~; Umum Checklist Progress; Umum Checklist Tracking; Umum Checklist; Umum Kategori Checklist; Pembelian Buat Pembelian; Pembelian 700 Faktur Pembelian; Pembelian Retur Pembelian; Pembelian DP Pembelian; Pembelian Bayar Pembelian; Operasional 61 Kebutuhan Barang; Operasional 10 Permintaan Barang; Operasional Permintaan Pembelian; Barang Masuk 17 Pembelian Masuk; Barang Masuk Retur Penjualan; Barang Keluar Transfer Barang; Barang Keluar 8 Pengiriman Barang; Barang Keluar Retur Pembelian; Operasional Stok Opname; Operasional Leads; Operasional Buku Tamu; Operasional Client Sample; Operasional Client Produksi; Operasional Client RO; Operasional Client Lost; Penjualan Penjualan Sample; Penjualan 436 Bayar Sample; Penjualan Penjualan; Penjualan Retur Penjualan; Penjualan DP Penjualan; Penjualan Faktur Penjualan; Penjualan Bayar Penjualan; Pra Produksi Penyesuaian Formulasi; Pra Produksi Formulasi; Pra Produksi Permintaan HPP; Pra Produksi 27 Batch Record; Pra Produksi 6 Jadwal Mixing; Pra Produksi Jadwal Filling; Pra Produksi 10 Jadwal Packaging; Produksi 6 Produksi Mixing; Produksi Produksi Filling; Produksi 10 Produksi Packaging; Akuntansi Jurnal Umum; Akuntansi Kas Bank Keluar; Akuntansi Kas Bank Masuk; Operasional Penyesuaian Stok; Laporan Kebutuhan Barang; Laporan Persediaan Stok; Laporan Persediaan Mutasi Barang; Laporan Persediaan Stok Valuation; Laporan BusDev Buku Tamu; Laporan BusDev Follow Up Pelanggan; Laporan Keuangan Buku Besar; Laporan Keuangan Laba Rugi; Laporan Keuangan Neraca Saldo; Laporan Keuangan Neraca; Pengaturan Akun Saya; Pengaturan Perusahaan; Pengaturan Pengaturan; Pengaturan Catatan Aktifitas","—","Search","—","—",""""""
"BERANDA","Beranda","Buat Pembelian","/purchase","List","—","#, Kode PO, Tanggal (Hari Ini), Supplier, Gudang, Deadline (Jatuh Tempo), Pembuat, Nominal, Diskon (Rp), Ongkir (Rp), Status Bayar & Terima, Tanda Tangan Digital, #","Search Detail Transaksi, Filter Status (Pending/Approved/Received/Paid), Filter Periode (Date Range Custom)","[Detail Pembelian] • Field: Kode, Status, Supplier, Gudang, Pembuat, Tanggal, Jatuh Tempo, Subtotal, Pajak (0.00%), Grand Total • Tabel Detail: (#, Barang, Qty, Harga, Total, Diterima, Sisa) • Aksi Modal: Tutup","+ Buat Pembelian, Lihat Detail, Tanda Tangan Digital, Tracking PO, Print PO",""""" | Poin 37, 41, 56, 57, 61: Label jatuh tempo diganti Deadline. Notifikasi mengarah ke item pending. History PO jelas menampilkan status bayar & terima. Penanggung jawab PO menggunakan Tanda Tangan Digital. Tanggal input PO read-only (hari ini)""Operasional","R&D","Daily Tracking R&D","/rnd/daily-tracking","List","Total Tasks, In Progress (PIC), Completed (Hari Ini), Overdue","No., Date, PIC, No.NPF, Project/Sample, Category, Busdev, Task Hari Ini, Berapa Target Sample hari ini, Status, Progress %, Kendala, Next Action, Deadline","Filter Date Range Custom, Filter PIC, Filter Category, Filter Busdev, Filter Status, Search Project/Sample/NPF","[Detail Daily Task] Riwayat update status (per tanggal), Catatan Kendala (wajib jika status=Pending), Next Action yang assigned ke PIC","+ Tambah Task, Edit Task, Update Status, Mark Done, Add Kendala, Export Excel","Referensi: docs/legacy-erp/Daily_tracking_RND.csv (14 kolom). 1 task = 1 baris per PIC per hari. Kategori: New Sample / Revisi / Innovation / Batch Sampling / Trial"
"Operasional","R&D","Project Monitoring R&D","/rnd/project-monitoring","List","Total Projects, In Progress, Terkirim, Pending, Overdue (Tgl Selesai lewat)","No., project name, PIC, Client, Status, Tgl NPF masuk, Tgl Selesai, Tgl Pengiriman, Total pengerjaan sample, Folder Formula, Notes","Filter PIC, Filter Client, Filter Status (Pending/In Progress/Terkirim), Filter Periode Tgl NPF, Search Project/Client","[Detail Project Monitoring] Daftar Daily Tracking tasks untuk project ini, Riwayat status changes (dengan tanggal & PIC), Link ke Folder Formula (Google Drive path), Counters: Total Sample, Done, Pending, % Progress","+ Tambah Project, Edit Project, Update Status, Add Notes, Link Folder, Export Excel","Referensi: docs/legacy-erp/Project_Monitoring_RND.csv (11 kolom). 1 project = 1 baris per NPF. Status otomatis terupdate dari Daily Tracking"
