web_scraper_order,web_scraper_start_url,pagination,kode,barang,harga_beli,data,sub_kategori,kategori,satuan,barang2
"1788654371-1","https://kil.gserp.id/goods-manage","","BBK00001","Hydro Marine Collagen","1,650.00","1","Active","Bahan Baku","gr","https://kil.gserp.id/uploads/default.png"
"1788654371-2","https://kil.gserp.id/goods-manage","","BBK00002","IPM","125.00","2","Base","Bahan Baku","gr","https://kil.gserp.id/uploads/default.png"
"1788654371-3","https://kil.gserp.id/goods-manage","","BBK00003","Niacinamide","142.30","3","Active","Bahan Baku","gr","https://kil.gserp.id/uploads/default.png"
"1788654371-4","https://kil.gserp.id/goods-manage","","BBK00004","Secret Water","850.00","4","-","Bahan Baku","gr","https://kil.gserp.id/uploads/default.png"
"1788654371-5","https://kil.gserp.id/goods-manage","","BBK00005","TR-3TS","401.40","5","-","Bahan Baku","gr","https://kil.gserp.id/uploads/default.png"
"1788654371-6","https://kil.gserp.id/goods-manage","","BBK00006","Centella Asiatica Extract","260.00","6","-","Bahan Baku","gr","https://kil.gserp.id/uploads/default.png"
"1788654371-7","https://kil.gserp.id/goods-manage","","BBK00007","Eggplant Extract","567.00","7","-","Bahan Baku","gr","https://kil.gserp.id/uploads/default.png"
"1788654371-8","https://kil.gserp.id/goods-manage","","BBK00008","Gmoist Sea Gel","600.00","8","-","Bahan Baku","gr","https://kil.gserp.id/uploads/default.png"
"1788654371-9","https://kil.gserp.id/goods-manage","","BBK00009","Gioactive F-1000","420.00","9","-","Bahan Baku","gr","https://kil.gserp.id/uploads/default.png"
"1788654371-10","https://kil.gserp.id/goods-manage","","BBK00010","Alpha Arbutin","1,500.00","10","-","Bahan Baku","gr","https://kil.gserp.id/uploads/default.png"
"1788654371-11","https://kil.gserp.id/goods-manage","","BBK00011","Aluminium Sulfat (Tawas)","5.00","11","-","Bahan Baku","gr","https://kil.gserp.id/uploads/default.png"
"1788654371-12","https://kil.gserp.id/goods-manage","","BBK00012","Lactic Acid 90%","130.00","12","Active","Bahan Baku","gr","https://kil.gserp.id/uploads/default.png"
"1788654371-13","https://kil.gserp.id/goods-manage","","BBK00013","Micro Tio O60 AS","1,412.00","13","-","Bahan Baku","gr","https://kil.gserp.id/uploads/default.png"
"1788654371-14","https://kil.gserp.id/goods-manage","","BBK00014","Menthol Flakes","400.00","14","-","Bahan Baku","gr","https://kil.gserp.id/uploads/default.png"
"1788654371-15","https://kil.gserp.id/goods-manage","","BBK00015","Aloevera Gel","625.10","15","-","Bahan Baku","gr","https://kil.gserp.id/uploads/default.png"
"1788654371-16","https://kil.gserp.id/goods-manage","","BBK00016","Panthenol","235.80","16","-","Bahan Baku","gr","https://kil.gserp.id/uploads/default.png"
"1788654371-17","https://kil.gserp.id/goods-manage","","BBK00017","Riferm","900.00","17","-","Bahan Baku","gr","https://kil.gserp.id/uploads/default.png"
"1788654371-18","https://kil.gserp.id/goods-manage","","BBK00018","Sunflower Oil","70.00","18","-","Bahan Baku","gr","https://kil.gserp.id/uploads/default.png"
"1788654371-19","https://kil.gserp.id/goods-manage","","BBK00019","Syncristal Sparking Silver","1,834.50","19","-","Bahan Baku","gr","https://kil.gserp.id/uploads/default.png"
"1788654371-20","https://kil.gserp.id/goods-manage","","BBK00020","SK Influx MB","7,033.10","20","-","Bahan Baku","gr","https://kil.gserp.id/uploads/default.png"
"1788654371-21","https://kil.gserp.id/goods-manage","","BBK00021","Tranexamic Acid","1,650.00","21","-","Bahan Baku","gr","https://kil.gserp.id/uploads/default.png"
"1788654371-22","https://kil.gserp.id/goods-manage","","BBK00022","Tocopherol (Vit E)","539.92","22","-","Bahan Baku","gr","https://kil.gserp.id/uploads/default.png"
"1788654371-23","https://kil.gserp.id/goods-manage","","BBK00023","Bio Keratin","1,630.30","23","-","Bahan Baku","gr","https://kil.gserp.id/uploads/default.png"
"1788654371-24","https://kil.gserp.id/goods-manage","","BBK00024","Citric Acid","50.00","24","-","Bahan Baku","gr","https://kil.gserp.id/uploads/default.png"
"1788654371-25","https://kil.gserp.id/goods-manage","","BBK00025","Olive Oil","122.00","25","-","Bahan Baku","gr","https://kil.gserp.id/uploads/default.png"
"1788654371-26","https://kil.gserp.id/goods-manage","","BBK00026","Cos-VCE","8,603.00","26","-","Bahan Baku","gr","https://kil.gserp.id/uploads/default.png"
"1788654371-27","https://kil.gserp.id/goods-manage","","BBK00027","Indisol Glutathione","1,867.32","27","-","Bahan Baku","gr","https://kil.gserp.id/uploads/default.png"
"1788654371-28","https://kil.gserp.id/goods-manage","","BBK00028","Super Moisturing Max","1,508.75","28","-","Bahan Baku","gr","https://kil.gserp.id/uploads/default.png"
"1788654371-29","https://kil.gserp.id/goods-manage","","BBK00029","DNA Gel PH","2,378.70","29","-","Bahan Baku","gr","https://kil.gserp.id/uploads/default.png"
"1788654371-30","https://kil.gserp.id/goods-manage","","BBK00030","Cywhite GP (Cybright)","2,049.87","30","-","Bahan Baku","gr","https://kil.gserp.id/uploads/default.png"
"1788654371-31","https://kil.gserp.id/goods-manage","","BBK00031","Saffron Extract","666.00","31","-","Bahan Baku","gr","https://kil.gserp.id/uploads/default.png"
"1788654371-32","https://kil.gserp.id/goods-manage","","BBK00032","Tea Tree Extract","440.00","32","-","Bahan Baku","gr","https://kil.gserp.id/uploads/default.png"
"1788654371-33","https://kil.gserp.id/goods-manage","","BBK00033","Comperlan KD T","104.00","33","-","Bahan Baku","gr","https://kil.gserp.id/uploads/default.png"
"1788654371-34","https://kil.gserp.id/goods-manage","","BBK00034","Plantacare 2000UP","72.00","34","-","Bahan Baku","gr","https://kil.gserp.id/uploads/default.png"
"1788654371-35","https://kil.gserp.id/goods-manage","","BBK00035","Palmitoyl Pentapeptide (Finexell)","6,305.00","35","-","Bahan Baku","gr","https://kil.gserp.id/uploads/default.png"
"1788654371-36","https://kil.gserp.id/goods-manage","","BBK00036","Chamomile Extract","390.00","36","-","Bahan Baku","gr","https://kil.gserp.id/uploads/default.png"
"1788654371-37","https://kil.gserp.id/goods-manage","","BBK00037","Bidara Extract","480.00","37","-","Bahan Baku","gr","https://kil.gserp.id/uploads/default.png"
"1788654371-38","https://kil.gserp.id/goods-manage","","BBK00038","Glycolic Acid 70%","150.00","38","-","Bahan Baku","gr","https://kil.gserp.id/uploads/default.png"
"1788654371-39","https://kil.gserp.id/goods-manage","","BBK00039","OMC","251.00","39","-","Bahan Baku","gr","https://kil.gserp.id/uploads/default.png"
"1788654371-40","https://kil.gserp.id/goods-manage","","BBK00040","Calendulla Extract","620.00","40","-","Bahan Baku","gr","https://kil.gserp.id/uploads/default.png"
"1788654371-41","https://kil.gserp.id/goods-manage","","BBK00041","Argan Oil","1,250.00","41","-","Bahan Baku","gr","https://kil.gserp.id/uploads/default.png"
"1788654371-42","https://kil.gserp.id/goods-manage","","BBK00042","Comthing SGS","2,500.00","42","-","Bahan Baku","gr","https://kil.gserp.id/uploads/default.png"
"1788654371-43","https://kil.gserp.id/goods-manage","","BBK00043","Rice Extract","450.00","43","-","Bahan Baku","gr","https://kil.gserp.id/uploads/default.png"
"1788654371-44","https://kil.gserp.id/goods-manage","","BBK00044","Hairdensyl Complex","2,054.25","44","","Bahan Baku","gr","https://kil.gserp.id/uploads/default.png"
"1788654371-45","https://kil.gserp.id/goods-manage","","BBK00045","Rice Scrub Powder","450.00","45","-","Bahan Baku","gr","https://kil.gserp.id/uploads/default.png"
"1788654371-46","https://kil.gserp.id/goods-manage","","BBK00046","Turmeric Powder Extract","600.00","46","-","Bahan Baku","gr","https://kil.gserp.id/uploads/default.png"
"1788654371-47","https://kil.gserp.id/goods-manage","","BBK00047","Coconut OIl","98.00","47","-","Bahan Baku","gr","https://kil.gserp.id/uploads/default.png"
"1788654371-48","https://kil.gserp.id/goods-manage","","BBK00048","Pentavitin","1,253.63","48","-","Bahan Baku","gr","https://kil.gserp.id/uploads/default.png"
"1788654371-49","https://kil.gserp.id/goods-manage","","BBK00049","Retinol (Vitamin A Palmitate Oil)","2,300.00","49","-","Bahan Baku","gr","https://kil.gserp.id/uploads/default.png"
"1788654371-50","https://kil.gserp.id/goods-manage","","BBK00050","Rejutime ADE (Adenosine)","1,200.00","50","-","Bahan Baku","gr","https://kil.gserp.id/uploads/default.png"
"1788654371-51","https://kil.gserp.id/goods-manage","","BBK00051","Snail Slime Extract","1,500.00","51","-","Bahan Baku","gr","https://kil.gserp.id/uploads/default.png"
"1788654371-52","https://kil.gserp.id/goods-manage","","BBK00052","Starmilk WSC 50","1,319.00","52","-","Bahan Baku","gr","https://kil.gserp.id/uploads/default.png"
"1788654371-53","https://kil.gserp.id/goods-manage","","BBK00053","Evermat","5.00","53","-","Bahan Baku","gr","https://kil.gserp.id/uploads/default.png"
"1788654371-54","https://kil.gserp.id/goods-manage","","BBK00054","Hentowhite","10,500.00","54","-","Bahan Baku","gr","https://kil.gserp.id/uploads/default.png"
"1788654371-55","https://kil.gserp.id/goods-manage","","BBK00055","Antisebum GMP","5.00","55","-","Bahan Baku","gr","https://kil.gserp.id/uploads/default.png"
"1788654371-56","https://kil.gserp.id/goods-manage","","BBK00056","Wheylcare Allantoin","450.00","56","-","Bahan Baku","gr","https://kil.gserp.id/uploads/default.png"
"1788654371-57","https://kil.gserp.id/goods-manage","","BBK00057","Repoly 100","450.00","57","-","Bahan Baku","gr","https://kil.gserp.id/uploads/default.png"
"1788654371-58","https://kil.gserp.id/goods-manage","","BBK00058","Hydragan","3,650.00","58","-","Bahan Baku","gr","https://kil.gserp.id/uploads/default.png"
"1788654371-59","https://kil.gserp.id/goods-manage","","BBK00059","Annonasense CLR","3,000.00","59","-","Bahan Baku","gr","https://kil.gserp.id/uploads/default.png"
"1788654371-60","https://kil.gserp.id/goods-manage","","BBK00060","M-ZNO PAS","1,368.00","60","-","Bahan Baku","gr","https://kil.gserp.id/uploads/default.png"
"1788654371-61","https://kil.gserp.id/goods-manage","","BBK00061","Strawberry Extract","600.00","61","-","Bahan Baku","gr","https://kil.gserp.id/uploads/default.png"
"1788654371-62","https://kil.gserp.id/goods-manage","","BBK00062","Blueberry Extract","600.00","62","-","Bahan Baku","gr","https://kil.gserp.id/uploads/default.png"
"1788654371-63","https://kil.gserp.id/goods-manage","","BBK00063","Salicylic Acid","200.00","63","Active","Bahan Baku","gr","https://kil.gserp.id/uploads/default.png"
"1788654371-64","https://kil.gserp.id/goods-manage","","BBK00064","Sacran-05BG","5,051.70","64","-","Bahan Baku","gr","https://kil.gserp.id/uploads/default.png"
"1788654371-65","https://kil.gserp.id/goods-manage","","BBK00065","Sunhancer ECO SPF Booster","0.00","65","-","Bahan Baku","gr","https://kil.gserp.id/uploads/default.png"
"1788654371-66","https://kil.gserp.id/goods-manage","","BBK00066","Sakura Extract","600.00","66","-","Bahan Baku","gr","https://kil.gserp.id/uploads/default.png"
"1788654371-67","https://kil.gserp.id/goods-manage","","BBK00067","Oat Extract","1,346.00","67","-","Bahan Baku","gr","https://kil.gserp.id/uploads/default.png"
"1788654371-68","https://kil.gserp.id/goods-manage","","BBK00068","Cobiowhite","7,200.00","68","-","Bahan Baku","gr","https://kil.gserp.id/uploads/default.png"
"1788654371-69","https://kil.gserp.id/goods-manage","","BBK00069","Pomegranate Extract","600.00","69","-","Bahan Baku","gr","https://kil.gserp.id/uploads/default.png"
"1788654371-70","https://kil.gserp.id/goods-manage","","BBK00070","BbR SA 130","2,445.00","70","-","Bahan Baku","gr","https://kil.gserp.id/uploads/default.png"
"1788654371-71","https://kil.gserp.id/goods-manage","","BBK00071","Tamanu Oil","500.00","71","-","Bahan Baku","gr","https://kil.gserp.id/uploads/default.png"
"1788654371-72","https://kil.gserp.id/goods-manage","","BBK00072","Eucaliptus","1,500.00","72","-","Bahan Baku","gr","https://kil.gserp.id/uploads/default.png"
"1788654371-73","https://kil.gserp.id/goods-manage","","BBK00073","Citronella Oil","900.00","73","-","Bahan Baku","gr","https://kil.gserp.id/uploads/default.png"
"1788654371-74","https://kil.gserp.id/goods-manage","","BBK00074","Mulberry Extract","600.00","74","-","Bahan Baku","gr","https://kil.gserp.id/uploads/default.png"
"1788654371-75","https://kil.gserp.id/goods-manage","","BBK00075","Propolis Extract","2,789.00","75","-","Bahan Baku","gr","https://kil.gserp.id/uploads/default.png"
"1788654371-76","https://kil.gserp.id/goods-manage","","BBK00076","Chromabright","42,000.00","76","-","Bahan Baku","gr","https://kil.gserp.id/uploads/default.png"
"1788654371-77","https://kil.gserp.id/goods-manage","","BBK00077","Red Grape Extract","600.00","77","-","Bahan Baku","gr","https://kil.gserp.id/uploads/default.png"
"1788654371-78","https://kil.gserp.id/goods-manage","","BBK00078","Luminia Granatum","23,613.20","78","-","Bahan Baku","gr","https://kil.gserp.id/uploads/default.png"
"1788654371-79","https://kil.gserp.id/goods-manage","","BBK00079","Senbio Odor Neutralizer","1,162.85","79","-","Bahan Baku","gr","https://kil.gserp.id/uploads/default.png"
"1788654371-80","https://kil.gserp.id/goods-manage","","BBK00080","Melazero","6,060.16","80","-","Bahan Baku","gr","https://kil.gserp.id/uploads/default.png"
"1788654371-81","https://kil.gserp.id/goods-manage","","BBK00081","Air Mineral (Cleo)","1.10","81","-","Bahan Baku","gr","https://kil.gserp.id/uploads/default.png"
"1788654371-82","https://kil.gserp.id/goods-manage","","BBK00082","Glycerin","38.50","82","-","Bahan Baku","gr","https://kil.gserp.id/uploads/default.png"
"1788654371-83","https://kil.gserp.id/goods-manage","","BBK00083","BHT","250.00","83","-","Bahan Baku","gr","https://kil.gserp.id/uploads/default.png"
"1788654371-84","https://kil.gserp.id/goods-manage","","BBK00084","Myritol","178.30","84","-","Bahan Baku","gr","https://kil.gserp.id/uploads/default.png"
"1788654371-85","https://kil.gserp.id/goods-manage","","BBK00085","BRB 423","815.00","85","-","Bahan Baku","gr","https://kil.gserp.id/uploads/default.png"
"1788654371-86","https://kil.gserp.id/goods-manage","","BBK00086","Cosmedia SP","1,255.17","86","-","Bahan Baku","gr","https://kil.gserp.id/uploads/default.png"
"1788654371-87","https://kil.gserp.id/goods-manage","","BBK00087","Cerabeil White 21548","321.00","87","-","Bahan Baku","gr","https://kil.gserp.id/uploads/default.png"
"1788654371-88","https://kil.gserp.id/goods-manage","","BBK00088","Cocamido Betain","33.00","88","-","Bahan Baku","gr","https://kil.gserp.id/uploads/default.png"
"1788654371-89","https://kil.gserp.id/goods-manage","","BBK00089","Ceteareath-25","75.00","89","-","Bahan Baku","gr","https://kil.gserp.id/uploads/default.png"
"1788654371-90","https://kil.gserp.id/goods-manage","","BBK00090","Dimethicone","57.20","90","-","Bahan Baku","gr","https://kil.gserp.id/uploads/default.png"
"1788654371-91","https://kil.gserp.id/goods-manage","","BBK00091","Disodium EDTA","111.50","91","-","Bahan Baku","gr","https://kil.gserp.id/uploads/default.png"
"1788654371-92","https://kil.gserp.id/goods-manage","","BBK00092","Eversoft ACS 40S","114.00","92","-","Bahan Baku","gr","https://kil.gserp.id/uploads/default.png"
"1788654371-93","https://kil.gserp.id/goods-manage","","BBK00093","Eversoft ACS 30S","87.50","93","-","Bahan Baku","gr","https://kil.gserp.id/uploads/default.png"
"1788654371-94","https://kil.gserp.id/goods-manage","","BBK00094","Emulgade SE PF","0.00","94","-","Bahan Baku","gr","https://kil.gserp.id/uploads/default.png"
"1788654371-95","https://kil.gserp.id/goods-manage","","BBK00095","Glucotain Liquiflex","104.00","95","-","Bahan Baku","gr","https://kil.gserp.id/uploads/default.png"
"1788654371-96","https://kil.gserp.id/goods-manage","","BBK00096","Kaolin","50.00","96","-","Bahan Baku","gr","https://kil.gserp.id/uploads/default.png"
"1788654371-97","https://kil.gserp.id/goods-manage","","BBK00097","Butylene Glycol","61.90","97","-","Bahan Baku","gr","https://kil.gserp.id/uploads/default.png"
"1788654371-98","https://kil.gserp.id/goods-manage","","BBK00098","Optasense RMA","1,406.00","98","-","Bahan Baku","gr","https://kil.gserp.id/uploads/default.png"
"1788654371-99","https://kil.gserp.id/goods-manage","","BBK00099","PEG-7","128.00","99","-","Bahan Baku","gr","https://kil.gserp.id/uploads/default.png"
"1788654371-100","https://kil.gserp.id/goods-manage","","BBK00100","Resasol VS","325.80","100","-","Bahan Baku","gr","https://kil.gserp.id/uploads/default.png"
"1788654371-101","https://kil.gserp.id/goods-manage","","BBK00101","Shea Butter","160.00","101","-","Bahan Baku","gr","https://kil.gserp.id/uploads/default.png"
"1788654371-102","https://kil.gserp.id/goods-manage","","BBK00102","Silsoft 1215","321.00","102","-","Bahan Baku","gr","https://kil.gserp.id/uploads/default.png"
"1788654371-103","https://kil.gserp.id/goods-manage","","BBK00103","Tego SML","105.00","103","-","Bahan Baku","gr","https://kil.gserp.id/uploads/default.png"
"1788654371-104","https://kil.gserp.id/goods-manage","","BBK00104","Tegosoft CT (Discontinue)","0.00","104","-","Bahan Baku","gr","https://kil.gserp.id/uploads/default.png"
"1788654371-105","https://kil.gserp.id/goods-manage","","BBK00105","Tegocare 165","146.85","105","-","Bahan Baku","gr","https://kil.gserp.id/uploads/default.png"
"1788654371-106","https://kil.gserp.id/goods-manage","","BBK00106","Texapon N70","30.00","106","-","Bahan Baku","gr","https://kil.gserp.id/uploads/default.png"
"1788654371-107","https://kil.gserp.id/goods-manage","","BBK00107","Ci Number Merah Cherry","1.00","107","-","Bahan Baku","gr","https://kil.gserp.id/uploads/default.png"
"1788654371-108","https://kil.gserp.id/goods-manage","","BBK00108","Ci Number Ungu Anggur","1.00","108","-","Bahan Baku","gr","https://kil.gserp.id/uploads/default.png"
"1788654371-109","https://kil.gserp.id/goods-manage","","BBK00109","NACL","10.00","109","-","Bahan Baku","gr","https://kil.gserp.id/uploads/default.png"
"1788654371-110","https://kil.gserp.id/goods-manage","","BBK00110","Ci Number Kuning Telur","1.00","110","-","Bahan Baku","gr","https://kil.gserp.id/uploads/default.png"
"1788654371-111","https://kil.gserp.id/goods-manage","","BBK00111","Ci Number Merah Kritresin","1.00","111","-","Bahan Baku","gr","https://kil.gserp.id/uploads/default.png"
"1788654371-112","https://kil.gserp.id/goods-manage","","BBK00112","Ci Number Biru Berlian Muda","1.00","112","-","Bahan Baku","gr","https://kil.gserp.id/uploads/default.png"
"1788654371-113","https://kil.gserp.id/goods-manage","","BBK00113","Ci Number Hijau Apel","1.00","113","-","Bahan Baku","gr","https://kil.gserp.id/uploads/default.png"
"1788654371-114","https://kil.gserp.id/goods-manage","","BBK00114","Ci Number Sunset Yellow","1.00","114","-","Bahan Baku","gr","https://kil.gserp.id/uploads/default.png"
"1788654371-115","https://kil.gserp.id/goods-manage","","BBK00115","Beads Merah","3,200.00","115","-","Bahan Baku","gr","https://kil.gserp.id/uploads/default.png"
"1788654371-116","https://kil.gserp.id/goods-manage","","BBK00116","SF1202","178.00","116","-","Bahan Baku","gr","https://kil.gserp.id/uploads/default.png"
"1788654371-117","https://kil.gserp.id/goods-manage","","BBK00117","Tegosoft TN (C12-15AB)","180.00","117","-","Bahan Baku","gr","https://kil.gserp.id/uploads/default.png"
"1788654371-118","https://kil.gserp.id/goods-manage","","BBK00118","Belsil DMC 6038","769.70","118","-","Bahan Baku","gr","https://kil.gserp.id/uploads/default.png"
"1788654371-119","https://kil.gserp.id/goods-manage","","BBK00119","Weylcare ATBS","1,415.50","119","-","Bahan Baku","gr","https://kil.gserp.id/uploads/default.png"
"1788654371-120","https://kil.gserp.id/goods-manage","","BBK00120","Sepimax Zen","1,299.96","120","-","Bahan Baku","gr","https://kil.gserp.id/uploads/default.png"
"1788654371-121","https://kil.gserp.id/goods-manage","","BBK00121","Propylene Glycol","60.00","121","-","Bahan Baku","gr","https://kil.gserp.id/uploads/default.png"
"1788654371-122","https://kil.gserp.id/goods-manage","","BBK00122","Belsil PF 200","1,100.00","122","-","Bahan Baku","gr","https://kil.gserp.id/uploads/default.png"
"1788654371-123","https://kil.gserp.id/goods-manage","","BBK00123","Cocamide DEA","0.00","123","-","Bahan Baku","gr","https://kil.gserp.id/uploads/default.png"
"1788654371-124","https://kil.gserp.id/goods-manage","","BBK00124","Reachin Petals PInk","2,200.00","124","-","Bahan Baku","gr","https://kil.gserp.id/uploads/default.png"
"1788654371-125","https://kil.gserp.id/goods-manage","","BBK00125","TEA (Triethanolamine)","85.00","125","-","Bahan Baku","gr","https://kil.gserp.id/uploads/default.png"
"1788654371-126","https://kil.gserp.id/goods-manage","","BBK00126","Zetemol 99","267.00","126","-","Bahan Baku","gr","https://kil.gserp.id/uploads/default.png"
"1788654371-127","https://kil.gserp.id/goods-manage","","BBK00127","Ecorol","47.00","127","-","Bahan Baku","gr","https://kil.gserp.id/uploads/default.png"
"1788654371-128","https://kil.gserp.id/goods-manage","","BBK00128","Alkohol 70%","0.00","128","-","Bahan Baku","gr","https://kil.gserp.id/uploads/default.png"
"1788654371-129","https://kil.gserp.id/goods-manage","","BBK00129","Corn Starch","13.60","129","-","Bahan Baku","gr","https://kil.gserp.id/uploads/default.png"
"1788654371-130","https://kil.gserp.id/goods-manage","","BBK00130","Ethanol Superfine Bit 6","39.50","130","-","Bahan Baku","ml","https://kil.gserp.id/uploads/default.png"
"1788654371-131","https://kil.gserp.id/goods-manage","","BBK00131","Spectra Iron Oxide Yellow (Colorant)","1,000.00","131","-","Bahan Baku","gr","https://kil.gserp.id/uploads/default.png"
"1788654371-132","https://kil.gserp.id/goods-manage","","BBK00132","Reshine TMS 50","780.00","132","-","Bahan Baku","gr","https://kil.gserp.id/uploads/default.png"
"1788654371-133","https://kil.gserp.id/goods-manage","","BBK00133","TSB-F1A","20.00","133","-","Bahan Baku","gr","https://kil.gserp.id/uploads/default.png"
"1788654371-134","https://kil.gserp.id/goods-manage","","BBK00134","TIO (Triethylhexanoin)","391.70","134","","Bahan Baku","gr","https://kil.gserp.id/uploads/default.png"
"1788654371-135","https://kil.gserp.id/goods-manage","","BBK00135","Hostapon SCI 85 P","195.30","135","-","Bahan Baku","gr","https://kil.gserp.id/uploads/default.png"
"1788654371-136","https://kil.gserp.id/goods-manage","","BBK00136","Daitosol 5000 AD","539.30","136","-","Bahan Baku","gr","https://kil.gserp.id/uploads/default.png"
"1788654371-137","https://kil.gserp.id/goods-manage","","BBK00137","Genamin PQ7","80.00","137","-","Bahan Baku","gr","https://kil.gserp.id/uploads/default.png"
"1788654371-138","https://kil.gserp.id/goods-manage","","BBK00138","Salacos HS-6C","700.00","138","-","Bahan Baku","gr","https://kil.gserp.id/uploads/default.png"
"1788654371-139","https://kil.gserp.id/goods-manage","","BBK00139","Plantapon WW-CF","55.00","139","-","Bahan Baku","gr","https://kil.gserp.id/uploads/default.png"
"1788654371-140","https://kil.gserp.id/goods-manage","","BBK00140","Belsil EG 5","750.00","140","-","Bahan Baku","gr","https://kil.gserp.id/uploads/default.png"
"1788654371-141","https://kil.gserp.id/goods-manage","","BBK00141","Eversoft UCS 50SG","110.00","141","-","Bahan Baku","gr","https://kil.gserp.id/uploads/default.png"
"1788654371-142","https://kil.gserp.id/goods-manage","","BBK00142","Carbopol Aqua SF-1","600.00","142","-","Bahan Baku","gr","https://kil.gserp.id/uploads/default.png"
"1788654371-143","https://kil.gserp.id/goods-manage","","BBK00143","Avril forbidden rose (botol kecil)","0.00","143","-","Bahan Baku","gr","https://kil.gserp.id/uploads/default.png"
"1788654371-144","https://kil.gserp.id/goods-manage","","BBK00144","Victoria Scandal (Dreamlab)","0.00","144","-","Bahan Baku","gr","https://kil.gserp.id/uploads/default.png"
"1788654371-145","https://kil.gserp.id/goods-manage","","BBK00145","Africana Parfume (Dreamlab)","300.00","145","-","Bahan Baku","gr","https://kil.gserp.id/uploads/default.png"
"1788654371-146","https://kil.gserp.id/goods-manage","","BBK00146","Aqua di Gio (Dreamlab)","810.00","146","-","Bahan Baku","gr","https://kil.gserp.id/uploads/default.png"
"1788654371-147","https://kil.gserp.id/goods-manage","","BBK00147","Bergamot EO (Dreamlab)","600.00","147","-","Bahan Baku","gr","https://kil.gserp.id/uploads/default.png"
"1788654371-148","https://kil.gserp.id/goods-manage","","BBK00148","Elsa royal Perfume (Dreamlab)","0.00","148","-","Bahan Baku","gr","https://kil.gserp.id/uploads/default.png"
"1788654371-149","https://kil.gserp.id/goods-manage","","BBK00149","Frangipani G2 (Dreamlab)","600.00","149","-","Bahan Baku","gr","https://kil.gserp.id/uploads/default.png"
"1788654371-150","https://kil.gserp.id/goods-manage","","BBK00150","Frangipani EO (Dreamlab)","3,300.00","150","-","Bahan Baku","gr","https://kil.gserp.id/uploads/default.png"
"1788654371-151","https://kil.gserp.id/goods-manage","","BBK00151","Fresh Fruity Benberg Arome (Dreamlab)","569.97","151","-","Bahan Baku","gr","https://kil.gserp.id/uploads/default.png"
"1788654371-152","https://kil.gserp.id/goods-manage","","BBK00152","Lemon EO (Dreamlab)","1,500.00","152","-","Bahan Baku","gr","https://kil.gserp.id/uploads/default.png"
"1788654371-153","https://kil.gserp.id/goods-manage","","BBK00153","Luxury (Dreamlab)","1,200.00","153","-","Bahan Baku","gr","https://kil.gserp.id/uploads/default.png"
"1788654371-154","https://kil.gserp.id/goods-manage","","BBK00154","Mangostana & Peach (Dreamlab)","600.00","154","-","Bahan Baku","gr","https://kil.gserp.id/uploads/default.png"
"1788654371-155","https://kil.gserp.id/goods-manage","","BBK00155","Malony Perfume (Dreamlab)","780.00","155","-","Bahan Baku","gr","https://kil.gserp.id/uploads/default.png"
"1788654371-156","https://kil.gserp.id/goods-manage","","BBK00156","Platinum Low (Dreamlab)","750.00","156","-","Bahan Baku","gr","https://kil.gserp.id/uploads/default.png"
"1788654371-157","https://kil.gserp.id/goods-manage","","BBK00157","Soft Benberg Arome (Dreamlab)","950.00","157","-","Bahan Baku","gr","https://kil.gserp.id/uploads/default.png"
"1788654371-158","https://kil.gserp.id/goods-manage","","BBK00158","Sweet Vanila (Dreamlab)","500.00","158","-","Bahan Baku","gr","https://kil.gserp.id/uploads/default.png"
"1788654371-159","https://kil.gserp.id/goods-manage","","BBK00159","Tea Tree EO (Dreamlab)","1,200.00","159","-","Bahan Baku","gr","https://kil.gserp.id/uploads/default.png"
"1788654371-160","https://kil.gserp.id/goods-manage","","BBK00160","Nicky Perfume (Dreamlab)","0.00","160","-","Bahan Baku","gr","https://kil.gserp.id/uploads/default.png"
"1788654371-161","https://kil.gserp.id/goods-manage","","BBK00161","Blue Power/Aigner Blue (Dreamlab)","750.00","161","-","Bahan Baku","gr","https://kil.gserp.id/uploads/default.png"
"1788654371-162","https://kil.gserp.id/goods-manage","","BBK00162","Pink Chiffon / Vanilla Ice (Dreamlab)","764.30","162","-","Bahan Baku","gr","https://kil.gserp.id/uploads/default.png"
"1788654371-163","https://kil.gserp.id/goods-manage","","BBK00163","Audio Men Aqua di Gio (Dreamlab)","1,154.00","163","-","Bahan Baku","gr","https://kil.gserp.id/uploads/default.png"
"1788654371-164","https://kil.gserp.id/goods-manage","","BBK00164","Courage M /Dior Sauvage (Dreamlab)","1,032.00","164","-","Bahan Baku","gr","https://kil.gserp.id/uploads/default.png"
"1788654371-165","https://kil.gserp.id/goods-manage","","BBK00165","On The Beach (Dreamlab)","1,170.00","165","-","Bahan Baku","gr","https://kil.gserp.id/uploads/default.png"
"1788654371-166","https://kil.gserp.id/goods-manage","","BBK00166","Diamor Women (Dreamlab)","871.18","166","-","Bahan Baku","gr","https://kil.gserp.id/uploads/default.png"
"1788654371-167","https://kil.gserp.id/goods-manage","","BBK00167","Thousand Whises/Candy Love (Dreamlab)","720.00","167","-","Bahan Baku","gr","https://kil.gserp.id/uploads/default.png"
"1788654371-168","https://kil.gserp.id/goods-manage","","BBK00168","Black Opium (Dreamlab)","650.00","168","-","Bahan Baku","gr","https://kil.gserp.id/uploads/default.png"
"1788654371-169","https://kil.gserp.id/goods-manage","","BBK00169","Chupa (Dreamlab)","1,000.00","169","-","Bahan Baku","gr","https://kil.gserp.id/uploads/default.png"
"1788654371-170","https://kil.gserp.id/goods-manage","","BBK00170","Rose Vanilla Mancera (Dreamlab)","850.00","170","-","Bahan Baku","gr","https://kil.gserp.id/uploads/default.png"
"1788654371-171","https://kil.gserp.id/goods-manage","","BBK00171","Chanel Coco (Dreamlab)","800.00","171","-","Bahan Baku","gr","https://kil.gserp.id/uploads/default.png"
"1788654371-172","https://kil.gserp.id/goods-manage","","BBK00172","Creed Aventus (Discontinue)","0.00","172","-","Bahan Baku","gr","https://kil.gserp.id/uploads/default.png"
"1788654371-173","https://kil.gserp.id/goods-manage","","BBK00173","Man Fragrance (Zainal)","0.00","173","-","Bahan Baku","gr","https://kil.gserp.id/uploads/default.png"
"1788654371-174","https://kil.gserp.id/goods-manage","","BBK00174","Lovely Fragrance (Zainal)","0.00","174","-","Bahan Baku","gr","https://kil.gserp.id/uploads/default.png"
"1788654371-175","https://kil.gserp.id/goods-manage","","BBK00175","Soft Fragrance (Zainal)","0.00","175","-","Bahan Baku","gr","https://kil.gserp.id/uploads/default.png"
"1788654371-176","https://kil.gserp.id/goods-manage","","BBK00176","Crucial SPC (Dreamlab)","600.00","176","-","Bahan Baku","gr","https://kil.gserp.id/uploads/default.png"
"1788654371-177","https://kil.gserp.id/goods-manage","","BBK00177","All Rose (Dreamlab)","955.80","177","-","Bahan Baku","gr","https://kil.gserp.id/uploads/default.png"
"1788654371-178","https://kil.gserp.id/goods-manage","","BBK00178","Vanilla Musk 231 (Dreamlab)","0.00","178","-","Bahan Baku","gr","https://kil.gserp.id/uploads/default.png"
"1788654371-179","https://kil.gserp.id/goods-manage","","BBK00179","Cherry Blossom 230 (Dreamlab)","1,000.00","179","","Bahan Baku","gr","https://kil.gserp.id/uploads/default.png"
"1788654371-180","https://kil.gserp.id/goods-manage","","BBK00180","Misteriosa (Dreamlab)","662.00","180","-","Bahan Baku","gr","https://kil.gserp.id/uploads/default.png"
"1788654371-181","https://kil.gserp.id/goods-manage","","BBK00181","Candy Love (Dreamlab)","0.00","181","-","Bahan Baku","gr","https://kil.gserp.id/uploads/default.png"
"1788654371-182","https://kil.gserp.id/goods-manage","","BBK00182","Paris Hilton (Dreamlab)","0.00","182","-","Bahan Baku","gr","https://kil.gserp.id/uploads/default.png"
"1788654371-183","https://kil.gserp.id/goods-manage","","BBK00183","Liberty (Dreamlab)","846.40","183","-","Bahan Baku","gr","https://kil.gserp.id/uploads/default.png"
"1788654371-184","https://kil.gserp.id/goods-manage","","BBK00184","Costa Sport (Dreamlab)","990.00","184","-","Bahan Baku","gr","https://kil.gserp.id/uploads/default.png"
"1788654371-185","https://kil.gserp.id/goods-manage","","BBK00185","Angel Hearth (Dreamlab)","750.00","185","-","Bahan Baku","gr","https://kil.gserp.id/uploads/default.png"
"1788654371-186","https://kil.gserp.id/goods-manage","","BBK00186","Jlo Still (Dreamlab)","850.00","186","-","Bahan Baku","gr","https://kil.gserp.id/uploads/default.png"
"1788654371-187","https://kil.gserp.id/goods-manage","","BBK00187","Bacarat (Dreamlab)","1,120.00","187","-","Bahan Baku","gr","https://kil.gserp.id/uploads/default.png"
"1788654371-188","https://kil.gserp.id/goods-manage","","BBK00188","Bloom Fleur (Dreamlab)","1,030.00","188","-","Bahan Baku","gr","https://kil.gserp.id/uploads/default.png"
"1788654371-189","https://kil.gserp.id/goods-manage","","BBK00189","Hot Paris Women (Dreamlab)","1,300.00","189","-","Bahan Baku","gr","https://kil.gserp.id/uploads/default.png"
"1788654371-190","https://kil.gserp.id/goods-manage","","BBK00190","Melati Keraton (Dreamlab)","1,000.00","190","-","Bahan Baku","gr","https://kil.gserp.id/uploads/default.png"
"1788654371-191","https://kil.gserp.id/goods-manage","","BBK00191","Rossaly (Dreamlab)","350.00","191","-","Bahan Baku","gr","https://kil.gserp.id/uploads/default.png"
"1788654371-192","https://kil.gserp.id/goods-manage","","BBK00192","Miss Coco Sense (Dreamlab)","1,229.00","192","-","Bahan Baku","gr","https://kil.gserp.id/uploads/default.png"
"1788654371-193","https://kil.gserp.id/goods-manage","","BBK00193","Coconut Fragance (Dreamlab)","397.00","193","-","Bahan Baku","gr","https://kil.gserp.id/uploads/default.png"
"1788654371-194","https://kil.gserp.id/goods-manage","","BBK00194","Raphaela (Dreamlab)","800.00","194","-","Bahan Baku","gr","https://kil.gserp.id/uploads/default.png"
"1788654371-195","https://kil.gserp.id/goods-manage","","BBK00195","Guess Summer Girl (Dreamlab)","850.00","195","-","Bahan Baku","gr","https://kil.gserp.id/uploads/default.png"
"1788654371-196","https://kil.gserp.id/goods-manage","","BBK00196","Almond Bee (Dreamlab)","0.00","196","-","Bahan Baku","gr","https://kil.gserp.id/uploads/default.png"
"1788654371-197","https://kil.gserp.id/goods-manage","","BBK00197","Green Tea Fragance (Dreamlab)","300.00","197","-","Bahan Baku","gr","https://kil.gserp.id/uploads/default.png"
"1788654371-198","https://kil.gserp.id/goods-manage","","BBK00198","Drago Lavender (Dreamlab)","350.00","198","-","Bahan Baku","gr","https://kil.gserp.id/uploads/default.png"
"1788654371-199","https://kil.gserp.id/goods-manage","","BBK00199","Black Stone (Dreamlab)","900.00","199","-","Bahan Baku","gr","https://kil.gserp.id/uploads/default.png"
"1788654371-200","https://kil.gserp.id/goods-manage","","BBK00200","Moringa Body (Dreamlab)","600.00","200","-","Bahan Baku","gr","https://kil.gserp.id/uploads/default.png"
"1788654371-201","https://kil.gserp.id/goods-manage","","BBK00201","Lovestruck Fusion (Dreamlab)","650.00","201","-","Bahan Baku","gr","https://kil.gserp.id/uploads/default.png"
"1788654371-202","https://kil.gserp.id/goods-manage","","BBK00202","Jacfruits (Dreamlab)","0.00","202","-","Bahan Baku","gr","https://kil.gserp.id/uploads/default.png"
"1788654371-203","https://kil.gserp.id/goods-manage","","BBK00203","Argan Oil Fragance (Dreamlab)","0.00","203","-","Bahan Baku","gr","https://kil.gserp.id/uploads/default.png"
"1788654371-204","https://kil.gserp.id/goods-manage","","BBK00204","Versace Eros (Dreamlab)","2,600.00","204","-","Bahan Baku","gr","https://kil.gserp.id/uploads/default.png"
"1788654371-205","https://kil.gserp.id/goods-manage","","BBK00205","Green Tea Fresh (Dreamlab)","1,000.00","205","-","Bahan Baku","gr","https://kil.gserp.id/uploads/default.png"
"1788654371-206","https://kil.gserp.id/goods-manage","","BBK00206","Cranberry (Dreamlab)","400.00","206","-","Bahan Baku","gr","https://kil.gserp.id/uploads/default.png"
"1788654371-207","https://kil.gserp.id/goods-manage","","BBK00207","Fairytale (Dreamlab)","785.00","207","-","Bahan Baku","gr","https://kil.gserp.id/uploads/default.png"
"1788654371-208","https://kil.gserp.id/goods-manage","","BBK00208","Pop Corn Caramel (Dreamlab)","750.00","208","-","Bahan Baku","gr","https://kil.gserp.id/uploads/default.png"
"1788654371-209","https://kil.gserp.id/goods-manage","","BBK00209","Bubble Gum (Dreamlab)","700.00","209","-","Bahan Baku","gr","https://kil.gserp.id/uploads/default.png"
"1788654371-210","https://kil.gserp.id/goods-manage","","BBK00210","Star Sparkle (Dreamlab)","1,050.00","210","-","Bahan Baku","gr","https://kil.gserp.id/uploads/default.png"
"1788654371-211","https://kil.gserp.id/goods-manage","","BBK00211","Lemon Grass (Dreamlab)","350.00","211","-","Bahan Baku","gr","https://kil.gserp.id/uploads/default.png"
"1788654371-212","https://kil.gserp.id/goods-manage","","BBK00212","Scandal Vica (Dreamlab)","750.00","212","-","Bahan Baku","gr","https://kil.gserp.id/uploads/default.png"
"1788654371-213","https://kil.gserp.id/goods-manage","","BBK00213","Island Dream (Dreamlab)","650.00","213","-","Bahan Baku","gr","https://kil.gserp.id/uploads/default.png"
"1788654371-214","https://kil.gserp.id/goods-manage","","BBK00214","Iscaguard PEG","216.60","214","-","Bahan Baku","gr","https://kil.gserp.id/uploads/default.png"
"1788654371-215","https://kil.gserp.id/goods-manage","","BBK00215","Nipaguard DMDM","48.00","215","-","Bahan Baku","gr","https://kil.gserp.id/uploads/default.png"
"1788654371-216","https://kil.gserp.id/goods-manage","","KSR00001","Sticker Lumira Daily Gentle Cleansing 100ml","0.00","216","-","Kemasan Sekunder","pcs","https://kil.gserp.id/uploads/default.png"
"1788654371-217","https://kil.gserp.id/goods-manage","","KSR00002","Sticker No Batch Lawo Derma Bright Cream","1,700.00","217","-","Kemasan Sekunder","pcs","https://kil.gserp.id/uploads/default.png"
"1788654371-218","https://kil.gserp.id/goods-manage","","KSR00003","Sticker Depan Sprezzata Night Lotion 100ml","1,255.00","218","-","Kemasan Sekunder","pcs","https://kil.gserp.id/uploads/default.png"
"1788654371-219","https://kil.gserp.id/goods-manage","","KSR00004","Sticker Belakang Sprezzata Night Lotion 100ml","1,360.00","219","-","Kemasan Sekunder","pcs","https://kil.gserp.id/uploads/default.png"
"1788654371-220","https://kil.gserp.id/goods-manage","","KSR00005","Sticker Depan Sprezzata Body Serum 60ml","1,600.00","220","-","Kemasan Sekunder","pcs","https://kil.gserp.id/uploads/default.png"
"1788654371-221","https://kil.gserp.id/goods-manage","","KSR00006","Sticker Labbol Serum 5% 30ml","1,370.00","221","-","Kemasan Sekunder","pcs","https://kil.gserp.id/uploads/default.png"
"1788654371-222","https://kil.gserp.id/goods-manage","","KSR00007","Sticker Depan Milmicha","1,600.00","222","-","Kemasan Sekunder","pcs","https://kil.gserp.id/uploads/default.png"
"1788654371-223","https://kil.gserp.id/goods-manage","","KSR00008","Sticker Belakang Milmicha","1,880.00","223","-","Kemasan Sekunder","pcs","https://kil.gserp.id/uploads/default.png"
"1788654371-224","https://kil.gserp.id/goods-manage","","KSR00009","Sticker Sprezzata Body Serum 30ml","1,600.00","224","-","Kemasan Sekunder","pcs","https://kil.gserp.id/uploads/default.png"
"1788654371-225","https://kil.gserp.id/goods-manage","","KSR00010","Sticker Bright & Glow","1,600.00","225","-","Kemasan Sekunder","pcs","https://kil.gserp.id/uploads/default.png"
"1788654371-226","https://kil.gserp.id/goods-manage","","KSR00011","Sticker Layyine Bright & Glow Depan Belakang Face Cleanser","1,600.00","226","-","Kemasan Sekunder","pcs","https://kil.gserp.id/uploads/default.png"
"1788654371-227","https://kil.gserp.id/goods-manage","","KSR00012","Sticker Ghimarow Luxurious Whitening Booster Depan","1,600.00","227","-","Kemasan Sekunder","pcs","https://kil.gserp.id/uploads/default.png"
"1788654371-228","https://kil.gserp.id/goods-manage","","KSR00013","Sticker Ghimarow Luxurious Whitening Booster Atas","1,880.00","228","-","Kemasan Sekunder","pcs","https://kil.gserp.id/uploads/default.png"
"1788654371-229","https://kil.gserp.id/goods-manage","","KSR00014","Sticker Ghimarow Luxurious Whitening Booster Belakang","1,800.00","229","-","Kemasan Sekunder","pcs","https://kil.gserp.id/uploads/default.png"
"1788654371-230","https://kil.gserp.id/goods-manage","","KSR00015","Sticker Depan Belakang Yasly Brightening Body Lotion","2,000.00","230","-","Kemasan Sekunder","pcs","https://kil.gserp.id/uploads/default.png"
"1788654371-231","https://kil.gserp.id/goods-manage","","KSR00016","Sticker Layinne Jar Atas","1,875.00","231","-","Kemasan Sekunder","pcs","https://kil.gserp.id/uploads/default.png"
"1788654371-232","https://kil.gserp.id/goods-manage","","KSR00017","Sticker Depan Belakang Layinne Day Cream","1,875.00","232","-","Kemasan Sekunder","pcs","https://kil.gserp.id/uploads/default.png"
"1788654371-233","https://kil.gserp.id/goods-manage","","KSR00018","Sticker Depan Belakang Layinne Essense toner","1,500.00","233","-","Kemasan Sekunder","pcs","https://kil.gserp.id/uploads/default.png"
"1788654371-234","https://kil.gserp.id/goods-manage","","KSR00019","Sticker Depan Belakang Layinne Night Cream","1,500.00","234","-","Kemasan Sekunder","pcs","https://kil.gserp.id/uploads/default.png"
"1788654371-235","https://kil.gserp.id/goods-manage","","KSR00020","Sticker Kemasan Lawo Derma Bright","191.00","235","-","Kemasan Sekunder","pcs","https://kil.gserp.id/uploads/default.png"
"1788654371-236","https://kil.gserp.id/goods-manage","","KSR00021","Sticker Dearfa Body Lotion","5,600.00","236","-","Kemasan Sekunder","pcs","https://kil.gserp.id/uploads/default.png"
"1788654371-237","https://kil.gserp.id/goods-manage","","KSR00022","Sticker Rinea Dermasum Barrier","0.00","237","-","Kemasan Sekunder","pcs","https://kil.gserp.id/uploads/default.png"
"1788654371-238","https://kil.gserp.id/goods-manage","","KSR00023","Sticker Rinea Moisture Cream","0.00","238","-","Kemasan Sekunder","pcs","https://kil.gserp.id/uploads/default.png"
"1788654371-239","https://kil.gserp.id/goods-manage","","KSR00024","Sticker TheMs Terre Parfum","0.00","239","-","Kemasan Sekunder","pcs","https://kil.gserp.id/uploads/default.png"
"1788654371-240","https://kil.gserp.id/goods-manage","","KSR00025","Sticker TheMs Rain Parfum","0.00","240","-","Kemasan Sekunder","pcs","https://kil.gserp.id/uploads/default.png"
"1788654371-241","https://kil.gserp.id/goods-manage","","KSR00026","Sticker Skinjase Cleansing Foam","3,600.00","241","-","Kemasan Sekunder","pcs","https://kil.gserp.id/uploads/default.png"
"1788654371-242","https://kil.gserp.id/goods-manage","","KSR00027","Sticker Sprezzata Body Mist","0.00","242","-","Kemasan Sekunder","pcs","https://kil.gserp.id/uploads/default.png"
"1788654371-243","https://kil.gserp.id/goods-manage","","KSR00028","Sticker Batch Sprezzata","0.00","243","-","Kemasan Sekunder","pcs","https://kil.gserp.id/uploads/default.png"
"1788654371-244","https://kil.gserp.id/goods-manage","","KSR00029","Sticker Batch Serum Sprezzata","0.00","244","-","Kemasan Sekunder","pcs","https://kil.gserp.id/uploads/default.png"
"1788654371-245","https://kil.gserp.id/goods-manage","","KSR00030","Sticker Batch Night Lotion Sprezzata","0.00","245","-","Kemasan Sekunder","pcs","https://kil.gserp.id/uploads/default.png"
"1788654371-246","https://kil.gserp.id/goods-manage","","KSR00031","Sticker Batch Lawo","710.00","246","-","Kemasan Sekunder","pcs","https://kil.gserp.id/uploads/default.png"
"1788654371-247","https://kil.gserp.id/goods-manage","","KSR00032","Sticker Depan La Bonneta Middle Earth","710.00","247","-","Kemasan Sekunder","pcs","https://kil.gserp.id/uploads/default.png"
"1788654371-248","https://kil.gserp.id/goods-manage","","KSR00033","Sticker C&D Frangance East Java","1,550.00","248","-","Kemasan Sekunder","pcs","https://kil.gserp.id/uploads/default.png"
"1788654371-249","https://kil.gserp.id/goods-manage","","KSR00034","Sticker Depan Belakang Vinoire Golden Desine","2,050.00","249","-","Kemasan Sekunder","pcs","https://kil.gserp.id/uploads/default.png"
"1788654371-250","https://kil.gserp.id/goods-manage","","KSR00035","Sticker Depan Belakang Vinoire Noctera","2,050.00","250","-","Kemasan Sekunder","pcs","https://kil.gserp.id/uploads/default.png"
"1788654371-251","https://kil.gserp.id/goods-manage","","KSR00036","Sticker Depan Blakang Vinoire Golden Whisper","330.00","251","-","Kemasan Sekunder","pcs","https://kil.gserp.id/uploads/default.png"
"1788654371-252","https://kil.gserp.id/goods-manage","","KSR00037","Sticker Catale Hairmush","0.00","252","-","Kemasan Sekunder","pcs","https://kil.gserp.id/uploads/default.png"
"1788654371-253","https://kil.gserp.id/goods-manage","","KSR00038","Sticker Depan Belakang Amberin Viniore","0.00","253","-","Kemasan Sekunder","pcs","https://kil.gserp.id/uploads/default.png"
"1788654371-254","https://kil.gserp.id/goods-manage","","KSR00039","Sticker Depan Belakang Vinoire Whispered Bloom","0.00","254","-","Kemasan Sekunder","pcs","https://kil.gserp.id/uploads/default.png"
"1788654371-255","https://kil.gserp.id/goods-manage","","KSR00040","Sticker Depan Belakang Aishavcare Parfum","400.00","255","-","Kemasan Sekunder","pcs","https://kil.gserp.id/uploads/default.png"
"1788654371-256","https://kil.gserp.id/goods-manage","","KSR00041","Sticker Belakang Catale","450.00","256","-","Kemasan Sekunder","pcs","https://kil.gserp.id/uploads/default.png"
"1788654371-257","https://kil.gserp.id/goods-manage","","KSR00042","Sticker No Batch Skinjase","400.00","257","-","Kemasan Sekunder","pcs","https://kil.gserp.id/uploads/default.png"
"1788654371-258","https://kil.gserp.id/goods-manage","","KSR00043","Sticker Hologram Skinjase","400.00","258","-","Kemasan Sekunder","pcs","https://kil.gserp.id/uploads/default.png"
"1788654371-259","https://kil.gserp.id/goods-manage","","KSR00044","Sticker Depan Sprezzata Bright & Glow Sample","400.00","259","-","Kemasan Sekunder","pcs","https://kil.gserp.id/uploads/default.png"
"1788654371-260","https://kil.gserp.id/goods-manage","","KSR00045","Sticker Blush Essense Bodymist Sample","400.00","260","-","Kemasan Sekunder","pcs","https://kil.gserp.id/uploads/default.png"
"1788654371-261","https://kil.gserp.id/goods-manage","","KSR00046","Sticker Batch Aishavcare","4,800.00","261","-","Kemasan Sekunder","pcs","https://kil.gserp.id/uploads/default.png"
"1788654371-262","https://kil.gserp.id/goods-manage","","KSR00047","Sticker Batch 2ins Brightening Cream","4,800.00","262","-","Kemasan Sekunder","pcs","https://kil.gserp.id/uploads/default.png"
"1788654371-263","https://kil.gserp.id/goods-manage","","KSR00048","Sticker 2ins Depan Belakang Brightening Cream","0.00","263","-","Kemasan Sekunder","pcs","https://kil.gserp.id/uploads/default.png"
"1788654371-264","https://kil.gserp.id/goods-manage","","KSR00049","Sticker Depan Milmicha Bright & Glow Red Jelly","218.50","264","","Kemasan Sekunder","pcs","https://kil.gserp.id/uploads/common/202608/1787278916_3e254a570c82cb90b5ef.png"
"1788654371-265","https://kil.gserp.id/goods-manage","","KSR00050","Sticker Milmicha Atas Bright & Glow Red Jely","445.00","265","","Kemasan Sekunder","pcs","https://kil.gserp.id/uploads/common/202608/1787279011_9fef2d5a44c5eab7e1cd.png"
"1788654371-266","https://kil.gserp.id/goods-manage","","KSR00051","Sticker Belakang Milmicha Red Jely","2,000.00","266","","Kemasan Sekunder","pcs","https://kil.gserp.id/uploads/common/202608/1787279150_7f38295911f58d9de9a6.png"
"1788654371-267","https://kil.gserp.id/goods-manage","","KSR00052","Sticker Halal 2Ins","1,200.00","267","-","Kemasan Sekunder","pcs","https://kil.gserp.id/uploads/default.png"
"1788654371-268","https://kil.gserp.id/goods-manage","","KSR00053","Sticker Batch Box Lawo Night Cream","0.00","268","-","Kemasan Sekunder","pcs","https://kil.gserp.id/uploads/default.png"
"1788654371-269","https://kil.gserp.id/goods-manage","","KSR00054","Sticker Batch Box Lawo Day Cream","0.00","269","-","Kemasan Sekunder","pcs","https://kil.gserp.id/uploads/default.png"
"1788654371-270","https://kil.gserp.id/goods-manage","","KSR00055","Sticker Depan Lawo Day mosturizer","0.00","270","-","Kemasan Sekunder","pcs","https://kil.gserp.id/uploads/default.png"
"1788654371-271","https://kil.gserp.id/goods-manage","","KSR00056","Sticker Belakang Lawo Night Cream & Komposisi","0.00","271","-","Kemasan Sekunder","pcs","https://kil.gserp.id/uploads/default.png"
"1788654371-272","https://kil.gserp.id/goods-manage","","KSR00057","Sticker Belakang Lawo Day Cream & Komposisi","0.00","272","-","Kemasan Sekunder","pcs","https://kil.gserp.id/uploads/default.png"
"1788654371-273","https://kil.gserp.id/goods-manage","","KSR00058","Sticker Lawo Atas","0.00","273","-","Kemasan Sekunder","pcs","https://kil.gserp.id/uploads/default.png"
"1788654371-274","https://kil.gserp.id/goods-manage","","KSR00059","Sticker Lawo Depan Night Cream","0.00","274","-","Kemasan Sekunder","pcs","https://kil.gserp.id/uploads/default.png"
"1788654371-275","https://kil.gserp.id/goods-manage","","KSR00060","Sticker Exp Date C&D Fragance","1,100.00","275","-","Kemasan Sekunder","pcs","https://kil.gserp.id/uploads/default.png"
"1788654371-276","https://kil.gserp.id/goods-manage","","KSR00061","Sticker N&Q Fresh Bloom Facial Wash","1,100.00","276","-","Kemasan Sekunder","pcs","https://kil.gserp.id/uploads/default.png"
"1788654371-277","https://kil.gserp.id/goods-manage","","KSR00062","Sticker Shiny Haniun","955.00","277","-","Kemasan Sekunder","pcs","https://kil.gserp.id/uploads/default.png"
"1788654371-278","https://kil.gserp.id/goods-manage","","KSR00063","Sticker Atas Alradoms","955.00","278","-","Kemasan Sekunder","pcs","https://kil.gserp.id/uploads/default.png"
"1788654371-279","https://kil.gserp.id/goods-manage","","KSR00064","Sticker Depan Belakang Alradoms","1,636.00","279","-","Kemasan Sekunder","pcs","https://kil.gserp.id/uploads/default.png"
"1788654371-280","https://kil.gserp.id/goods-manage","","KSR00065","Sticker Labbol Redence Revive Serum 3%","1,636.00","280","-","Kemasan Sekunder","pcs","https://kil.gserp.id/uploads/default.png"
"1788654371-281","https://kil.gserp.id/goods-manage","","KSR00066","Ibram Body Wash Shampoo","2,100.00","281","-","Kemasan Sekunder","pcs","https://kil.gserp.id/uploads/default.png"
"1788654371-282","https://kil.gserp.id/goods-manage","","KSR00067","Box Lawo Dermabright Cream","2,100.00","282","Box","Kemasan Sekunder","pcs","https://kil.gserp.id/uploads/default.png"
"1788654371-283","https://kil.gserp.id/goods-manage","","KSR00068","Ckel Brightcare Daily Cream","2,100.00","283","-","Kemasan Sekunder","pcs","https://kil.gserp.id/uploads/default.png"
"1788654371-284","https://kil.gserp.id/goods-manage","","KSR00069","Lvent Luxe Tropical","2,000.00","284","-","Kemasan Sekunder","pcs","https://kil.gserp.id/uploads/default.png"
"1788654371-285","https://kil.gserp.id/goods-manage","","KSR00070","Oem List Silver","2,100.00","285","-","Kemasan Sekunder","pcs","https://kil.gserp.id/uploads/default.png"
"1788654371-286","https://kil.gserp.id/goods-manage","","KSR00071","Almeena Polos 100ml","1,100.00","286","-","Kemasan Sekunder","pcs","https://kil.gserp.id/uploads/default.png"
"1788654371-287","https://kil.gserp.id/goods-manage","","KSR00072","Luxethinc Serum","1,900.00","287","-","Kemasan Sekunder","pcs","https://kil.gserp.id/uploads/default.png"
"1788654371-288","https://kil.gserp.id/goods-manage","","KSR00073","Almeena Baby Hair Vitamin 60ml","2,100.00","288","-","Kemasan Sekunder","pcs","https://kil.gserp.id/uploads/default.png"
"1788654371-289","https://kil.gserp.id/goods-manage","","KSR00074","Ibram Baby Hair Vitamin","1,900.00","289","-","Kemasan Sekunder","pcs","https://kil.gserp.id/uploads/default.png"
"1788654371-290","https://kil.gserp.id/goods-manage","","KSR00075","Tazzi Infused Whitenning Booster","2,300.00","290","-","Kemasan Sekunder","pcs","https://kil.gserp.id/uploads/default.png"
"1788654371-291","https://kil.gserp.id/goods-manage","","KSR00076","Lvent Luxe Velvet","2,200.00","291","-","Kemasan Sekunder","pcs","https://kil.gserp.id/uploads/default.png"
"1788654371-292","https://kil.gserp.id/goods-manage","","KSR00077","Oem List Gold","2,100.00","292","-","Kemasan Sekunder","pcs","https://kil.gserp.id/uploads/default.png"
"1788654371-293","https://kil.gserp.id/goods-manage","","KSR00078","Ibram Baby Body Lotion","2,000.00","293","-","Kemasan Sekunder","pcs","https://kil.gserp.id/uploads/default.png"
"1788654371-294","https://kil.gserp.id/goods-manage","","KSR00079","Ckel Hydraglow Gentle","2,100.00","294","-","Kemasan Sekunder","pcs","https://kil.gserp.id/uploads/default.png"
"1788654371-295","https://kil.gserp.id/goods-manage","","KSR00080","Ckel Calm and Bright Essence Toner","2,000.00","295","-","Kemasan Sekunder","pcs","https://kil.gserp.id/uploads/default.png"
"1788654371-296","https://kil.gserp.id/goods-manage","","KSR00081","Hi Titi Queen Mask","2,000.00","296","-","Kemasan Sekunder","pcs","https://kil.gserp.id/uploads/default.png"
"1788654371-297","https://kil.gserp.id/goods-manage","","KSR00082","Labbol Serum 3%","2,000.00","297","-","Kemasan Sekunder","pcs","https://kil.gserp.id/uploads/default.png"
"1788654371-298","https://kil.gserp.id/goods-manage","","KSR00083","Ckel Hyaluna Barrier Moisturizer Gel","2,000.00","298","-","Kemasan Sekunder","pcs","https://kil.gserp.id/uploads/default.png"
"1788654371-299","https://kil.gserp.id/goods-manage","","KSR00084","Sdctve Parfume","1,500.00","299","-","Kemasan Sekunder","pcs","https://kil.gserp.id/uploads/default.png"
"1788654371-300","https://kil.gserp.id/goods-manage","","KSR00085","Labbol Hair Tonic","2,000.00","300","-","Kemasan Sekunder","pcs","https://kil.gserp.id/uploads/default.png"
"1788654371-301","https://kil.gserp.id/goods-manage","","KSR00086","Ckel Centabright","2,100.00","301","-","Kemasan Sekunder","pcs","https://kil.gserp.id/uploads/default.png"
"1788654371-302","https://kil.gserp.id/goods-manage","","KSR00087","Lasoge Parfume 30ml","2,000.00","302","-","Kemasan Sekunder","pcs","https://kil.gserp.id/uploads/default.png"
"1788654371-303","https://kil.gserp.id/goods-manage","","KSR00088","Lvent Luxe Noir","2,000.00","303","-","Kemasan Sekunder","pcs","https://kil.gserp.id/uploads/default.png"
"1788654371-304","https://kil.gserp.id/goods-manage","","KSR00089","Just Beauty Serum","2,000.00","304","-","Kemasan Sekunder","pcs","https://kil.gserp.id/uploads/default.png"
"1788654371-305","https://kil.gserp.id/goods-manage","","KSR00090","Just Beauty Essence","1,800.00","305","-","Kemasan Sekunder","pcs","https://kil.gserp.id/uploads/default.png"
"1788654371-306","https://kil.gserp.id/goods-manage","","KSR00091","Just Beauty Gel Low PH Cleanser","2,100.00","306","-","Kemasan Sekunder","pcs","https://kil.gserp.id/uploads/default.png"
"1788654371-307","https://kil.gserp.id/goods-manage","","KSR00092","Just Beauty Night Cream","2,100.00","307","-","Kemasan Sekunder","pcs","https://kil.gserp.id/uploads/default.png"
"1788654371-308","https://kil.gserp.id/goods-manage","","KSR00093","Sprezzata Eyelash & Eyebrow Serum","2,000.00","308","-","Kemasan Sekunder","pcs","https://kil.gserp.id/uploads/default.png"
"1788654371-309","https://kil.gserp.id/goods-manage","","KSR00094","Labbol Serum 5%","2,000.00","309","-","Kemasan Sekunder","pcs","https://kil.gserp.id/uploads/default.png"
"1788654371-310","https://kil.gserp.id/goods-manage","","KSR00095","Sigviolet Evander","2,000.00","310","-","Kemasan Sekunder","pcs","https://kil.gserp.id/uploads/default.png"
"1788654371-311","https://kil.gserp.id/goods-manage","","KSR00096","Kqq Brightening Serum","2,000.00","311","-","Kemasan Sekunder","pcs","https://kil.gserp.id/uploads/default.png"
"1788654371-312","https://kil.gserp.id/goods-manage","","KSR00097","2Ins Beauty Sunscreen Tinted","2,100.00","312","-","Kemasan Sekunder","pcs","https://kil.gserp.id/uploads/default.png"
"1788654371-313","https://kil.gserp.id/goods-manage","","KSR00098","Afqa Parfume","2,200.00","313","-","Kemasan Sekunder","pcs","https://kil.gserp.id/uploads/default.png"
"1788654371-314","https://kil.gserp.id/goods-manage","","KSR00099","Erganza Parfume","2,000.00","314","-","Kemasan Sekunder","pcs","https://kil.gserp.id/uploads/default.png"
"1788654371-315","https://kil.gserp.id/goods-manage","","KSR00100","Naqi Glow Cream","2,100.00","315","-","Kemasan Sekunder","pcs","https://kil.gserp.id/uploads/default.png"
"1788654371-316","https://kil.gserp.id/goods-manage","","KSR00101","Daivie Luxurious Scent 30ml","1,500.00","316","-","Kemasan Sekunder","pcs","https://kil.gserp.id/uploads/default.png"
"1788654371-317","https://kil.gserp.id/goods-manage","","KSR00102","Daivie Luxurious Scent 50ml","2,000.00","317","-","Kemasan Sekunder","pcs","https://kil.gserp.id/uploads/default.png"
"1788654371-318","https://kil.gserp.id/goods-manage","","KSR00103","Sixolic Parfume 30ml","2,000.00","318","-","Kemasan Sekunder","pcs","https://kil.gserp.id/uploads/default.png"
"1788654371-319","https://kil.gserp.id/goods-manage","","KSR00104","Guzel Noore Serum 20ml","1,900.00","319","-","Kemasan Sekunder","pcs","https://kil.gserp.id/uploads/default.png"
"1788654371-320","https://kil.gserp.id/goods-manage","","KSR00105","Shaby Parfume","1,900.00","320","-","Kemasan Sekunder","pcs","https://kil.gserp.id/uploads/default.png"
"1788654371-321","https://kil.gserp.id/goods-manage","","KSR00106","Meerand Parfume","1,900.00","321","-","Kemasan Sekunder","pcs","https://kil.gserp.id/uploads/default.png"
"1788654371-322","https://kil.gserp.id/goods-manage","","KSR00107","Baikins Bar Soap","1,900.00","322","-","Kemasan Sekunder","pcs","https://kil.gserp.id/uploads/default.png"
"1788654371-323","https://kil.gserp.id/goods-manage","","KSR00108","Eubelle Eyelash & Eyebrow","2,000.00","323","-","Kemasan Sekunder","pcs","https://kil.gserp.id/uploads/default.png"
"1788654371-324","https://kil.gserp.id/goods-manage","","KSR00109","Uwajie Lip Cream","2,300.00","324","-","Kemasan Sekunder","pcs","https://kil.gserp.id/uploads/default.png"
"1788654371-325","https://kil.gserp.id/goods-manage","","KSR00110","Filira Parfume","1,500.00","325","-","Kemasan Sekunder","pcs","https://kil.gserp.id/uploads/default.png"
"1788654371-326","https://kil.gserp.id/goods-manage","","KSR00111","Urizq Eyelash","2,000.00","326","-","Kemasan Sekunder","pcs","https://kil.gserp.id/uploads/default.png"
"1788654371-327","https://kil.gserp.id/goods-manage","","KSR00112","Sigviolet Hair Growth Serum","1,950.00","327","-","Kemasan Sekunder","pcs","https://kil.gserp.id/uploads/default.png"
"1788654371-328","https://kil.gserp.id/goods-manage","","KSR00113","Olivine Parfume","1,950.00","328","-","Kemasan Sekunder","pcs","https://kil.gserp.id/uploads/default.png"
"1788654371-329","https://kil.gserp.id/goods-manage","","KSR00114","Jvea Luxe Unwritten Parfum","2,200.00","329","-","Kemasan Sekunder","pcs","https://kil.gserp.id/uploads/default.png"
"1788654371-330","https://kil.gserp.id/goods-manage","","KSR00115","Just Beauty Day Cream","2,200.00","330","-","Kemasan Sekunder","pcs","https://kil.gserp.id/uploads/default.png"
"1788654371-331","https://kil.gserp.id/goods-manage","","KSR00116","Eyeslash Putih","2,200.00","331","-","Kemasan Sekunder","pcs","https://kil.gserp.id/uploads/default.png"
"1788654371-332","https://kil.gserp.id/goods-manage","","KSR00117","R2L Parfum","2,350.00","332","-","Kemasan Sekunder","pcs","https://kil.gserp.id/uploads/default.png"
"1788654371-333","https://kil.gserp.id/goods-manage","","KSR00118","Glamely Parfum","2,350.00","333","-","Kemasan Sekunder","pcs","https://kil.gserp.id/uploads/default.png"
"1788654371-334","https://kil.gserp.id/goods-manage","","KSR00119","Glowind Serum","2,350.00","334","-","Kemasan Sekunder","pcs","https://kil.gserp.id/uploads/default.png"
"1788654371-335","https://kil.gserp.id/goods-manage","","KSR00120","Sigviolet Helios Hair Tonic","1,650.00","335","-","Kemasan Sekunder","pcs","https://kil.gserp.id/uploads/default.png"
"1788654371-336","https://kil.gserp.id/goods-manage","","KSR00121","Filira Parfume (New)","1,650.00","336","-","Kemasan Sekunder","pcs","https://kil.gserp.id/uploads/default.png"
"1788654371-337","https://kil.gserp.id/goods-manage","","KSR00122","Sigviolet Foam Cleanser Kecil","2,200.00","337","-","Kemasan Sekunder","pcs","https://kil.gserp.id/uploads/default.png"
"1788654371-338","https://kil.gserp.id/goods-manage","","KSR00123","Sigviolet Foam Cleanser Besar","1,300.00","338","-","Kemasan Sekunder","pcs","https://kil.gserp.id/uploads/default.png"
"1788654371-339","https://kil.gserp.id/goods-manage","","KSR00124","Moriskincare","2,200.00","339","-","Kemasan Sekunder","pcs","https://kil.gserp.id/uploads/default.png"
"1788654371-340","https://kil.gserp.id/goods-manage","","KSR00125","ChicaSkin","0.00","340","-","Kemasan Sekunder","pcs","https://kil.gserp.id/uploads/default.png"
"1788654371-341","https://kil.gserp.id/goods-manage","","KSR00126","Elsme Brightening Cream","1,700.00","341","-","Kemasan Sekunder","pcs","https://kil.gserp.id/uploads/default.png"
"1788654371-342","https://kil.gserp.id/goods-manage","","KSR00127","Dj Glow Lotion","2,350.00","342","-","Kemasan Sekunder","pcs","https://kil.gserp.id/uploads/default.png"
"1788654371-343","https://kil.gserp.id/goods-manage","","KSR00128","Skincarela Cream","2,350.00","343","-","Kemasan Sekunder","pcs","https://kil.gserp.id/uploads/default.png"
"1788654371-344","https://kil.gserp.id/goods-manage","","KSR00129","Lashae Parfum","1,800.00","344","-","Kemasan Sekunder","pcs","https://kil.gserp.id/uploads/default.png"
"1788654371-345","https://kil.gserp.id/goods-manage","","KSR00130","ZBR Parfum","1,800.00","345","-","Kemasan Sekunder","pcs","https://kil.gserp.id/uploads/default.png"
"1788654371-346","https://kil.gserp.id/goods-manage","","KSR00131","Glowin Body Toner","1,800.00","346","-","Kemasan Sekunder","pcs","https://kil.gserp.id/uploads/default.png"
"1788654371-347","https://kil.gserp.id/goods-manage","","KSR00132","Sinar Whitening Serum","1,800.00","347","-","Kemasan Sekunder","pcs","https://kil.gserp.id/uploads/default.png"
"1788654371-348","https://kil.gserp.id/goods-manage","","KSR00133","Skintiya Cream","1,800.00","348","-","Kemasan Sekunder","pcs","https://kil.gserp.id/uploads/default.png"
"1788654371-349","https://kil.gserp.id/goods-manage","","KSR00134","Chloe","1,800.00","349","-","Kemasan Sekunder","pcs","https://kil.gserp.id/uploads/default.png"
"1788654371-350","https://kil.gserp.id/goods-manage","","KSR00135","Hada Parfum","1,800.00","350","-","Kemasan Sekunder","pcs","https://kil.gserp.id/uploads/default.png"
"1788654371-351","https://kil.gserp.id/goods-manage","","KSR00136","In The Name Of Bali Hand Cream","20,500.00","351","-","Kemasan Sekunder","pcs","https://kil.gserp.id/uploads/default.png"
"1788654371-352","https://kil.gserp.id/goods-manage","","KSR00137","Icare b Whitening Serum","18,500.00","352","-","Kemasan Sekunder","pcs","https://kil.gserp.id/uploads/default.png"
"1788654371-353","https://kil.gserp.id/goods-manage","","KSR00138","Icare b Acne & Bright Serum","2,000.00","353","-","Kemasan Sekunder","pcs","https://kil.gserp.id/uploads/default.png"
"1788654371-354","https://kil.gserp.id/goods-manage","","KSR00139","Elseme Eyelash","0.00","354","-","Kemasan Sekunder","pcs","https://kil.gserp.id/uploads/default.png"
"1788654371-355","https://kil.gserp.id/goods-manage","","KPR00001","RF100ML PUTIH","1,500.00","355","-","Kemasan Primer","pcs","https://kil.gserp.id/uploads/common/202601/d519c0dfd0d94e54c69f40e0e5bc3e21.jpeg"
"1788654371-356","https://kil.gserp.id/goods-manage","","KPR00002","RF100ML CLEAR","950.00","356","-","Kemasan Primer","pcs","https://kil.gserp.id/uploads/common/202601/ac49f01964fec4d3a9e0e69dc8d13e57.png"
"1788654371-357","https://kil.gserp.id/goods-manage","","KPR00003","RF100ML FROSTED","1,115.00","357","-","Kemasan Primer","pcs","https://kil.gserp.id/uploads/common/202601/141e3770a7243ec55c5a5ae9f266e270.jpeg"
"1788654371-358","https://kil.gserp.id/goods-manage","","KPR00004","RF100ML HITAM","1,200.00","358","-","Kemasan Primer","pcs","https://kil.gserp.id/uploads/default.png"
"1788654371-359","https://kil.gserp.id/goods-manage","","KPR00005","RF100ML AMBER","1,700.00","359","-","Kemasan Primer","pcs","https://kil.gserp.id/uploads/default.png"
"1788654371-360","https://kil.gserp.id/goods-manage","","KPR00006","TUBULAR 70ML PUTIH","1,000.00","360","-","Kemasan Primer","pcs","https://kil.gserp.id/uploads/common/202601/1912f6b2c46f83c13c80db1b2d71b736.png"
"1788654371-361","https://kil.gserp.id/goods-manage","","KPR00007","TUBULAR 70ML CLEAR","1,400.00","361","-","Kemasan Primer","pcs","https://kil.gserp.id/uploads/common/202601/7f3767577a67501a52bdca615fce541d.PNG"
"1788654371-362","https://kil.gserp.id/goods-manage","","KPR00008","TUBULAR 70ML FROSTED","0.00","362","-","Kemasan Primer","pcs","https://kil.gserp.id/uploads/default.png"
"1788654371-363","https://kil.gserp.id/goods-manage","","KPR00009","TUBULAR 70ML HITAM","0.00","363","-","Kemasan Primer","pcs","https://kil.gserp.id/uploads/default.png"
"1788654371-364","https://kil.gserp.id/goods-manage","","KPR00010","TUBULAR 70ML AMBER","1,700.00","364","-","Kemasan Primer","pcs","https://kil.gserp.id/uploads/default.png"
"1788654371-365","https://kil.gserp.id/goods-manage","","KPR00011","RF 150ML PUTIH","0.00","365","-","Kemasan Primer","pcs","https://kil.gserp.id/uploads/default.png"
"1788654371-366","https://kil.gserp.id/goods-manage","","KPR00012","RF 150ML CLEAR","1,000.00","366","-","Kemasan Primer","pcs","https://kil.gserp.id/uploads/default.png"
"1788654371-367","https://kil.gserp.id/goods-manage","","KPR00013","RF 150ML FROSTED","0.00","367","-","Kemasan Primer","pcs","https://kil.gserp.id/uploads/default.png"
"1788654371-368","https://kil.gserp.id/goods-manage","","KPR00014","RF 150ML HITAM","0.00","368","-","Kemasan Primer","pcs","https://kil.gserp.id/uploads/default.png"
"1788654371-369","https://kil.gserp.id/goods-manage","","KPR00015","RF 150ML AMBER","0.00","369","-","Kemasan Primer","pcs","https://kil.gserp.id/uploads/default.png"
"1788654371-370","https://kil.gserp.id/goods-manage","","KPR00016","RF 250ML CLEAR","3,000.00","370","-","Kemasan Primer","pcs","https://kil.gserp.id/uploads/default.png"
"1788654371-371","https://kil.gserp.id/goods-manage","","KPR00017","PET 250ML HITAM","2,000.00","371","-","Kemasan Primer","pcs","https://kil.gserp.id/uploads/common/202601/b7296629e28e86d7dd9af7e99b7e66c9.PNG"
"1788654371-372","https://kil.gserp.id/goods-manage","","KPR00018","PET 250ML CLEAR","0.00","372","-","Kemasan Primer","pcs","https://kil.gserp.id/uploads/default.png"
"1788654371-373","https://kil.gserp.id/goods-manage","","KPR00019","GENDUT 150ML CLEAR","1,500.00","373","-","Kemasan Primer","pcs","https://kil.gserp.id/uploads/default.png"
"1788654371-374","https://kil.gserp.id/goods-manage","","KPR00020","ERHA 100ML LIST GOLD","3,800.00","374","-","Kemasan Primer","pcs","https://kil.gserp.id/uploads/default.png"
"1788654371-375","https://kil.gserp.id/goods-manage","","KPR00021","ERHA 100ML LIST SILVER","0.00","375","-","Kemasan Primer","pcs","https://kil.gserp.id/uploads/default.png"
"1788654371-376","https://kil.gserp.id/goods-manage","","KPR00022","ERHA 100ML FULL PUTIH","0.00","376","-","Kemasan Primer","pcs","https://kil.gserp.id/uploads/default.png"
"1788654371-377","https://kil.gserp.id/goods-manage","","KPR00023","ERHA 60ML LIST GOLD","3,500.00","377","-","Kemasan Primer","pcs","https://kil.gserp.id/uploads/default.png"
"1788654371-378","https://kil.gserp.id/goods-manage","","KPR00024","ERHA 60ML LIST SILVER","0.00","378","-","Kemasan Primer","pcs","https://kil.gserp.id/uploads/default.png"
"1788654371-379","https://kil.gserp.id/goods-manage","","KPR00025","ERHA 60ML FULL PUTIH","0.00","379","-","Kemasan Primer","pcs","https://kil.gserp.id/uploads/default.png"
"1788654371-380","https://kil.gserp.id/goods-manage","","KPR00026","RF 60ML PUTIH","1,000.00","380","-","Kemasan Primer","pcs","https://kil.gserp.id/uploads/common/202601/56b9f97b67b98b50ac7ebc89fe268d1a.PNG"
"1788654371-381","https://kil.gserp.id/goods-manage","","KPR00027","RF 60ML CLEAR","740.00","381","-","Kemasan Primer","pcs","https://kil.gserp.id/uploads/default.png"
"1788654371-382","https://kil.gserp.id/goods-manage","","KPR00028","PET 60ML PUTIH","650.00","382","-","Kemasan Primer","pcs","https://kil.gserp.id/uploads/common/202601/2df2fc4f3f8ea11d64ca1c9cda45b4b6.PNG"
"1788654371-383","https://kil.gserp.id/goods-manage","","KPR00029","PET 60ML CLEAR","0.00","383","-","Kemasan Primer","pcs","https://kil.gserp.id/uploads/default.png"
"1788654371-384","https://kil.gserp.id/goods-manage","","KPR00030","PET 60ML FROSTED","0.00","384","-","Kemasan Primer","pcs","https://kil.gserp.id/uploads/default.png"
"1788654371-385","https://kil.gserp.id/goods-manage","","KPR00031","PET 60ML HITAM","1,000.00","385","-","Kemasan Primer","pcs","https://kil.gserp.id/uploads/common/202601/6a13e0ed6969bf20a91bd09536a31e86.PNG"
"1788654371-386","https://kil.gserp.id/goods-manage","","KPR00032","PET 60ML AMBER","850.00","386","-","Kemasan Primer","pcs","https://kil.gserp.id/uploads/common/202601/9b45e394d30f117892ee8a4150c4564a.PNG"
"1788654371-387","https://kil.gserp.id/goods-manage","","KPR00033","STICK 50 ML MYSO VANILLA & ROSE","8,800.00","387","-","Kemasan Primer","pcs","https://kil.gserp.id/uploads/default.png"
"1788654371-388","https://kil.gserp.id/goods-manage","","KPR00034","STICK 50 ML MYSO SANDALWOOD & ORANGE","8,800.00","388","-","Kemasan Primer","pcs","https://kil.gserp.id/uploads/default.png"
"1788654371-389","https://kil.gserp.id/goods-manage","","KPR00035","RF 100ML SUKLAY","0.00","389","-","Kemasan Primer","pcs","https://kil.gserp.id/uploads/default.png"
"1788654371-390","https://kil.gserp.id/goods-manage","","KPR00036","STICK 50ML PUTIH","8,800.00","390","-","Kemasan Primer","pcs","https://kil.gserp.id/uploads/default.png"
"1788654371-391","https://kil.gserp.id/goods-manage","","KPR00037","FOAM 60ML PUTIH","0.00","391","-","Kemasan Primer","pcs","https://kil.gserp.id/uploads/default.png"
"1788654371-392","https://kil.gserp.id/goods-manage","","KPR00038","FOAM 60ML CLEAR","6,500.00","392","-","Kemasan Primer","pcs","https://kil.gserp.id/uploads/default.png"
"1788654371-393","https://kil.gserp.id/goods-manage","","KPR00039","FOAM 100ML PUTIH","4,425.00","393","-","Kemasan Primer","pcs","https://kil.gserp.id/uploads/common/202601/47aad56e0713c97bbb96f9e7a49bb055.jpeg"
"1788654371-394","https://kil.gserp.id/goods-manage","","KPR00040","FOAM 100ML CLEAR","6,500.00","394","-","Kemasan Primer","pcs","https://kil.gserp.id/uploads/default.png"
"1788654371-395","https://kil.gserp.id/goods-manage","","KPR00041","FOAM 100ML HITAM","8,500.00","395","-","Kemasan Primer","pcs","https://kil.gserp.id/uploads/default.png"
"1788654371-396","https://kil.gserp.id/goods-manage","","KPR00042","RF PUTIH 15ML TUTUP PUMP","4,600.00","396","-","Kemasan Primer","pcs","https://kil.gserp.id/uploads/default.png"
"1788654371-397","https://kil.gserp.id/goods-manage","","KPR00043","PUTRI 100ML LIST GOLD","0.00","397","-","Kemasan Primer","pcs","https://kil.gserp.id/uploads/default.png"
"1788654371-398","https://kil.gserp.id/goods-manage","","KPR00044","PLASTIK 100ML FROSTED TONER","0.00","398","-","Kemasan Primer","pcs","https://kil.gserp.id/uploads/default.png"
"1788654371-399","https://kil.gserp.id/goods-manage","","KPR00045","RF KACA 50ML FROSTED","3,800.00","399","-","Kemasan Primer","pcs","https://kil.gserp.id/uploads/default.png"
"1788654371-400","https://kil.gserp.id/goods-manage","","KPR00046","Pump LR 24 Neck Silver","2,000.00","400","-","Kemasan Primer","pcs","https://kil.gserp.id/uploads/default.png"
"1788654371-401","https://kil.gserp.id/goods-manage","","KPR00047","Pump LR 24 Neck Gold","2,000.00","401","-","Kemasan Primer","pcs","https://kil.gserp.id/uploads/default.png"
"1788654371-402","https://kil.gserp.id/goods-manage","","KPR00048","Presstop Silver","2,400.00","402","-","Kemasan Primer","pcs","https://kil.gserp.id/uploads/common/202601/1768293112_783f8b80e53691f0b2fb.png"
"1788654371-403","https://kil.gserp.id/goods-manage","","KPR00049","Presstop Gold","2,900.00","403","-","Kemasan Primer","pcs","https://kil.gserp.id/uploads/common/202601/a37babd20eee32530ea281c02fb9787c.png"
"1788654371-404","https://kil.gserp.id/goods-manage","","KPR00050","Spray Putih Neck 24 Half Cap","435.00","404","-","Kemasan Primer","pcs","https://kil.gserp.id/uploads/default.png"
"1788654371-405","https://kil.gserp.id/goods-manage","","KPR00051","Spray Putih Neck 24 Full Cap","0.00","405","-","Kemasan Primer","pcs","https://kil.gserp.id/uploads/default.png"
"1788654371-406","https://kil.gserp.id/goods-manage","","KPR00052","Spray Putih Neck 18 Half Cap","650.00","406","-","Kemasan Primer","pcs","https://kil.gserp.id/uploads/common/202601/daddd6e08019cbbfe05e53deeda3162a.PNG"
"1788654371-407","https://kil.gserp.id/goods-manage","","KPR00053","Spray Putih Neck 18 Full Cap","0.00","407","-","Kemasan Primer","pcs","https://kil.gserp.id/uploads/default.png"
"1788654371-408","https://kil.gserp.id/goods-manage","","KPR00054","Spray Hitam Neck 24 Half Cap","450.50","408","-","Kemasan Primer","pcs","https://kil.gserp.id/uploads/common/202601/15d94f8decefe6c6b6856c58cad81ba9.PNG"
"1788654371-409","https://kil.gserp.id/goods-manage","","KPR00055","Spray Hitam Neck 24 Full Cap","1,500.00","409","-","Kemasan Primer","pcs","https://kil.gserp.id/uploads/common/202601/9e023c3d478134967fdcaea021a573c6.PNG"
"1788654371-410","https://kil.gserp.id/goods-manage","","KPR00056","Spray Hitam Neck 18 Half Cap Tutup Hitam","0.00","410","-","Kemasan Primer","pcs","https://kil.gserp.id/uploads/default.png"
"1788654371-411","https://kil.gserp.id/goods-manage","","KPR00057","Spray Hitam Neck 18","1,100.00","411","-","Kemasan Primer","pcs","https://kil.gserp.id/uploads/default.png"
"1788654371-412","https://kil.gserp.id/goods-manage","","KPR00058","Spray Putih Neck 24 Gold Half Cap","1,300.00","412","-","Kemasan Primer","pcs","https://kil.gserp.id/uploads/common/202601/fbfc2962d42ac3f7347fef2b590a77a4.PNG"
"1788654371-413","https://kil.gserp.id/goods-manage","","KPR00059","Spray Putih Neck 24 Silver Half Cap","2,670.00","413","-","Kemasan Primer","pcs","https://kil.gserp.id/uploads/common/202601/02192c634047db2e9a956d9f6f461c7f.PNG"
"1788654371-414","https://kil.gserp.id/goods-manage","","KPR00060","Spray Putih Neck 24 Gold Full Cap","2,850.00","414","-","Kemasan Primer","pcs","https://kil.gserp.id/uploads/default.png"
"1788654371-415","https://kil.gserp.id/goods-manage","","KPR00061","Spray Putih Neck 24 Silver Full Cap","2,750.00","415","-","Kemasan Primer","pcs","https://kil.gserp.id/uploads/default.png"
"1788654371-416","https://kil.gserp.id/goods-manage","","KPR00062","Spray Putih Neck 18 Gold Half Cap","2,000.00","416","-","Kemasan Primer","pcs","https://kil.gserp.id/uploads/common/202601/a3aa502b1d7fbd9810ece545a402840c.PNG"
"1788654371-417","https://kil.gserp.id/goods-manage","","KPR00063","Spray Putih Neck 18 Silver Half Cap","2,100.00","417","-","Kemasan Primer","pcs","https://kil.gserp.id/uploads/default.png"
"1788654371-418","https://kil.gserp.id/goods-manage","","KPR00064","Spray Putih Neck 18 Gold Full Cap","0.00","418","-","Kemasan Primer","pcs","https://kil.gserp.id/uploads/default.png"
"1788654371-419","https://kil.gserp.id/goods-manage","","KPR00065","Spray Putih Neck 18 Silver Full Cap","0.00","419","-","Kemasan Primer","pcs","https://kil.gserp.id/uploads/default.png"
"1788654371-420","https://kil.gserp.id/goods-manage","","KPR00066","Half Pump Putih Neck 24 Gold Half Cap","2,950.00","420","-","Kemasan Primer","pcs","https://kil.gserp.id/uploads/default.png"
"1788654371-421","https://kil.gserp.id/goods-manage","","KPR00067","Half Pump Putih Neck 24 Silver Half Cap","0.00","421","-","Kemasan Primer","pcs","https://kil.gserp.id/uploads/default.png"
"1788654371-422","https://kil.gserp.id/goods-manage","","KPR00068","Half Pump Putih Neck 24 Gold Muda Full Cap","3,400.00","422","-","Kemasan Primer","pcs","https://kil.gserp.id/uploads/common/202601/096d0cda216e007557444249ed97263d.PNG"
"1788654371-423","https://kil.gserp.id/goods-manage","","KPR00069","Half Pump Putih Neck 24 Silver Full Cap","3,150.00","423","-","Kemasan Primer","pcs","https://kil.gserp.id/uploads/default.png"
"1788654371-424","https://kil.gserp.id/goods-manage","","KPR00070","Half Pump Putih Neck 24 Full Cap List Gold","0.00","424","-","Kemasan Primer","pcs","https://kil.gserp.id/uploads/default.png"
"1788654371-425","https://kil.gserp.id/goods-manage","","KPR00071","Half Pump Putih Neck 24 Full Cap List Silver","2,450.00","425","-","Kemasan Primer","pcs","https://kil.gserp.id/uploads/common/202601/4dbe40b7861fe21a4d79d4b33836b633.png"
"1788654371-426","https://kil.gserp.id/goods-manage","","KPR00072","Spray Putih Neck 24 Full Cap List Gold","0.00","426","-","Kemasan Primer","pcs","https://kil.gserp.id/uploads/default.png"
"1788654371-427","https://kil.gserp.id/goods-manage","","KPR00073","Spray Putih Neck 24 Full Cap List Silver","2,500.00","427","-","Kemasan Primer","pcs","https://kil.gserp.id/uploads/default.png"
"1788654371-428","https://kil.gserp.id/goods-manage","","KPR00074","Pump Putih Neck 18 Gold Half Cap","0.00","428","-","Kemasan Primer","pcs","https://kil.gserp.id/uploads/default.png"
"1788654371-429","https://kil.gserp.id/goods-manage","","KPR00075","Pump Putih Neck 18 Silver Half Cap","0.00","429","-","Kemasan Primer","pcs","https://kil.gserp.id/uploads/default.png"
"1788654371-430","https://kil.gserp.id/goods-manage","","KPR00076","Pump Putih Neck 18 Gold Full Cap","2,950.00","430","-","Kemasan Primer","pcs","https://kil.gserp.id/uploads/common/202601/0b31a6794463e67907618eb838dc9958.PNG"
"1788654371-431","https://kil.gserp.id/goods-manage","","KPR00077","Pump Putih Neck 18 Silver Full Cap","0.00","431","-","Kemasan Primer","pcs","https://kil.gserp.id/uploads/default.png"
"1788654371-432","https://kil.gserp.id/goods-manage","","KPR00078","Pump Clip Gold Muda Besar","1,850.00","432","-","Kemasan Primer","pcs","https://kil.gserp.id/uploads/common/202601/c7f8dbe6e1c8e136b85f2b3c2f1109d1.png"
"1788654371-433","https://kil.gserp.id/goods-manage","","KPR00079","Pump Clip Silver","3,550.00","433","-","Kemasan Primer","pcs","https://kil.gserp.id/uploads/default.png"
"1788654371-434","https://kil.gserp.id/goods-manage","","KPR00080","Pump Hitam","2,300.00","434","-","Kemasan Primer","pcs","https://kil.gserp.id/uploads/common/202601/52cacfb5fb586a9ad8a637f1a38208cc.PNG"
"1788654371-435","https://kil.gserp.id/goods-manage","","KPR00081","Pump Putih","0.00","435","-","Kemasan Primer","pcs","https://kil.gserp.id/uploads/default.png"
"1788654371-436","https://kil.gserp.id/goods-manage","","KPR00082","Putih clip Pink","1,500.00","436","-","Kemasan Primer","pcs","https://kil.gserp.id/uploads/default.png"
"1788654371-437","https://kil.gserp.id/goods-manage","","KPR00083","Pump clip Ungu","0.00","437","-","Kemasan Primer","pcs","https://kil.gserp.id/uploads/default.png"
"1788654371-438","https://kil.gserp.id/goods-manage","","KPR00084","Fliptop Putih","1,200.00","438","-","Kemasan Primer","pcs","https://kil.gserp.id/uploads/default.png"
"1788654371-439","https://kil.gserp.id/goods-manage","","KPR00085","Fliptop Clear","0.00","439","-","Kemasan Primer","pcs","https://kil.gserp.id/uploads/default.png"
"1788654371-440","https://kil.gserp.id/goods-manage","","KPR00086","Fliptop Hitam","0.00","440","-","Kemasan Primer","pcs","https://kil.gserp.id/uploads/default.png"
"1788654371-441","https://kil.gserp.id/goods-manage","","KPR00087","Tutup Jamur Putih","1,200.00","441","-","Kemasan Primer","pcs","https://kil.gserp.id/uploads/common/202601/20184930e5cb70d59f335a096c34ea41.png"
"1788654371-442","https://kil.gserp.id/goods-manage","","KPR00088","Tutup Jamur Clear","0.00","442","-","Kemasan Primer","pcs","https://kil.gserp.id/uploads/default.png"
"1788654371-443","https://kil.gserp.id/goods-manage","","KPR00089","Tutup Jamur Hitam","250.00","443","-","Kemasan Primer","pcs","https://kil.gserp.id/uploads/common/202601/524538532d5c6110c952ef173fb906a5.PNG"
"1788654371-444","https://kil.gserp.id/goods-manage","","KPR00090","POT DOUBLE PK 15GR PUTIH LIST SILVER","4,200.00","444","-","Kemasan Primer","pcs","https://kil.gserp.id/uploads/common/202601/1326a7a0104d81c453b0790f654b75e0.jpeg"
"1788654371-445","https://kil.gserp.id/goods-manage","","KPR00091","POT ACRYLIC 10GR PUTIH TRANSPARANT","2,720.00","445","-","Kemasan Primer","pcs","https://kil.gserp.id/uploads/common/202601/35f446144b6f48db8bd4401e1cad9752.PNG"
"1788654371-446","https://kil.gserp.id/goods-manage","","KPR00092","POT BEBY 30GR + INNER + SPATULA","4,400.00","446","-","Kemasan Primer","pcs","https://kil.gserp.id/uploads/common/202601/5ecd469da3a11c95d469ff80ac461181.jpeg"
"1788654371-447","https://kil.gserp.id/goods-manage","","KPR00093","POT ANILES 10GR","3,800.00","447","-","Kemasan Primer","pcs","https://kil.gserp.id/uploads/default.png"
"1788654371-448","https://kil.gserp.id/goods-manage","","KPR00094","POT ICE CREAM 100GR PUTIH","3,900.00","448","","Kemasan Primer","pcs","https://kil.gserp.id/uploads/common/202607/1783653454_15d1da75ab7c9b2b668d.png"
"1788654371-449","https://kil.gserp.id/goods-manage","","KPR00095","POT ACRYLIC 10GR ROUND JAR PURPLE","5,500.00","449","-","Kemasan Primer","pcs","https://kil.gserp.id/uploads/default.png"
"1788654371-450","https://kil.gserp.id/goods-manage","","KPR00096","POT ACRYLIC 10GR ROUND JAR PUTIH LIST GOLD","4,200.00","450","-","Kemasan Primer","pcs","https://kil.gserp.id/uploads/default.png"
"1788654371-451","https://kil.gserp.id/goods-manage","","KPR00097","POT ACRYLIC 10GR ROUND JAR PUTIH LIST SILVER","4,000.00","451","-","Kemasan Primer","pcs","https://kil.gserp.id/uploads/default.png"
"1788654371-452","https://kil.gserp.id/goods-manage","","KPR00098","POT ACRYLIC 10GR ROUND JAR SILVER","0.00","452","-","Kemasan Primer","pcs","https://kil.gserp.id/uploads/default.png"
"1788654371-453","https://kil.gserp.id/goods-manage","","KPR00099","POT ACRYLIC 10GR ROUND JAR GOLD","5,400.00","453","-","Kemasan Primer","pcs","https://kil.gserp.id/uploads/default.png"
"1788654371-454","https://kil.gserp.id/goods-manage","","KPR00100","POT ACRYLIC 10GR ROUND JAR MERAH","4,050.00","454","-","Kemasan Primer","pcs","https://kil.gserp.id/uploads/default.png"
"1788654371-455","https://kil.gserp.id/goods-manage","","KPR00101","POT ACRYLIC 10GR ROUND JAR HITAM","5,050.00","455","-","Kemasan Primer","pcs","https://kil.gserp.id/uploads/common/202601/b8a9f7a02781a250141a706483889c75.PNG"
"1788654371-456","https://kil.gserp.id/goods-manage","","KPR00102","POT ACRYLIC 11GR ROUND JAR PINK","0.00","456","-","Kemasan Primer","pcs","https://kil.gserp.id/uploads/default.png"
"1788654371-457","https://kil.gserp.id/goods-manage","","KPR00103","POT LULUR 250GR FULL PUTIH","3,000.00","457","-","Kemasan Primer","pcs","https://kil.gserp.id/uploads/common/202601/f83ac760b8b5b72eb5fdf40db9517979.PNG"
"1788654371-458","https://kil.gserp.id/goods-manage","","KPR00104","POT ACRYLIC 10GR SQUARE PINK","6,300.00","458","-","Kemasan Primer","pcs","https://kil.gserp.id/uploads/default.png"
"1788654371-459","https://kil.gserp.id/goods-manage","","KPR00105","POT ACRYLIC 10GR SQUARE SILVER","4,175.00","459","-","Kemasan Primer","pcs","https://kil.gserp.id/uploads/default.png"
"1788654371-460","https://kil.gserp.id/goods-manage","","KPR00106","POT ACRYLIC 10GR SQUARE GOLD","4,100.00","460","-","Kemasan Primer","pcs","https://kil.gserp.id/uploads/common/202601/4a078ae129c22a94982b6f9ca6eae90e.PNG"
"1788654371-461","https://kil.gserp.id/goods-manage","","KPR00107","POT ACRYLIC 10GR SQUARE PUTIH","0.00","461","-","Kemasan Primer","pcs","https://kil.gserp.id/uploads/default.png"
"1788654371-462","https://kil.gserp.id/goods-manage","","KPR00108","POT SHOWHITE 50GR","7,600.00","462","-","Kemasan Primer","pcs","https://kil.gserp.id/uploads/default.png"
"1788654371-463","https://kil.gserp.id/goods-manage","","KPR00109","POT KACA 30GR DOFF TUTUP KAYU","6,000.00","463","-","Kemasan Primer","pcs","https://kil.gserp.id/uploads/default.png"
"1788654371-464","https://kil.gserp.id/goods-manage","","KPR00110","POT KACA 15GR DOFF TUTUP KAYU","5,200.00","464","-","Kemasan Primer","pcs","https://kil.gserp.id/uploads/default.png"
"1788654371-465","https://kil.gserp.id/goods-manage","","KPR00111","POT KACA HITAM 30GR TUTUP GOLD","4,000.00","465","-","Kemasan Primer","pcs","https://kil.gserp.id/uploads/default.png"
"1788654371-466","https://kil.gserp.id/goods-manage","","KPR00112","POT SUKLAY 20GR","0.00","466","-","Kemasan Primer","pcs","https://kil.gserp.id/uploads/default.png"
"1788654371-467","https://kil.gserp.id/goods-manage","","KPR00113","POT TULIP 10GR PUTIH LIST GOLD","2,500.00","467","-","Kemasan Primer","pcs","https://kil.gserp.id/uploads/default.png"
"1788654371-468","https://kil.gserp.id/goods-manage","","KPR00114","POT TULIP 10GR PUTIH LIST SILVER","2,500.00","468","-","Kemasan Primer","pcs","https://kil.gserp.id/uploads/common/202601/f2cf9284111f7085000471000055b92f.jpeg"
"1788654371-469","https://kil.gserp.id/goods-manage","","KPR00115","POT KACA 15GR DOFF TUTUP SILVER","3,150.00","469","-","Kemasan Primer","pcs","https://kil.gserp.id/uploads/default.png"
"1788654371-470","https://kil.gserp.id/goods-manage","","KPR00116","POT KACA 15GR DOFF TUTUP GOLD","0.00","470","-","Kemasan Primer","pcs","https://kil.gserp.id/uploads/default.png"
"1788654371-471","https://kil.gserp.id/goods-manage","","KPR00117","POT KERANG PUTIH LIST GOLD","8,600.00","471","-","Kemasan Primer","pcs","https://kil.gserp.id/uploads/default.png"
"1788654371-472","https://kil.gserp.id/goods-manage","","KPR00118","POT KACA 20GR DOFF TUTUP PUTIH","2,700.00","472","-","Kemasan Primer","pcs","https://kil.gserp.id/uploads/default.png"
"1788654371-473","https://kil.gserp.id/goods-manage","","KPR00119","POT PLASTIK STD 10GR PUTIH LIST SILVER","0.00","473","-","Kemasan Primer","pcs","https://kil.gserp.id/uploads/default.png"
"1788654371-474","https://kil.gserp.id/goods-manage","","KPR00120","POT PLASTIK STD 10GR PUTIH LIST GOLD","0.00","474","-","Kemasan Primer","pcs","https://kil.gserp.id/uploads/default.png"
"1788654371-475","https://kil.gserp.id/goods-manage","","KPR00121","POT KIMURA 12.5GR PUTIH LIST GOLD","2,500.00","475","-","Kemasan Primer","pcs","https://kil.gserp.id/uploads/default.png"
"1788654371-476","https://kil.gserp.id/goods-manage","","KPR00122","KEPALA CONTINUOUS SPRAY NECK 15","2,000.00","476","-","Kemasan Primer","pcs","https://kil.gserp.id/uploads/default.png"
"1788654371-477","https://kil.gserp.id/goods-manage","","KPR00123","TORIBIO PREMIUM 50 ML PRINTING","9,150.00","477","-","Kemasan Primer","pcs","https://kil.gserp.id/uploads/default.png"
"1788654371-478","https://kil.gserp.id/goods-manage","","KPR00124","BOTOL ZAZA PRESS 30ML","4,350.00","478","-","Kemasan Primer","pcs","https://kil.gserp.id/uploads/common/202601/390eff2e02a24c7345967c647b40c7de.PNG"
"1788654371-479","https://kil.gserp.id/goods-manage","","KPR00125","TUTUP ZAZA TUTUP HITAM","0.00","479","-","Kemasan Primer","pcs","https://kil.gserp.id/uploads/common/202601/f575c084338aa66ee5cf8ba9c8be8ece.png"
"1788654371-480","https://kil.gserp.id/goods-manage","","KPR00126","TUTUP ZAZA TUTUP SILVER","0.00","480","-","Kemasan Primer","pcs","https://kil.gserp.id/uploads/common/202601/4a1a859d9cbd0d488439dda395fa2765.PNG"
"1788654371-481","https://kil.gserp.id/goods-manage","","KPR00127","BOTOL CHLOE 30ML","4,900.00","481","-","Kemasan Primer","pcs","https://kil.gserp.id/uploads/common/202601/1769741124_cb1e1d947bd2c05356d8.jpg"
"1788654371-482","https://kil.gserp.id/goods-manage","","KPR00128","TUTUP CHLOE HITAM","0.00","482","-","Kemasan Primer","pcs","https://kil.gserp.id/uploads/common/202601/6cb1f416aaad44ef8852d9c4d60b0a24.PNG"
"1788654371-483","https://kil.gserp.id/goods-manage","","KPR00129","TUTUP CHLOE PUTIH","0.00","483","-","Kemasan Primer","pcs","https://kil.gserp.id/uploads/common/202601/9f727e66348cfa00433241710679f972.jpeg"
"1788654371-484","https://kil.gserp.id/goods-manage","","KPR00130","CHANNEL 30ML CLEAR TUTUP KECIL","6,500.00","484","-","Kemasan Primer","pcs","https://kil.gserp.id/uploads/default.png"
"1788654371-485","https://kil.gserp.id/goods-manage","","KPR00131","CHANNEL 30ML CLEAR TUTUP BESAR","5,200.00","485","-","Kemasan Primer","pcs","https://kil.gserp.id/uploads/common/202603/1772773841_b9701ef09c4044ebb82f.jpeg"
"1788654371-486","https://kil.gserp.id/goods-manage","","KPR00132","CHANNEL 30ML HITAM TUTUP KECIL","0.00","486","-","Kemasan Primer","pcs","https://kil.gserp.id/uploads/default.png"
"1788654371-487","https://kil.gserp.id/goods-manage","","KPR00133","CHANNEL 30ML HITAM TUTUP BESAR","6,899.00","487","-","Kemasan Primer","pcs","https://kil.gserp.id/uploads/common/202601/2b617b3c9f9193199bbeda09c7a59ccc.PNG"
"1788654371-488","https://kil.gserp.id/goods-manage","","KPR00134","LELABO 50ML AMBER TUTUP HITAM","0.00","488","-","Kemasan Primer","pcs","https://kil.gserp.id/uploads/default.png"
"1788654371-489","https://kil.gserp.id/goods-manage","","KPR00135","KACA 10ML AMBER TUTUP HITAM HALF CAP NO DRAT","0.00","489","-","Kemasan Primer","pcs","https://kil.gserp.id/uploads/default.png"
"1788654371-490","https://kil.gserp.id/goods-manage","","KPR00136","ITNOB SQUARE 50 ML","1.00","490","-","Kemasan Primer","pcs","https://kil.gserp.id/uploads/default.png"
"1788654371-491","https://kil.gserp.id/goods-manage","","KPR00137","VIAL 2 ML TUTUP PUTIH PRESS","1,550.00","491","-","Kemasan Primer","pcs","https://kil.gserp.id/uploads/common/202601/4a5539a5ef908bfea3b2a24f301ab2a3.PNG"
"1788654371-492","https://kil.gserp.id/goods-manage","","KPR00138","VIAL 5 ML TUTUP PUTIH PRESS","0.00","492","-","Kemasan Primer","pcs","https://kil.gserp.id/uploads/default.png"
"1788654371-493","https://kil.gserp.id/goods-manage","","KPR00139","VIAL 1 ML TUTUP HITAM OLES","1,500.00","493","-","Kemasan Primer","pcs","https://kil.gserp.id/uploads/default.png"
"1788654371-494","https://kil.gserp.id/goods-manage","","KPR00140","SERUM PET 15ML FROSTED","0.00","494","-","Kemasan Primer","pcs","https://kil.gserp.id/uploads/default.png"
"1788654371-495","https://kil.gserp.id/goods-manage","","KPR00141","SERUM PET 15 ML CLEAR","0.00","495","-","Kemasan Primer","pcs","https://kil.gserp.id/uploads/default.png"
"1788654371-496","https://kil.gserp.id/goods-manage","","KPR00142","SERUM RF 20ML FROSTED","2,000.00","496","-","Kemasan Primer","pcs","https://kil.gserp.id/uploads/common/202601/7b9d35723ebe6bf95831d375121ce894.PNG"
"1788654371-497","https://kil.gserp.id/goods-manage","","KPR00143","SERUM RF 20ML CLEAR","4,700.00","497","-","Kemasan Primer","pcs","https://kil.gserp.id/uploads/default.png"
"1788654371-498","https://kil.gserp.id/goods-manage","","KPR00144","SERUM RF 20ML PINK","0.00","498","-","Kemasan Primer","pcs","https://kil.gserp.id/uploads/default.png"
"1788654371-499","https://kil.gserp.id/goods-manage","","KPR00145","SERUM RF 30ML FROSTED","0.00","499","-","Kemasan Primer","pcs","https://kil.gserp.id/uploads/default.png"
"1788654371-500","https://kil.gserp.id/goods-manage","","KPR00146","SERUM RF 30ML CLEAR","0.00","500","-","Kemasan Primer","pcs","https://kil.gserp.id/uploads/default.png"
"1788654371-501","https://kil.gserp.id/goods-manage","","KPR00147","SERUM RF 30ML HITAM","0.00","501","-","Kemasan Primer","pcs","https://kil.gserp.id/uploads/default.png"
"1788654371-502","https://kil.gserp.id/goods-manage","","KPR00148","SERUM RF 30ML AMBER","0.00","502","-","Kemasan Primer","pcs","https://kil.gserp.id/uploads/default.png"
"1788654371-503","https://kil.gserp.id/goods-manage","","KPR00149","ACRYLIC 20ML AIRLESS","0.00","503","-","Kemasan Primer","pcs","https://kil.gserp.id/uploads/default.png"
"1788654371-504","https://kil.gserp.id/goods-manage","","KPR00150","SERUM 15ML AIRLESS GOLD","0.00","504","-","Kemasan Primer","pcs","https://kil.gserp.id/uploads/default.png"
"1788654371-505","https://kil.gserp.id/goods-manage","","KPR00151","SERUM 15ML AIRLESS SILVER","0.00","505","-","Kemasan Primer","pcs","https://kil.gserp.id/uploads/default.png"
"1788654371-506","https://kil.gserp.id/goods-manage","","KPR00152","SERUM 30ML SHOWHITE","8,800.00","506","-","Kemasan Primer","pcs","https://kil.gserp.id/uploads/default.png"
"1788654371-507","https://kil.gserp.id/goods-manage","","KPR00153","MASKARA 4ML DOUBLE HEAD PUTIH","4,500.00","507","-","Kemasan Primer","pcs","https://kil.gserp.id/uploads/common/202601/8b12415a139a5b7fb91921fce8f53f3c.jpeg"
"1788654371-508","https://kil.gserp.id/goods-manage","","KPR00154","MASKARA 4ML DOUBLE HEAD HITAM","5,500.00","508","-","Kemasan Primer","pcs","https://kil.gserp.id/uploads/default.png"
"1788654371-509","https://kil.gserp.id/goods-manage","","KPR00155","DROPPER PUTIH NECK 24 SILVER","1,500.00","509","-","Kemasan Primer","pcs","https://kil.gserp.id/uploads/common/202601/469b51c928eb82b61c2c453d7ce5b89b.PNG"
"1788654371-510","https://kil.gserp.id/goods-manage","","KPR00156","DROPPER PUTIH NECK 24 GOLD PUCAT","0.00","510","-","Kemasan Primer","pcs","https://kil.gserp.id/uploads/default.png"
"1788654371-511","https://kil.gserp.id/goods-manage","","KPR00157","DROPPER PUTIH NECK 24 PUTIH","400.00","511","-","Kemasan Primer","pcs","https://kil.gserp.id/uploads/default.png"
"1788654371-512","https://kil.gserp.id/goods-manage","","KPR00158","DROPPER PUTIH NECK 18 SILVER","0.00","512","-","Kemasan Primer","pcs","https://kil.gserp.id/uploads/default.png"
"1788654371-513","https://kil.gserp.id/goods-manage","","KPR00159","DROPPER PUTIH NECK 18 GOLD","0.00","513","-","Kemasan Primer","pcs","https://kil.gserp.id/uploads/default.png"
"1788654371-514","https://kil.gserp.id/goods-manage","","KPR00160","DROPPER PUTIH NECK 18 PUTIH","0.00","514","-","Kemasan Primer","pcs","https://kil.gserp.id/uploads/default.png"
"1788654371-515","https://kil.gserp.id/goods-manage","","KPR00161","DROPPER HITAM NECK HITAM","0.00","515","-","Kemasan Primer","pcs","https://kil.gserp.id/uploads/default.png"
"1788654371-516","https://kil.gserp.id/goods-manage","","KPR00162","DROPPER HITAM NECK GOLD","0.00","516","-","Kemasan Primer","pcs","https://kil.gserp.id/uploads/default.png"
"1788654371-517","https://kil.gserp.id/goods-manage","","KPR00163","DROPPER PINK NECK PINK","0.00","517","-","Kemasan Primer","pcs","https://kil.gserp.id/uploads/default.png"
"1788654371-518","https://kil.gserp.id/goods-manage","","KPR00164","TUBE 20ML CLEAR","0.00","518","-","Kemasan Primer","pcs","https://kil.gserp.id/uploads/default.png"
"1788654371-519","https://kil.gserp.id/goods-manage","","KPR00165","TUBE 50ML CLEAR","0.00","519","-","Kemasan Primer","pcs","https://kil.gserp.id/uploads/default.png"
"1788654371-520","https://kil.gserp.id/goods-manage","","KPR00166","TUBE 100ML PUTIH","2,700.00","520","-","Kemasan Primer","pcs","https://kil.gserp.id/uploads/common/202601/63c72b9d6ab4d2e312e2078673aeca78.PNG"
"1788654371-521","https://kil.gserp.id/goods-manage","","KPR00167","TUBE 100ML HITAM","3,550.00","521","-","Kemasan Primer","pcs","https://kil.gserp.id/uploads/default.png"
"1788654371-522","https://kil.gserp.id/goods-manage","","KPR00168","TUBE 150ML ELECTROPLATED SILVER","8,650.00","522","-","Kemasan Primer","pcs","https://kil.gserp.id/uploads/default.png"
"1788654371-523","https://kil.gserp.id/goods-manage","","KPR00169","TUBE ITNOB FRANGIPANI","2,100.00","523","-","Kemasan Primer","pcs","https://kil.gserp.id/uploads/default.png"
"1788654371-524","https://kil.gserp.id/goods-manage","","KPR00170","TUBE ITNOB JASMINE","2,350.00","524","-","Kemasan Primer","pcs","https://kil.gserp.id/uploads/default.png"
"1788654371-525","https://kil.gserp.id/goods-manage","","KPR00171","TUBE 50ML ITNOB LEMONGRAS","2,350.00","525","-","Kemasan Primer","pcs","https://kil.gserp.id/uploads/default.png"
"1788654371-526","https://kil.gserp.id/goods-manage","","KPR00172","TUBE 100ML PUELA NIGHT LOTION","3,300.00","526","-","Kemasan Primer","pcs","https://kil.gserp.id/uploads/default.png"
"1788654371-527","https://kil.gserp.id/goods-manage","","KPR00173","TUBE 100ML SENSESOUL","2,650.00","527","-","Kemasan Primer","pcs","https://kil.gserp.id/uploads/common/202601/b932bb33756adc61506141a19dab0538.PNG"
"1788654371-528","https://kil.gserp.id/goods-manage","","KPR00174","TUBE 100ML SKYBEAUTE","3,300.00","528","-","Kemasan Primer","pcs","https://kil.gserp.id/uploads/default.png"
"1788654371-529","https://kil.gserp.id/goods-manage","","KPR00175","TUBE 100ML REVANI LOTION","3,300.00","529","-","Kemasan Primer","pcs","https://kil.gserp.id/uploads/default.png"
"1788654371-530","https://kil.gserp.id/goods-manage","","KPR00176","TUBE 50ML BABY NEED FACE LOTION","2,200.00","530","-","Kemasan Primer","pcs","https://kil.gserp.id/uploads/default.png"
"1788654371-531","https://kil.gserp.id/goods-manage","","KPR00177","TUBE 100ML BABY NEED GENTLE LOTION","3,300.00","531","-","Kemasan Primer","pcs","https://kil.gserp.id/uploads/default.png"
"1788654371-532","https://kil.gserp.id/goods-manage","","KPR00178","TUBE 100ML SAVE & YOU","3,300.00","532","-","Kemasan Primer","pcs","https://kil.gserp.id/uploads/default.png"
"1788654371-533","https://kil.gserp.id/goods-manage","","KPR00179","BOTOL SUKLAY FW","5,500.00","533","-","Kemasan Primer","pcs","https://kil.gserp.id/uploads/default.png"
"1788654371-534","https://kil.gserp.id/goods-manage","","KPR00180","PET 100ML AMBER","1,700.00","534","-","Kemasan Primer","pcs","https://kil.gserp.id/uploads/default.png"
"1788654371-535","https://kil.gserp.id/goods-manage","","KPR00181","PET 100ML CLEAR","1,200.00","535","-","Kemasan Primer","pcs","https://kil.gserp.id/uploads/default.png"
"1788654371-536","https://kil.gserp.id/goods-manage","","KPR00182","RF 100ml Toner Unik","3,500.00","536","-","Kemasan Primer","pcs","https://kil.gserp.id/uploads/default.png"
"1788654371-537","https://kil.gserp.id/goods-manage","","KPR00183","Half Pump Hitam Neck 18 Half Cap","2,500.00","537","-","Kemasan Primer","pcs","https://kil.gserp.id/uploads/default.png"
"1788654371-538","https://kil.gserp.id/goods-manage","","KPR00184","Half Pump Putih Neck 24 Pink Fullcap","2,500.00","538","-","Kemasan Primer","","https://kil.gserp.id/uploads/default.png"
"1788654371-539","https://kil.gserp.id/goods-manage","","KPR00185","Pump Putih Neck 24 Gold","1,700.00","539","-","Kemasan Primer","pcs","https://kil.gserp.id/uploads/default.png"
"1788654371-540","https://kil.gserp.id/goods-manage","","KPR00186","Half Pump Putih Neck 24 Half Cap","2,000.00","540","-","Kemasan Primer","pcs","https://kil.gserp.id/uploads/default.png"
"1788654371-541","https://kil.gserp.id/goods-manage","","KPR00187","Half Pump Putih Neck 24 Fullcap","2,350.00","541","-","Kemasan Primer","pcs","https://kil.gserp.id/uploads/common/202601/0ba92eec1a950760a278b3ba06635192.png"
"1788654371-542","https://kil.gserp.id/goods-manage","","KPR00188","Half Pump Putih Neck 24 Gold Matang Full Cap","2,000.00","542","-","Kemasan Primer","pcs","https://kil.gserp.id/uploads/default.png"
"1788654371-543","https://kil.gserp.id/goods-manage","","KPR00189","Spray Hitam Neck 18 Half Cap Tutup Clear","1,500.00","543","-","Kemasan Primer","pcs","https://kil.gserp.id/uploads/common/202601/c2c24ebb1cd9da9465257f462701ec73.PNG"
"1788654371-544","https://kil.gserp.id/goods-manage","","KSR00140","softbox eyelash ( ELSME )","2,000.00","544","-","Kemasan Sekunder","","https://kil.gserp.id/uploads/default.png"
"1788654371-545","https://kil.gserp.id/goods-manage","","KPR00190","POT KACA 20GR DOFF","5,000.00","545","-","Kemasan Primer","pcs","https://kil.gserp.id/uploads/default.png"
"1788654371-546","https://kil.gserp.id/goods-manage","","KPR00191","BOTOL DIPTYQUE","6,000.00","546","-","Kemasan Primer","pcs","https://kil.gserp.id/uploads/default.png"
"1788654371-547","https://kil.gserp.id/goods-manage","","KPR00192","TUTUP DIPTYQUE","1.00","547","-","Kemasan Primer","pcs","https://kil.gserp.id/uploads/default.png"
"1788654371-548","https://kil.gserp.id/goods-manage","","KPR00193","BOTOL ZARA","4,000.00","548","-","Kemasan Primer","pcs","https://kil.gserp.id/uploads/common/202601/bf68ecb940f92f5c2b0f8749f1b81b95.png"
"1788654371-549","https://kil.gserp.id/goods-manage","","KPR00194","VIAL 3ML","350.00","549","-","Kemasan Primer","pcs","https://kil.gserp.id/uploads/default.png"
"1788654371-550","https://kil.gserp.id/goods-manage","","KPR00195","Spray Hitam Press","1.00","550","-","Kemasan Primer","pcs","https://kil.gserp.id/uploads/default.png"
"1788654371-551","https://kil.gserp.id/goods-manage","","KPR00196","TUTUP CHANNEL HITAM BESAR","1.00","551","-","Kemasan Primer","pcs","https://kil.gserp.id/uploads/default.png"
"1788654371-552","https://kil.gserp.id/goods-manage","","KPR00197","Spray Chanel Hitam","1.00","552","-","Kemasan Primer","pcs","https://kil.gserp.id/uploads/default.png"
"1788654371-553","https://kil.gserp.id/goods-manage","","KPR00198","SPRAY CHLOE GOLD","0.00","553","-","Kemasan Primer","pcs","https://kil.gserp.id/uploads/default.png"
"1788654371-554","https://kil.gserp.id/goods-manage","","KPR00199","Tutup Chanel Putih Besar","1.00","554","-","Kemasan Primer","pcs","https://kil.gserp.id/uploads/default.png"
"1788654371-555","https://kil.gserp.id/goods-manage","","KPR00200","Spray Chanel Silver","0.00","555","-","Kemasan Primer","pcs","https://kil.gserp.id/uploads/default.png"
"1788654371-556","https://kil.gserp.id/goods-manage","","KPR00201","Pet Serum 30ml Frosted","5,000.00","556","-","Kemasan Primer","pcs","https://kil.gserp.id/uploads/default.png"
"1788654371-557","https://kil.gserp.id/goods-manage","","KPR00202","Serum Tinggi 20ml Clear","5,000.00","557","-","Kemasan Primer","pcs","https://kil.gserp.id/uploads/default.png"
"1788654371-558","https://kil.gserp.id/goods-manage","","KPR00203","Serum 10ml Airless","8,000.00","558","-","Kemasan Primer","pcs","https://kil.gserp.id/uploads/default.png"
"1788654371-559","https://kil.gserp.id/goods-manage","","KPR00204","Maskara Gold","3,500.00","559","-","Kemasan Primer","pcs","https://kil.gserp.id/uploads/default.png"
"1788654371-560","https://kil.gserp.id/goods-manage","","KPR00205","Dropper Putih Neck 24 Silver 30ml","1.00","560","-","Kemasan Primer","pcs","https://kil.gserp.id/uploads/default.png"
"1788654371-561","https://kil.gserp.id/goods-manage","","KPR00206","Spray Diptyque 30ml","1.00","561","-","Kemasan Primer","pcs","https://kil.gserp.id/uploads/default.png"
"1788654371-562","https://kil.gserp.id/goods-manage","","KPR00207","Dropper Putih Neck 24 Gold Gelap","1.00","562","-","Kemasan Primer","pcs","https://kil.gserp.id/uploads/default.png"
"1788654371-563","https://kil.gserp.id/goods-manage","","KPR00208","Dropper Putih Neck 24 Gold Sedang","1.00","563","-","Kemasan Primer","pcs","https://kil.gserp.id/uploads/default.png"
"1788654371-564","https://kil.gserp.id/goods-manage","","KSR00141","Stiker eyelash ( ELSME )","650.00","564","-","Kemasan Sekunder","","https://kil.gserp.id/uploads/default.png"
"1788654371-565","https://kil.gserp.id/goods-manage","","KSR00142","softbox sigviolet shampo evander 200ml","1,950.00","565","-","Kemasan Sekunder","","https://kil.gserp.id/uploads/default.png"
"1788654371-566","https://kil.gserp.id/goods-manage","","KSR00143","stiker parfum HEAVEN ( ITNOB) botol","450.00","566","-","Kemasan Sekunder","","https://kil.gserp.id/uploads/default.png"
"1788654371-567","https://kil.gserp.id/goods-manage","","KSR00144","stiker parfum HEAVEN ( ITNOB) BOX","775.00","567","-","Kemasan Sekunder","","https://kil.gserp.id/uploads/default.png"
"1788654371-568","https://kil.gserp.id/goods-manage","","KSR00145","stiker parfum HEAVEN ( ITNOB) blkg box","1,100.00","568","-","Kemasan Sekunder","","https://kil.gserp.id/uploads/default.png"
"1788654371-569","https://kil.gserp.id/goods-manage","","BBK00216","Explosiva (Dreamlab)","800.00","569","-","Bahan Baku","gr","https://kil.gserp.id/uploads/default.png"
"1788654371-570","https://kil.gserp.id/goods-manage","","BBK00217","For Her/Hugoboss Scent Women (Dreamlab)","800.00","570","-","Bahan Baku","gr","https://kil.gserp.id/uploads/default.png"
"1788654371-571","https://kil.gserp.id/goods-manage","","BBK00218","legend Invitus (Dreamlab)","810.00","571","","Bahan Baku","gr","https://kil.gserp.id/uploads/default.png"
"1788654371-572","https://kil.gserp.id/goods-manage","","BBK00219","Reyjandra / Raffi Ahmad (Dreamlab)","910.00","572","-","Bahan Baku","gr","https://kil.gserp.id/uploads/default.png"
"1788654371-573","https://kil.gserp.id/goods-manage","","BBK00220","Waterkiss (Dreamlab)","650.00","573","-","Bahan Baku","gr","https://kil.gserp.id/uploads/default.png"
"1788654371-574","https://kil.gserp.id/goods-manage","","BBK00221","Avengers / Creed Aventus (Dreamlab)","1,100.00","574","-","Bahan Baku","gr","https://kil.gserp.id/uploads/default.png"
"1788654371-575","https://kil.gserp.id/goods-manage","","BBK00222","Roma Wish (Dreamlab)","894.00","575","-","Bahan Baku","gr","https://kil.gserp.id/uploads/default.png"
"1788654371-576","https://kil.gserp.id/goods-manage","","BBK00223","Vanilla Tobaco (Dreamlab)","1,300.00","576","-","Bahan Baku","gr","https://kil.gserp.id/uploads/default.png"
"1788654371-577","https://kil.gserp.id/goods-manage","","BBK00224","Sport Esential (Dreamlab)","750.00","577","-","Bahan Baku","gr","https://kil.gserp.id/uploads/default.png"
"1788654371-578","https://kil.gserp.id/goods-manage","","BBK00225","Nagita Slavina (Dreamlab)","700.00","578","-","Bahan Baku","gr","https://kil.gserp.id/uploads/default.png"
"1788654371-579","https://kil.gserp.id/goods-manage","","BBK00226","Courage M Premium (Dreamlab)","1,050.00","579","-","Bahan Baku","gr","https://kil.gserp.id/uploads/default.png"
"1788654371-580","https://kil.gserp.id/goods-manage","","BBK00227","Pop Corn (Dreamlab)","640.00","580","-","Bahan Baku","gr","https://kil.gserp.id/uploads/default.png"
"1788654371-581","https://kil.gserp.id/goods-manage","","BBK00228","Ebbio (Dreamlab)","2,392.50","581","-","Bahan Baku","gr","https://kil.gserp.id/uploads/default.png"
"1788654371-582","https://kil.gserp.id/goods-manage","","BBK00229","EVORIA BIBIT TITIP PRODUKSI","1.00","582","-","Bahan Baku","gr","https://kil.gserp.id/uploads/default.png"
"1788654371-583","https://kil.gserp.id/goods-manage","","BBK00230","Sandalwood & Orange (Dreamlab)","800.00","583","-","Bahan Baku","gr","https://kil.gserp.id/uploads/default.png"
"1788654371-584","https://kil.gserp.id/goods-manage","","BBK00231","Aquagel 35","272.00","584","-","Bahan Baku","gr","https://kil.gserp.id/uploads/default.png"
"1788654371-585","https://kil.gserp.id/goods-manage","","BBK00232","Ethanol 96%","150.00","585","-","Bahan Baku","gr","https://kil.gserp.id/uploads/default.png"
"1788654371-586","https://kil.gserp.id/goods-manage","","BBK00233","Alkohol Evoria","1.00","586","-","Bahan Baku","gr","https://kil.gserp.id/uploads/default.png"
"1788654371-587","https://kil.gserp.id/goods-manage","","BBK00234","Ci Number Hitam","1.00","587","-","Bahan Baku","gr","https://kil.gserp.id/uploads/default.png"
"1788654371-588","https://kil.gserp.id/goods-manage","","BBK00235","Ci Number Coklat","1.00","588","-","Bahan Baku","gr","https://kil.gserp.id/uploads/default.png"
"1788654371-589","https://kil.gserp.id/goods-manage","","BBK00236","Soryan (Dreamlab)","2,567.00","589","-","Bahan Baku","gr","https://kil.gserp.id/uploads/default.png"
"1788654371-590","https://kil.gserp.id/goods-manage","","BBK00237","Declare Top (Dreamlab)","2,297.00","590","-","Bahan Baku","gr","https://kil.gserp.id/uploads/default.png"
"1788654371-591","https://kil.gserp.id/goods-manage","","BBK00238","Bidden Rose (Dreamlab)","900.00","591","-","Bahan Baku","gr","https://kil.gserp.id/uploads/default.png"
"1788654371-592","https://kil.gserp.id/goods-manage","","BBK00239","Taylor Swift (Dreamlab)","750.00","592","-","Bahan Baku","gr","https://kil.gserp.id/uploads/default.png"
"1788654371-593","https://kil.gserp.id/goods-manage","","BBK00240","Lamborghini (Dreamlab)","800.00","593","-","Bahan Baku","gr","https://kil.gserp.id/uploads/default.png"
"1788654371-594","https://kil.gserp.id/goods-manage","","BBK00241","Lovely Gingham (Dreamlab)","700.00","594","-","Bahan Baku","gr","https://kil.gserp.id/uploads/default.png"
"1788654371-595","https://kil.gserp.id/goods-manage","","BBK00242","(ANGGUN) Orbit (Dreamlab)","1.00","595","-","Bahan Baku","gr","https://kil.gserp.id/uploads/default.png"
"1788654371-596","https://kil.gserp.id/goods-manage","","BBK00243","(ANGGUN) Turbulence (Dreamlab)","1.00","596","-","Bahan Baku","gr","https://kil.gserp.id/uploads/default.png"
"1788654371-597","https://kil.gserp.id/goods-manage","","BBK00244","(ANGGUN) Concorde (Dreamlab)","1.00","597","-","Bahan Baku","gr","https://kil.gserp.id/uploads/default.png"
"1788654371-598","https://kil.gserp.id/goods-manage","","BBK00245","(ANGGUN) Coco Lee (Dreamlab)","1.00","598","-","Bahan Baku","gr","https://kil.gserp.id/uploads/default.png"
"1788654371-599","https://kil.gserp.id/goods-manage","","BBK00246","(Anggun) PopCorn Caramel (Dreamlab)","1.00","599","-","Bahan Baku","gr","https://kil.gserp.id/uploads/default.png"
"1788654371-600","https://kil.gserp.id/goods-manage","","BBK00247","(ANGGUN) Legion Red (Dreamlab)","1.00","600","-","Bahan Baku","gr","https://kil.gserp.id/uploads/default.png"
"1788654371-601","https://kil.gserp.id/goods-manage","","BBK00248","(ANGGUN) Trendy (Dreamlab)","1.00","601","-","Bahan Baku","gr","https://kil.gserp.id/uploads/default.png"
"1788654371-602","https://kil.gserp.id/goods-manage","","BBK00249","(ANGGUN) The Man World (Dreamlab)","1.00","602","-","Bahan Baku","gr","https://kil.gserp.id/uploads/default.png"
"1788654371-603","https://kil.gserp.id/goods-manage","","BBK00250","(ANGGUN) Grand Royal (Dreamlab)","1.00","603","-","Bahan Baku","gr","https://kil.gserp.id/uploads/default.png"
"1788654371-604","https://kil.gserp.id/goods-manage","","BBK00251","Grey (Dreamlab)","750.00","604","-","Bahan Baku","gr","https://kil.gserp.id/uploads/default.png"
"1788654371-605","https://kil.gserp.id/goods-manage","","BBK00252","Gravitation Laverne (Dreamlab)","880.00","605","-","Bahan Baku","gr","https://kil.gserp.id/uploads/default.png"
"1788654371-606","https://kil.gserp.id/goods-manage","","BBK00253","Maritime M","850.00","606","-","Bahan Baku","gr","https://kil.gserp.id/uploads/default.png"
"1788654371-607","https://kil.gserp.id/goods-manage","","BBK00254","Lemon Grass Oil","2,500.00","607","-","Bahan Baku","gr","https://kil.gserp.id/uploads/default.png"
"1788654371-608","https://kil.gserp.id/goods-manage","","BBK00255","Rosehip Oil","3,500.00","608","-","Bahan Baku","gr","https://kil.gserp.id/uploads/default.png"
"1788654371-609","https://kil.gserp.id/goods-manage","","BBK00256","Lemon Extract","800.00","609","-","Bahan Baku","gr","https://kil.gserp.id/uploads/default.png"
"1788654371-610","https://kil.gserp.id/goods-manage","","BBK00257","Mizzo 1 (Dreamlab)","1,811.30","610","-","Bahan Baku","gr","https://kil.gserp.id/uploads/default.png"
"1788654371-611","https://kil.gserp.id/goods-manage","","KSR00146","Stiker essence toner ( 2ins) 60ml","1,200.00","611","-","Kemasan Sekunder","","https://kil.gserp.id/uploads/default.png"
"1788654371-612","https://kil.gserp.id/goods-manage","","KSR00147","Stiker face cleanser ( 2ins) 60ml","1,200.00","612","-","Kemasan Sekunder","","https://kil.gserp.id/uploads/default.png"
"1788654371-613","https://kil.gserp.id/goods-manage","","BBK00258","NACO3","100.00","613","-","Bahan Baku","gr","https://kil.gserp.id/uploads/default.png"
"1788654371-614","https://kil.gserp.id/goods-manage","","BBK00259","Zahrat Hawaii (Dreamlab)","980.00","614","-","Bahan Baku","gr","https://kil.gserp.id/uploads/default.png"
"1788654371-615","https://kil.gserp.id/goods-manage","","BJD00001","ITNOB ZAHRAT HAWAII","0.00","615","-","Barang Jadi","pcs","https://kil.gserp.id/uploads/default.png"
"1788654371-616","https://kil.gserp.id/goods-manage","","BJD00002","2'ins Facewash","0.00","616","-","Barang Jadi","pcs","https://kil.gserp.id/uploads/default.png"
"1788654371-617","https://kil.gserp.id/goods-manage","","BJD00003","Myso Vanilla & Rose","0.00","617","-","Barang Jadi","pcs","https://kil.gserp.id/uploads/default.png"
"1788654371-618","https://kil.gserp.id/goods-manage","","BJD00004","Myso Sandalwood & Orange","0.00","618","-","Barang Jadi","pcs","https://kil.gserp.id/uploads/default.png"
"1788654371-619","https://kil.gserp.id/goods-manage","","BJD00005","Sigviolet Sampo Juli 2024","0.00","619","-","Barang Jadi","pcs","https://kil.gserp.id/uploads/default.png"
"1788654371-620","https://kil.gserp.id/goods-manage","","BJD00006","JANAN ALL DAY CREAM","0.00","620","-","Barang Jadi","pcs","https://kil.gserp.id/uploads/default.png"
"1788654371-621","https://kil.gserp.id/goods-manage","","BJD00007","2ins Facewash 60ml","0.00","621","-","Barang Jadi","pcs","https://kil.gserp.id/uploads/default.png"
"1788654371-622","https://kil.gserp.id/goods-manage","","BJD00008","NADES RO 500 pcs","0.00","622","-","Barang Jadi","pcs","https://kil.gserp.id/uploads/default.png"
"1788654371-623","https://kil.gserp.id/goods-manage","","KSR00148","Stiker night cream (JANAN) depan","300.00","623","-","Kemasan Sekunder","","https://kil.gserp.id/uploads/default.png"
"1788654371-624","https://kil.gserp.id/goods-manage","","KSR00149","Stiker night cream (JANAN) belakang","400.00","624","-","Kemasan Sekunder","","https://kil.gserp.id/uploads/default.png"
"1788654371-625","https://kil.gserp.id/goods-manage","","BBK00260","SP Arlacel 170 MBAL-PA-(SG)","69.60","625","-","Bahan Baku","gr","https://kil.gserp.id/uploads/default.png"
"1788654371-626","https://kil.gserp.id/goods-manage","","KSR00150","stiker Peeling Spray 60 ml (CHLOE)","1,600.00","626","-","Kemasan Sekunder","","https://kil.gserp.id/uploads/default.png"
"1788654371-627","https://kil.gserp.id/goods-manage","","KSR00151","stiker Hydrating Lotion Spray 60 ml (CHLOE)","1,600.00","627","-","Kemasan Sekunder","","https://kil.gserp.id/uploads/default.png"
"1788654371-628","https://kil.gserp.id/goods-manage","","BBK00261","Widelash","8,558.00","628","-","Bahan Baku","gr","https://kil.gserp.id/uploads/default.png"
"1788654371-629","https://kil.gserp.id/goods-manage","","BJD00009","SPREZZATA 500pcs","0.00","629","-","Barang Jadi","pcs","https://kil.gserp.id/uploads/default.png"
"1788654371-630","https://kil.gserp.id/goods-manage","","BJD00010","ELSME SERUM BULU MATA","0.00","630","-","Barang Jadi","pcs","https://kil.gserp.id/uploads/default.png"
"1788654371-631","https://kil.gserp.id/goods-manage","","BJD00011","CHLOE GREEN PEELING SPRAY 60ML","0.00","631","-","Barang Jadi","pcs","https://kil.gserp.id/uploads/default.png"
"1788654371-632","https://kil.gserp.id/goods-manage","","BJD00012","CHLOE GREEN LOTION SPRAY 60ml","0.00","632","-","Barang Jadi","pcs","https://kil.gserp.id/uploads/default.png"
"1788654371-633","https://kil.gserp.id/goods-manage","","BJD00013","KEYLUXE PEELING SPRAY","0.00","633","-","Barang Jadi","pcs","https://kil.gserp.id/uploads/default.png"
"1788654371-634","https://kil.gserp.id/goods-manage","","BJD00014","KEYLUXE BODY WASH 100ml","0.00","634","-","Barang Jadi","pcs","https://kil.gserp.id/uploads/default.png"
"1788654371-635","https://kil.gserp.id/goods-manage","","BJD00015","KEYLUXE BODY LOTION 100ml","0.00","635","-","Barang Jadi","pcs","https://kil.gserp.id/uploads/default.png"
"1788654371-636","https://kil.gserp.id/goods-manage","","BJD00016","KEYLUXE BODY MIST 60ml","0.00","636","-","Barang Jadi","pcs","https://kil.gserp.id/uploads/default.png"
"1788654371-637","https://kil.gserp.id/goods-manage","","BJD00017","ITNOB HEAVEN 50ml","0.00","637","-","Barang Jadi","pcs","https://kil.gserp.id/uploads/default.png"
"1788654371-638","https://kil.gserp.id/goods-manage","","KSR00152","stiker Facial wash ( SELXZI)","1,502.00","638","-","Kemasan Sekunder","","https://kil.gserp.id/uploads/default.png"
"1788654371-639","https://kil.gserp.id/goods-manage","","BBK00262","Vanilla Pink (fragrance)","700.00","639","-","Bahan Baku","gr","https://kil.gserp.id/uploads/default.png"
"1788654371-640","https://kil.gserp.id/goods-manage","","BBK00263","Viva La Juice (fragrance)","720.00","640","-","Bahan Baku","gr","https://kil.gserp.id/uploads/default.png"
"1788654371-641","https://kil.gserp.id/goods-manage","","BBK00264","Scandalous 77 (fragrance)","750.00","641","-","Bahan Baku","gr","https://kil.gserp.id/uploads/default.png"
"1788654371-642","https://kil.gserp.id/goods-manage","","BBK00265","My Way Giorgio Armani (fragrance)","800.00","642","-","Bahan Baku","gr","https://kil.gserp.id/uploads/default.png"
"1788654371-643","https://kil.gserp.id/goods-manage","","BBK00266","EUPERLAND PK 3000AM","75.00","643","-","Bahan Baku","gr","https://kil.gserp.id/uploads/default.png"
"1788654371-644","https://kil.gserp.id/goods-manage","","BJD00018","ITNOB KENZO BALI","0.00","644","-","Barang Jadi","pcs","https://kil.gserp.id/uploads/default.png"
"1788654371-645","https://kil.gserp.id/goods-manage","","BJD00019","PRODUKSI ITNOB SUNSHINE 500 pcs","0.00","645","-","Barang Jadi","pcs","https://kil.gserp.id/uploads/default.png"
"1788654371-646","https://kil.gserp.id/goods-manage","","BJD00020","PRODUKSI ELSME NIGHT LOTION","0.00","646","-","Barang Jadi","pcs","https://kil.gserp.id/uploads/default.png"
"1788654371-647","https://kil.gserp.id/goods-manage","","BJD00021","PRODUKSI BAIKINS","0.00","647","-","Barang Jadi","pcs","https://kil.gserp.id/uploads/default.png"
"1788654371-648","https://kil.gserp.id/goods-manage","","KPR00209","Botol Hermes 30ml Semi Press","4,800.00","648","-","Kemasan Primer","","https://kil.gserp.id/uploads/common/202601/e6d7cbe1cda8c2e08227a32ee99b9459.jpeg"
"1788654371-649","https://kil.gserp.id/goods-manage","","KPR00210","Tutup Hermes Putih","0.00","649","-","Kemasan Primer","","https://kil.gserp.id/uploads/common/202601/07803b06b7ac695da5f467ae2bc1d4e3.jpeg"
"1788654371-650","https://kil.gserp.id/goods-manage","","KPR00211","Pot Cream Bunga 15gr Merah Body Natural","2,800.00","650","-","Kemasan Primer","","https://kil.gserp.id/uploads/common/202601/c0f2c1e126eb8fc3e92123113b1e2b6d.jpg"
"1788654371-651","https://kil.gserp.id/goods-manage","","KPR00212","Tutup Chloe White Peach","1,200.00","651","-","Kemasan Primer","","https://kil.gserp.id/uploads/common/202601/0c4ca618e0a52fc3d33ba40b7ae1cbd4.jpeg"
"1788654371-652","https://kil.gserp.id/goods-manage","","BBK00267","Puricolor Yellow AYE23 FDA","3,178.50","652","-","Bahan Baku","gr","https://kil.gserp.id/uploads/default.png"
"1788654371-653","https://kil.gserp.id/goods-manage","","KPR00213","Botol Channel 50ml Clear Neck Silver Semi Press","8,200.00","653","-","Kemasan Primer","","https://kil.gserp.id/uploads/common/202601/20122db785e096eb4915cc27990d8511.PNG"
"1788654371-654","https://kil.gserp.id/goods-manage","","BJD00022","perfume","0.00","654","-","Barang Jadi","pcs","https://kil.gserp.id/uploads/default.png"
"1788654371-655","https://kil.gserp.id/goods-manage","","BJD00023","123 tes","0.00","655","-","Barang Jadi","pcs","https://kil.gserp.id/uploads/default.png"
"1788654371-656","https://kil.gserp.id/goods-manage","","KSR00153","soft box ERGANZA parfum 50ml","2,200.00","656","-","Kemasan Sekunder","","https://kil.gserp.id/uploads/default.png"
"1788654371-657","https://kil.gserp.id/goods-manage","","KSR00154","soft box( SPREZZATA ) EYELASH & BROW NUTRI SERUM","2,000.00","657","-","Kemasan Sekunder","","https://kil.gserp.id/uploads/default.png"
"1788654371-658","https://kil.gserp.id/goods-manage","","KSR00155","stiker sprezzata eyelash + stiker batch","650.00","658","-","Kemasan Sekunder","","https://kil.gserp.id/uploads/default.png"
"1788654371-659","https://kil.gserp.id/goods-manage","","KSR00156","softBox ( U'RIZQ )EYELASH & EYEBROW SERUM","2,000.00","659","-","Kemasan Sekunder","","https://kil.gserp.id/uploads/default.png"
"1788654371-660","https://kil.gserp.id/goods-manage","","KSR00157","stiker EYELASH & EYEBROW SERUM+ stc batch ( U’RIZQ )","650.00","660","-","Kemasan Sekunder","","https://kil.gserp.id/uploads/default.png"
"1788654371-661","https://kil.gserp.id/goods-manage","","KSR00158","sotfbox NAQI glowcream desain baru","2,150.00","661","-","Kemasan Sekunder","","https://kil.gserp.id/uploads/default.png"
"1788654371-662","https://kil.gserp.id/goods-manage","","KSR00159","stiker glow cream ( NAQI ) DEPAN","80.00","662","-","Kemasan Sekunder","","https://kil.gserp.id/uploads/default.png"
"1788654371-663","https://kil.gserp.id/goods-manage","","KSR00160","stiker glow cream ( NAQI ) BELAKANG","105.00","663","-","Kemasan Sekunder","","https://kil.gserp.id/uploads/default.png"
"1788654371-664","https://kil.gserp.id/goods-manage","","KSR00161","stiker glow cream ( NAQI ) ATAS","182.00","664","-","Kemasan Sekunder","","https://kil.gserp.id/uploads/default.png"
"1788654371-665","https://kil.gserp.id/goods-manage","","KPR00214","Tube DJ Glow Stempcell Lotion","3,700.00","665","-","Kemasan Primer","pcs","https://kil.gserp.id/uploads/common/202601/b9b17ca2f48772d376d52e1ebf66d2f2.jpg"
"1788654371-666","https://kil.gserp.id/goods-manage","","KSR00162","stiker imperial sauvage ( ZBR PARFUM )","350.00","666","-","Kemasan Sekunder","","https://kil.gserp.id/uploads/default.png"
"1788654371-667","https://kil.gserp.id/goods-manage","","KSR00163","stiker ENCHANTA VANILLE ( ZBR PARFUM )","350.00","667","-","Kemasan Sekunder","","https://kil.gserp.id/uploads/default.png"
"1788654371-668","https://kil.gserp.id/goods-manage","","KSR00164","stiker L'AMORE ( ZBR PARFUM )","350.00","668","-","Kemasan Sekunder","","https://kil.gserp.id/uploads/default.png"
"1788654371-669","https://kil.gserp.id/goods-manage","","KSR00165","stiker TESTER GABUNGAN ( ZBR PARFUM )","44,900.00","669","-","Kemasan Sekunder","","https://kil.gserp.id/uploads/default.png"
"1788654371-670","https://kil.gserp.id/goods-manage","","BBK00268","Pink Chiffon","662.00","670","-","Bahan Baku","gr","https://kil.gserp.id/uploads/default.png"
"1788654371-671","https://kil.gserp.id/goods-manage","","BBK00269","Thousand Wishes","795.10","671","-","Bahan Baku","gr","https://kil.gserp.id/uploads/default.png"
"1788654371-672","https://kil.gserp.id/goods-manage","","KSR00166","stiker Elsme Brightening Underarm 15gr (botol )","115.00","672","-","Kemasan Sekunder","","https://kil.gserp.id/uploads/default.png"
"1788654371-673","https://kil.gserp.id/goods-manage","","KSR00167","stiker Ameza Brightening Body Lotion 100 ml Depan","1,265.00","673","-","Kemasan Sekunder","","https://kil.gserp.id/uploads/default.png"
"1788654371-674","https://kil.gserp.id/goods-manage","","KSR00168","stiker Ameza Brightening Body Lotion 100 ml belakang","1,265.00","674","-","Kemasan Sekunder","","https://kil.gserp.id/uploads/default.png"
"1788654371-675","https://kil.gserp.id/goods-manage","","KPR00215","Aqua kiss","550.00","675","-","Kemasan Primer","gr","https://kil.gserp.id/uploads/default.png"
"1788654371-676","https://kil.gserp.id/goods-manage","","KPR00216","Lamborghini","785.80","676","-","Kemasan Primer","gr","https://kil.gserp.id/uploads/default.png"
"1788654371-677","https://kil.gserp.id/goods-manage","","KPR00217","Rose Musk","1,180.00","677","-","Kemasan Primer","gr","https://kil.gserp.id/uploads/default.png"
"1788654371-678","https://kil.gserp.id/goods-manage","","BBK00270","Suncat MTA","1,701.73","678","-","Bahan Baku","gr","https://kil.gserp.id/uploads/default.png"
"1788654371-679","https://kil.gserp.id/goods-manage","","BBK00271","On Mediline","1,206.30","679","-","Bahan Baku","gr","https://kil.gserp.id/uploads/default.png"
"1788654371-680","https://kil.gserp.id/goods-manage","","KPR00218","Tube My Sens Brightening 100ml","3,800.00","680","-","Kemasan Primer","","https://kil.gserp.id/uploads/common/202601/8fc4061c135350070622154c6dd0f863.jpeg"
"1788654371-681","https://kil.gserp.id/goods-manage","","KPR00219","Tube My Sens Night 100ml","3,800.00","681","-","Kemasan Primer","","https://kil.gserp.id/uploads/common/202601/3140d016c8c1331d643dd5c61c937747.jpeg"
"1788654371-682","https://kil.gserp.id/goods-manage","","KSR00169","stiker Filira varian LUXEamour 50ml","800.00","682","-","Kemasan Sekunder","","https://kil.gserp.id/uploads/default.png"
"1788654371-683","https://kil.gserp.id/goods-manage","","KSR00170","stiker Filira varian ROX 50ml","450.00","683","-","Kemasan Sekunder","","https://kil.gserp.id/uploads/default.png"
"1788654371-684","https://kil.gserp.id/goods-manage","","KSR00171","soft box face serum ( glowind )","2,100.00","684","-","Kemasan Sekunder","","https://kil.gserp.id/uploads/default.png"
"1788654371-685","https://kil.gserp.id/goods-manage","","KPR00220","Oud Ford La Verne","1,103.40","685","-","Kemasan Primer","gr","https://kil.gserp.id/uploads/default.png"
"1788654371-686","https://kil.gserp.id/goods-manage","","KPR00221","Botol Channel 50ml Hitam Semi Press","6,786.00","686","-","Kemasan Primer","pcs","https://kil.gserp.id/uploads/common/202601/cb923dfbd406efbe9a9f5ef694bfd572.jpeg"
"1788654371-687","https://kil.gserp.id/goods-manage","","KPR00222","Tutup Botol Toner Silver","1,000.00","687","-","Kemasan Primer","","https://kil.gserp.id/uploads/common/202601/3b32c526af820b4cae59c3923ef4a8a4.jpeg"
"1788654371-688","https://kil.gserp.id/goods-manage","","KPR00223","Tutup Toner Putih","0.00","688","-","Kemasan Primer","","https://kil.gserp.id/uploads/default.png"
"1788654371-689","https://kil.gserp.id/goods-manage","","KPR00224","Presstop Putih","175.00","689","-","Kemasan Primer","","https://kil.gserp.id/uploads/default.png"
"1788654371-690","https://kil.gserp.id/goods-manage","","KPR00225","Botol Lip Cream 4ml Tutup Hitam","2,500.00","690","-","Kemasan Primer","","https://kil.gserp.id/uploads/common/202601/6a0e1238044dd45056b93c90116a1265.PNG"
"1788654371-691","https://kil.gserp.id/goods-manage","","BBK00272","Eileen (Dreamlab)","512.00","691","-","Bahan Baku","gr","https://kil.gserp.id/uploads/default.png"
"1788654371-692","https://kil.gserp.id/goods-manage","","KSR00172","BOX PARFUM IN THE NAME OF BALI INNER SUNSHINE","18,500.00","692","-","Kemasan Sekunder","pcs","https://kil.gserp.id/uploads/default.png"
"1788654371-693","https://kil.gserp.id/goods-manage","","KSR00173","BOX PARFUM IN THE NAME OF BALI INNER PUTIH","18,500.00","693","-","Kemasan Sekunder","pcs","https://kil.gserp.id/uploads/default.png"
"1788654371-694","https://kil.gserp.id/goods-manage","","KPR00226","Botol Chloe 50 ml","7,100.00","694","-","Kemasan Primer","pcs","https://kil.gserp.id/uploads/common/202601/2795c9d2c172cdd1c7692aa5ad55ff70.jpeg"
"1788654371-695","https://kil.gserp.id/goods-manage","","BBK00273","Bentone Luxe XO","2,070.00","695","-","Bahan Baku","gr","https://kil.gserp.id/uploads/default.png"
"1788654371-696","https://kil.gserp.id/goods-manage","","KPR00227","Botol Serum Acrylic 15ml List Silver","5,725.00","696","-","Kemasan Primer","","https://kil.gserp.id/uploads/default.png"
"1788654371-697","https://kil.gserp.id/goods-manage","","KPR00228","Botol RF 250ml Clear","2,000.00","697","-","Kemasan Primer","","https://kil.gserp.id/uploads/default.png"
"1788654371-698","https://kil.gserp.id/goods-manage","","KSR00174","Gimaro eyelash","1,600.00","698","-","Kemasan Sekunder","","https://kil.gserp.id/uploads/common/202601/24587f84f4be4746b69730bb47e15080.jpeg"
"1788654371-699","https://kil.gserp.id/goods-manage","","KSR00175","Sunluxe Parfum","1,475.00","699","-","Kemasan Sekunder","","https://kil.gserp.id/uploads/common/202601/03b4d424d2cb574b311fa0cf48f6c941.PNG"
"1788654371-700","https://kil.gserp.id/goods-manage","","KSR00176","Sticker Box Imozu Pramugari","0.00","700","-","Kemasan Sekunder","pcs","https://kil.gserp.id/uploads/common/202602/1772248217_d1411382fde4d296f947.png"
"1788654371-701","https://kil.gserp.id/goods-manage","","KSR00177","Sticker Elios","2,835.00","701","-","Kemasan Sekunder","","https://kil.gserp.id/uploads/common/202601/2019535d51d83b6d3aa0d87fe1d174e8.PNG"
"1788654371-702","https://kil.gserp.id/goods-manage","","KSR00178","Jesui De Parfum","1,500.00","702","-","Kemasan Sekunder","","https://kil.gserp.id/uploads/common/202601/ca50d057214fa85e9448e513de0f6508.PNG"
"1788654371-703","https://kil.gserp.id/goods-manage","","KSR00179","Umar Chigemoy","5,275.00","703","-","Kemasan Sekunder","","https://kil.gserp.id/uploads/common/202601/b098d86ff32b4442fef1adecfeb24dfe.PNG"
"1788654371-704","https://kil.gserp.id/goods-manage","","KSR00180","Umar Chimiit","7,775.00","704","-","Kemasan Sekunder","","https://kil.gserp.id/uploads/common/202601/03b941f819fbc0e2efe67d00e5bac610.PNG"
"1788654371-705","https://kil.gserp.id/goods-manage","","KSR00181","Stiker JANAN Face Wash","1,800.00","705","-","Kemasan Sekunder","","https://kil.gserp.id/uploads/common/202601/39ee22a9f71eac95d749882378ee6ad5.png"
"1788654371-706","https://kil.gserp.id/goods-manage","","KPR00229","Tube 60ml Putih","3,250.00","706","-","Kemasan Primer","","https://kil.gserp.id/uploads/common/202601/a0bdc763466a3effba6ab2355ba4734b.PNG"
"1788654371-707","https://kil.gserp.id/goods-manage","","KPR00230","Tutup Botol Toner Gold","1,500.00","707","-","Kemasan Primer","","https://kil.gserp.id/uploads/default.png"
"1788654371-708","https://kil.gserp.id/goods-manage","","BBK00274","nHairdraty","4,880.00","708","-","Bahan Baku","gr","https://kil.gserp.id/uploads/default.png"
"1788654371-709","https://kil.gserp.id/goods-manage","","BBK00275","Definicire","1,494.00","709","-","Bahan Baku","gr","https://kil.gserp.id/uploads/default.png"
"1788654371-710","https://kil.gserp.id/goods-manage","","BBK00276","Lecigel","2,480.60","710","-","Bahan Baku","gr","https://kil.gserp.id/uploads/default.png"
"1788654371-711","https://kil.gserp.id/goods-manage","","BBK00277","Redensyl","11,006.10","711","-","Bahan Baku","gr","https://kil.gserp.id/uploads/default.png"
"1788654371-712","https://kil.gserp.id/goods-manage","","BBK00278","Rice Scrub Mesh 40","348.00","712","-","Bahan Baku","gr","https://kil.gserp.id/uploads/default.png"
"1788654371-713","https://kil.gserp.id/goods-manage","","BBK00279","Rice Scrub Mesh 60","360.00","713","-","Bahan Baku","gr","https://kil.gserp.id/uploads/default.png"
"1788654371-714","https://kil.gserp.id/goods-manage","","BBK00280","Pullulan","2,640.00","714","-","Bahan Baku","gr","https://kil.gserp.id/uploads/default.png"
"1788654371-715","https://kil.gserp.id/goods-manage","","BBK00281","Bericos Ectoin","6,700.00","715","","Bahan Baku","gr","https://kil.gserp.id/uploads/default.png"
"1788654371-716","https://kil.gserp.id/goods-manage","","BBK00282","FUCOGEL 1.5P","800.00","716","-","Bahan Baku","gr","https://kil.gserp.id/uploads/default.png"
"1788654371-717","https://kil.gserp.id/goods-manage","","BBK00283","Kayu Rapet Extract","350.00","717","-","Bahan Baku","gr","https://kil.gserp.id/uploads/default.png"
"1788654371-718","https://kil.gserp.id/goods-manage","","BBK00284","Manjakani Extract","360.00","718","-","Bahan Baku","gr","https://kil.gserp.id/uploads/default.png"
"1788654371-719","https://kil.gserp.id/goods-manage","","BBK00285","CAPIXYL","11,120.00","719","-","Bahan Baku","gr","https://kil.gserp.id/uploads/default.png"
"1788654371-720","https://kil.gserp.id/goods-manage","","KPR00231","Pot Cream Airless 15gr Putih List Silver","13,000.00","720","-","Kemasan Primer","","https://kil.gserp.id/uploads/common/202601/1a5de79ace3c8bfee02be1d247db415c.jpeg"
"1788654371-721","https://kil.gserp.id/goods-manage","","BBK00286","Bird Nest Extract Liquid","1,500.00","721","-","Bahan Baku","gr","https://kil.gserp.id/uploads/default.png"
"1788654371-722","https://kil.gserp.id/goods-manage","","BBK00287","White T50","806.58","722","-","Bahan Baku","gr","https://kil.gserp.id/uploads/default.png"
"1788654371-723","https://kil.gserp.id/goods-manage","","BBK00288","D&C Red 7","2,800.00","723","-","Bahan Baku","gr","https://kil.gserp.id/uploads/default.png"
"1788654371-724","https://kil.gserp.id/goods-manage","","BBK00289","Bird's Nest Extract","1,700.00","724","-","Bahan Baku","gr","https://kil.gserp.id/uploads/default.png"
"1788654371-725","https://kil.gserp.id/goods-manage","","KPR00232","Pouch Platinum","1,550.00","725","-","Kemasan Primer","","https://kil.gserp.id/uploads/common/202601/5eae5b7c1b36b7758b506cbbefd131f6.PNG"
"1788654371-726","https://kil.gserp.id/goods-manage","","KPR00233","Tube Gleambeam 30ml","2,400.00","726","-","Kemasan Primer","pcs","https://kil.gserp.id/uploads/common/202601/84341527fb77df6fe8c3a1166e267f63.PNG"
"1788654371-727","https://kil.gserp.id/goods-manage","","KSR00182","Rinea Hydra Lock Moisture Cream","1,600.00","727","-","Kemasan Sekunder","","https://kil.gserp.id/uploads/common/202601/a541241f885514ccf9ffd8644d78ad50.PNG"
"1788654371-728","https://kil.gserp.id/goods-manage","","BBK00290","Lemongrass Fragrance","450.00","728","-","Bahan Baku","gr","https://kil.gserp.id/uploads/default.png"
"1788654371-729","https://kil.gserp.id/goods-manage","","BBK00291","Lotion Candle Fragrance","450.00","729","-","Bahan Baku","gr","https://kil.gserp.id/uploads/default.png"
"1788654371-730","https://kil.gserp.id/goods-manage","","BBK00292","Lux Magic Spell Fragrance","450.00","730","-","Bahan Baku","gr","https://kil.gserp.id/uploads/default.png"
"1788654371-731","https://kil.gserp.id/goods-manage","","BBK00293","Akasia Fragance (Dreamlab)","392.90","731","-","Bahan Baku","gr","https://kil.gserp.id/uploads/default.png"
"1788654371-732","https://kil.gserp.id/goods-manage","","BBK00294","Bengkuang Fragrance","476.00","732","-","Bahan Baku","gr","https://kil.gserp.id/uploads/default.png"
"1788654371-733","https://kil.gserp.id/goods-manage","","BBK00295","Goat Milk Fragrance","470.00","733","-","Bahan Baku","gr","https://kil.gserp.id/uploads/default.png"
"1788654371-734","https://kil.gserp.id/goods-manage","","BBK00296","Lavender Fragrance","390.00","734","-","Bahan Baku","gr","https://kil.gserp.id/uploads/default.png"
"1788654371-735","https://kil.gserp.id/goods-manage","","BBK00297","Flora By Gucci Type Fragrance 02.300","585.00","735","-","Bahan Baku","gr","https://kil.gserp.id/uploads/default.png"
"1788654371-736","https://kil.gserp.id/goods-manage","","BBK00298","Flora by Gucci Type Fragrance 0475","660.00","736","-","Bahan Baku","gr","https://kil.gserp.id/uploads/default.png"
"1788654371-737","https://kil.gserp.id/goods-manage","","BBK00299","Milk (Shea Butter) Fragrance","420.00","737","-","Bahan Baku","gr","https://kil.gserp.id/uploads/default.png"
"1788654371-738","https://kil.gserp.id/goods-manage","","BBK00300","Milk Fragrance","450.00","738","-","Bahan Baku","gr","https://kil.gserp.id/uploads/default.png"
"1788654371-739","https://kil.gserp.id/goods-manage","","BBK00301","Red Zara Fragrance","550.00","739","-","Bahan Baku","gr","https://kil.gserp.id/uploads/default.png"
"1788654371-740","https://kil.gserp.id/goods-manage","","BBK00302","Rice Milk Fragrance","520.00","740","-","Bahan Baku","gr","https://kil.gserp.id/uploads/default.png"
"1788654371-741","https://kil.gserp.id/goods-manage","","BBK00303","Trussardi Donna Fragrance","832.00","741","-","Bahan Baku","gr","https://kil.gserp.id/uploads/default.png"
"1788654371-742","https://kil.gserp.id/goods-manage","","KPR00234","SPRAY PUTIH VIAL","0.00","742","-","Kemasan Primer","","https://kil.gserp.id/uploads/default.png"
"1788654371-743","https://kil.gserp.id/goods-manage","","KPR00235","Laboneta Bold Noir","0.00","743","-","Kemasan Primer","","https://kil.gserp.id/uploads/default.png"
"1788654371-744","https://kil.gserp.id/goods-manage","","KPR00236","Spray Vial Hitam","0.00","744","-","Kemasan Primer","","https://kil.gserp.id/uploads/default.png"
"1788654371-745","https://kil.gserp.id/goods-manage","","BBK00304","Citra White Fragrance","590.00","745","-","Bahan Baku","gr","https://kil.gserp.id/uploads/default.png"
"1788654371-746","https://kil.gserp.id/goods-manage","","BBK00305","Midnight Pommegranate Fragrance","752.00","746","-","Bahan Baku","gr","https://kil.gserp.id/uploads/default.png"
"1788654371-747","https://kil.gserp.id/goods-manage","","BBK00306","Loreal Fragrance","530.00","747","-","Bahan Baku","gr","https://kil.gserp.id/uploads/default.png"
"1788654371-748","https://kil.gserp.id/goods-manage","","BBK00307","Midnight Pomegranate Fragrance","800.00","748","-","Bahan Baku","","https://kil.gserp.id/uploads/default.png"
"1788654371-749","https://kil.gserp.id/goods-manage","","BBK00308","Orancle (fragrance)","1,000.00","749","-","Bahan Baku","","https://kil.gserp.id/uploads/default.png"
"1788654371-750","https://kil.gserp.id/goods-manage","","BBK00309","DUPE OMNIA AMETHSYT HANI(FF)","700.00","750","-","Bahan Baku","gr","https://kil.gserp.id/uploads/default.png"
"1788654371-751","https://kil.gserp.id/goods-manage","","BBK00310","Purereact I-85C","160.00","751","-","Bahan Baku","gr","https://kil.gserp.id/uploads/default.png"
"1788654371-752","https://kil.gserp.id/goods-manage","","BBK00311","Iselux LQ CLR SB","160.00","752","-","Bahan Baku","gr","https://kil.gserp.id/uploads/default.png"
"1788654371-753","https://kil.gserp.id/goods-manage","","BBK00312","Esaflor EC4","260.00","753","-","Bahan Baku","gr","https://kil.gserp.id/uploads/default.png"
"1788654371-754","https://kil.gserp.id/goods-manage","","BBK00313","Plantacare 1200 UP","82.50","754","-","Bahan Baku","gr","https://kil.gserp.id/uploads/default.png"
"1788654371-755","https://kil.gserp.id/goods-manage","","KPR00237","Pot Jar Cream Plastik Double Layer Doff Putih 50g","4,750.00","755","-","Kemasan Primer","","https://kil.gserp.id/uploads/common/202601/59457508003b9cf3129a7997ea84a84e.PNG"
"1788654371-756","https://kil.gserp.id/goods-manage","","KSR00183","Rinea Dermasum Barrier","1,800.00","756","-","Kemasan Sekunder","","https://kil.gserp.id/uploads/common/202601/6a4383e23dd1f427a4434889107e5946.PNG"
"1788654371-757","https://kil.gserp.id/goods-manage","","KSR00184","Ghimarow Luxurius Whitening Booster","0.00","757","-","Kemasan Sekunder","","https://kil.gserp.id/uploads/common/202601/341d7cb503b54e24f2c3c62ec231f343.PNG"
"1788654371-758","https://kil.gserp.id/goods-manage","","BBK00314","BioCapigen","3,099.30","758","-","Bahan Baku","gr","https://kil.gserp.id/uploads/default.png"
"1788654371-759","https://kil.gserp.id/goods-manage","","KPR00238","Lip Cream Frosted 5ml Tutup Peach","3,300.00","759","-","Kemasan Primer","","https://kil.gserp.id/uploads/common/202601/92a2c2e3ca532ea50f4b05028648b3d5.jpeg"
"1788654371-760","https://kil.gserp.id/goods-manage","","KPR00239","Semi Press Spray Tutup Gold","0.00","760","-","Kemasan Primer","","https://kil.gserp.id/uploads/common/202601/e0eacbeb84a59b868944389b2def2d83.jpeg"
"1788654371-761","https://kil.gserp.id/goods-manage","","BBK00315","Sandalwood EO","3,400.00","761","-","Bahan Baku","gr","https://kil.gserp.id/uploads/default.png"
"1788654371-762","https://kil.gserp.id/goods-manage","","BBK00316","Lavender EO (Dreamlab)","3,000.00","762","-","Bahan Baku","gr","https://kil.gserp.id/uploads/default.png"
"1788654371-763","https://kil.gserp.id/goods-manage","","KSR00185","Sticker Daivie Obsession","1,285.00","763","-","Kemasan Sekunder","","https://kil.gserp.id/uploads/common/202601/9ecb8b74bd456ecf8de92c596fbeb72b.PNG"
"1788654371-764","https://kil.gserp.id/goods-manage","","KSR00186","Sticker Batch Box SH Glow Sunscreen","1,650.00","764","-","Kemasan Sekunder","","https://kil.gserp.id/uploads/common/202601/4b6e52e1c7452310a335f5fb36d6ca61.PNG"
"1788654371-765","https://kil.gserp.id/goods-manage","","BBK00317","Iselux Ultra Mild","152.32","765","-","Bahan Baku","gr","https://kil.gserp.id/uploads/default.png"
"1788654371-766","https://kil.gserp.id/goods-manage","","BJD00024","Good Foam","0.00","766","-","Barang Jadi","pcs","https://kil.gserp.id/uploads/default.png"
"1788654371-767","https://kil.gserp.id/goods-manage","","BJD00025","BRIGHTENING BODY LOTION","0.00","767","-","Barang Jadi","pcs","https://kil.gserp.id/uploads/default.png"
"1788654371-768","https://kil.gserp.id/goods-manage","","BBK00318","Carolina Hererra Good Girl (Dreamlab)","800.00","768","-","Bahan Baku","gr","https://kil.gserp.id/uploads/default.png"
"1788654371-769","https://kil.gserp.id/goods-manage","","KPR00240","POT CREAM 10GR POT PLASTIK PP PUTIH RARA LS SPATULA","3,200.00","769","-","Kemasan Primer","","https://kil.gserp.id/uploads/common/202601/44223b45f127fed7ba92faa4708c4b0c.PNG"
"1788654371-770","https://kil.gserp.id/goods-manage","","BBK00319","Strawberry Iberchem 73.8669","800.00","770","-","Bahan Baku","gr","https://kil.gserp.id/uploads/default.png"
"1788654371-771","https://kil.gserp.id/goods-manage","","BBK00320","Goat Milk Extract","600.00","771","-","Bahan Baku","gr","https://kil.gserp.id/uploads/default.png"
"1788654371-772","https://kil.gserp.id/goods-manage","","KPR00241","Pot Lulur 100 Gr Pink Ceper","3,000.00","772","-","Kemasan Primer","pcs","https://kil.gserp.id/uploads/common/202601/8df1771fb5b7b282f6063ea766657a57.jpeg"
"1788654371-773","https://kil.gserp.id/goods-manage","","KPR00242","Pot Jar Cream Plastik Double Layer Doff Biru 50g","2,600.00","773","-","Kemasan Primer","pcs","https://kil.gserp.id/uploads/common/202601/5eb66c457788639b567ab2bc5f9b1a6a.jpeg"
"1788654371-774","https://kil.gserp.id/goods-manage","","BJD00026","VousVechia - Hair Treatment Mask","0.00","774","-","Barang Jadi","pcs","https://kil.gserp.id/uploads/default.png"
"1788654371-775","https://kil.gserp.id/goods-manage","","BJD00027","Sleeping Mask","0.00","775","-","Barang Jadi","pcs","https://kil.gserp.id/uploads/default.png"
"1788654371-776","https://kil.gserp.id/goods-manage","","BBK00321","Pearl Powder Extract","600.00","776","-","Bahan Baku","gr","https://kil.gserp.id/uploads/default.png"
"1788654371-777","https://kil.gserp.id/goods-manage","","BBK00322","Collective White","2,650.00","777","-","Bahan Baku","gr","https://kil.gserp.id/uploads/default.png"
"1788654371-778","https://kil.gserp.id/goods-manage","","BBK00323","Tagat CH 40","162.90","778","-","Bahan Baku","gr","https://kil.gserp.id/uploads/default.png"
"1788654371-779","https://kil.gserp.id/goods-manage","","BJD00028","Brightening Cream","0.00","779","-","Barang Jadi","pcs","https://kil.gserp.id/uploads/default.png"
"1788654371-780","https://kil.gserp.id/goods-manage","","BBK00324","Cellactive White","2,200.00","780","","Bahan Baku","gr","https://kil.gserp.id/uploads/default.png"
"1788654371-781","https://kil.gserp.id/goods-manage","","BBK00325","Bombei W / Bomshell (Dreamlab)","0.00","781","-","Bahan Baku","gr","https://kil.gserp.id/uploads/default.png"
"1788654371-782","https://kil.gserp.id/goods-manage","","BJD00029","Brightening Cream","0.00","782","-","Barang Jadi","pcs","https://kil.gserp.id/uploads/default.png"
"1788654371-783","https://kil.gserp.id/goods-manage","","BJD00030","BRIGHTENING CREAM","0.00","783","-","Barang Jadi","pcs","https://kil.gserp.id/uploads/default.png"
"1788654371-784","https://kil.gserp.id/goods-manage","","BJD00031","Whitening Body Serum","0.00","784","-","Barang Jadi","pcs","https://kil.gserp.id/uploads/default.png"
"1788654371-785","https://kil.gserp.id/goods-manage","","BJD00032","Kalba RQ - Whitening Body Lotion","0.00","785","-","Barang Jadi","pcs","https://kil.gserp.id/uploads/default.png"
"1788654371-786","https://kil.gserp.id/goods-manage","","BJD00033","Kalba RQ - Whitening Body Cream","0.00","786","-","Barang Jadi","pcs","https://kil.gserp.id/uploads/default.png"
"1788654371-787","https://kil.gserp.id/goods-manage","","BJD00034","LNH - Whitening Body Serum","0.00","787","-","Barang Jadi","pcs","https://kil.gserp.id/uploads/default.png"
"1788654371-788","https://kil.gserp.id/goods-manage","","BJD00035","TwinaRa - Perfect Stay Lip Cream (Seoul Velvet 10)","0.00","788","-","Barang Jadi","pcs","https://kil.gserp.id/uploads/default.png"
"1788654371-789","https://kil.gserp.id/goods-manage","","BJD00036","TwinaRa - Perfect Stay Lip Cream (Banchan Berry 17)","0.00","789","-","Barang Jadi","pcs","https://kil.gserp.id/uploads/default.png"
"1788654371-790","https://kil.gserp.id/goods-manage","","BJD00037","TwinaRa - Perfect Stay Lip Cream (Monaco Mauve 18)","0.00","790","-","Barang Jadi","pcs","https://kil.gserp.id/uploads/default.png"
"1788654371-791","https://kil.gserp.id/goods-manage","","BBK00326","Bergamot Bloom MT (Dreamlab)","500.00","791","-","Bahan Baku","gr","https://kil.gserp.id/uploads/default.png"
"1788654371-792","https://kil.gserp.id/goods-manage","","BBK00327","Rheopearl KL-2","3,000.00","792","-","Bahan Baku","gr","https://kil.gserp.id/uploads/default.png"
"1788654371-793","https://kil.gserp.id/goods-manage","","BBK00328","Sunsphere H-53","1,369.80","793","-","Bahan Baku","gr","https://kil.gserp.id/uploads/default.png"
"1788654371-794","https://kil.gserp.id/goods-manage","","BBK00329","Rosemary Oil","1,500.00","794","Essential Oil","Bahan Baku","gr","https://kil.gserp.id/uploads/default.png"
"1788654371-795","https://kil.gserp.id/goods-manage","","KPR00243","Botol Foam 100ml Putih with Brush","7,300.00","795","-","Kemasan Primer","pcs","https://kil.gserp.id/uploads/common/202601/26a33741292ddc6f686d30156d9ca7da.PNG"
"1788654371-796","https://kil.gserp.id/goods-manage","","KPR00244","Presstop Hitam","0.00","796","-","Kemasan Primer","pcs","https://kil.gserp.id/uploads/common/202601/c39427ee46d27a1bdb468057697836ef.PNG"
"1788654371-797","https://kil.gserp.id/goods-manage","","KPR00245","Tutup Krucut","300.00","797","-","Kemasan Primer","pcs","https://kil.gserp.id/uploads/common/202601/7696e4ccaae7733e0086a7c53a869ca1.PNG"
"1788654371-798","https://kil.gserp.id/goods-manage","","KSR00187","Sprezzata Bright & Glow Box","6,400.00","798","-","Kemasan Sekunder","pcs","https://kil.gserp.id/uploads/common/202601/a1800120f24b38050c5590c4774a8f9b.PNG"
"1788654371-799","https://kil.gserp.id/goods-manage","","BBK00330","PTM 20","600.00","799","-","Bahan Baku","gr","https://kil.gserp.id/uploads/default.png"
"1788654371-800","https://kil.gserp.id/goods-manage","","BBK00331","Fixatone","575.36","800","-","Bahan Baku","gr","https://kil.gserp.id/uploads/default.png"
"1788654371-801","https://kil.gserp.id/goods-manage","","BJD00038","Nano Booster Advanced Whitening Body Lotion","0.00","801","-","Barang Jadi","pcs","https://kil.gserp.id/uploads/default.png"
"1788654371-802","https://kil.gserp.id/goods-manage","","KPR00246","Pot Cream CICI 10gr Putih With Spatula","3,150.00","802","-","Kemasan Primer","pcs","https://kil.gserp.id/uploads/common/202601/b8fa0d6050bf76169fd690c3df328eb0.PNG"
"1788654371-803","https://kil.gserp.id/goods-manage","","BJD00039","Deodorant Spray Testing yes","0.00","803","-","Barang Jadi","pcs","https://kil.gserp.id/uploads/default.png"
"1788654371-804","https://kil.gserp.id/goods-manage","","BJD00040","Body Lotion Testing yes","0.00","804","-","Barang Jadi","pcs","https://kil.gserp.id/uploads/default.png"
"1788654371-805","https://kil.gserp.id/goods-manage","","BJD00041","Good Foam Testing","0.00","805","-","Barang Jadi","pcs","https://kil.gserp.id/uploads/default.png"
"1788654371-806","https://kil.gserp.id/goods-manage","","BJD00042","Vitamin Sea Extrait De Parfume","0.00","806","-","Barang Jadi","pcs","https://kil.gserp.id/uploads/default.png"
"1788654371-807","https://kil.gserp.id/goods-manage","","BJD00043","Swan Extrait de Parfume","0.00","807","-","Barang Jadi","pcs","https://kil.gserp.id/uploads/default.png"
"1788654371-808","https://kil.gserp.id/goods-manage","","BJD00044","Untamed Extrait de Parfume","0.00","808","-","Barang Jadi","pcs","https://kil.gserp.id/uploads/default.png"
"1788654371-809","https://kil.gserp.id/goods-manage","","BJD00045","Tabakune Extrait de Parfume","0.00","809","-","Barang Jadi","pcs","https://kil.gserp.id/uploads/default.png"
"1788654371-810","https://kil.gserp.id/goods-manage","","BJD00046","Cloud Crème","0.00","810","-","Barang Jadi","pcs","https://kil.gserp.id/uploads/default.png"
"1788654371-811","https://kil.gserp.id/goods-manage","","BJD00047","Vitamin Sea Extrait De Parfume","0.00","811","-","Barang Jadi","pcs","https://kil.gserp.id/uploads/default.png"
"1788654371-812","https://kil.gserp.id/goods-manage","","BJD00048","Swan Extrait De Parfume","0.00","812","-","Barang Jadi","pcs","https://kil.gserp.id/uploads/default.png"
"1788654371-813","https://kil.gserp.id/goods-manage","","BJD00049","Untamed Extrait de Parfume","0.00","813","-","Barang Jadi","pcs","https://kil.gserp.id/uploads/default.png"
"1788654371-814","https://kil.gserp.id/goods-manage","","BJD00050","Tabakune Extrait De Parfume","0.00","814","-","Barang Jadi","pcs","https://kil.gserp.id/uploads/default.png"
"1788654371-815","https://kil.gserp.id/goods-manage","","BJD00051","Cloud Crème Extrait De Parfume","0.00","815","-","Barang Jadi","pcs","https://kil.gserp.id/uploads/default.png"
"1788654371-816","https://kil.gserp.id/goods-manage","","BJD00052","SIXOLIC - EDP Mysteriosa (My Dream)","0.00","816","-","Barang Jadi","pcs","https://kil.gserp.id/uploads/default.png"
"1788654371-817","https://kil.gserp.id/goods-manage","","BJD00053","SIXOLIC - EDP Dior Sauvage (Elixir)","0.00","817","-","Barang Jadi","pcs","https://kil.gserp.id/uploads/default.png"
"1788654371-818","https://kil.gserp.id/goods-manage","","BJD00054","SIXOLIC - EDP Lacoste (Everest)","0.00","818","-","Barang Jadi","pcs","https://kil.gserp.id/uploads/default.png"
"1788654371-819","https://kil.gserp.id/goods-manage","","BJD00055","SIXOLIC - EDP Vanila Ice (Twilight)","0.00","819","-","Barang Jadi","pcs","https://kil.gserp.id/uploads/default.png"
"1788654371-820","https://kil.gserp.id/goods-manage","","BJD00056","SIXOLIC - EDP Mysteriosa (My Dream)","0.00","820","-","Barang Jadi","pcs","https://kil.gserp.id/uploads/default.png"
"1788654371-821","https://kil.gserp.id/goods-manage","","BJD00057","SIXOLIC - EDP Dior Sauvage (Elixir)","0.00","821","-","Barang Jadi","pcs","https://kil.gserp.id/uploads/default.png"
"1788654371-822","https://kil.gserp.id/goods-manage","","BJD00058","SIXOLIC - EDP Lacoste (Everest)","0.00","822","-","Barang Jadi","pcs","https://kil.gserp.id/uploads/default.png"
"1788654371-823","https://kil.gserp.id/goods-manage","","BJD00059","SIXOLIC - EDP Vanila Ice (Twilight)","0.00","823","-","Barang Jadi","pcs","https://kil.gserp.id/uploads/default.png"
"1788654371-824","https://kil.gserp.id/goods-manage","","BJD00060","Heracles Foam Cleanser","0.00","824","-","Barang Jadi","pcs","https://kil.gserp.id/uploads/default.png"
"1788654371-825","https://kil.gserp.id/goods-manage","","BJD00061","Curl Cream","0.00","825","-","Barang Jadi","pcs","https://kil.gserp.id/uploads/default.png"
"1788654371-826","https://kil.gserp.id/goods-manage","","BJD00062","Vitamin Sea Extrait De Parfume","0.00","826","-","Barang Jadi","pcs","https://kil.gserp.id/uploads/default.png"
"1788654371-827","https://kil.gserp.id/goods-manage","","BJD00063","Swan Extrait de Parfume","0.00","827","-","Barang Jadi","pcs","https://kil.gserp.id/uploads/default.png"
"1788654371-828","https://kil.gserp.id/goods-manage","","BJD00064","Untamed Extrait de Parfume","0.00","828","-","Barang Jadi","pcs","https://kil.gserp.id/uploads/default.png"
"1788654371-829","https://kil.gserp.id/goods-manage","","BJD00065","Tabakune Extrait de Parfume","0.00","829","-","Barang Jadi","pcs","https://kil.gserp.id/uploads/default.png"
"1788654371-830","https://kil.gserp.id/goods-manage","","BJD00066","Cloud Crème Extrait De Parfume","0.00","830","-","Barang Jadi","pcs","https://kil.gserp.id/uploads/default.png"
"1788654371-831","https://kil.gserp.id/goods-manage","","BBK00332","Kenzo Bali/ Island Dream","0.00","831","-","Bahan Baku","gr","https://kil.gserp.id/uploads/default.png"
"1788654371-832","https://kil.gserp.id/goods-manage","","BJD00067","Vitamin Sea Extrait De Parfume","0.00","832","-","Barang Jadi","pcs","https://kil.gserp.id/uploads/default.png"
"1788654371-833","https://kil.gserp.id/goods-manage","","BJD00068","Swan Extrait de Parfume","0.00","833","-","Barang Jadi","pcs","https://kil.gserp.id/uploads/default.png"
"1788654371-834","https://kil.gserp.id/goods-manage","","BJD00069","Untamed Extrait de Parfume","0.00","834","-","Barang Jadi","pcs","https://kil.gserp.id/uploads/default.png"
"1788654371-835","https://kil.gserp.id/goods-manage","","BJD00070","Tabakune Extrait de Parfume","0.00","835","-","Barang Jadi","pcs","https://kil.gserp.id/uploads/default.png"
"1788654371-836","https://kil.gserp.id/goods-manage","","BJD00071","Cloud Crème Extrait De Parfume","0.00","836","-","Barang Jadi","pcs","https://kil.gserp.id/uploads/default.png"
"1788654371-837","https://kil.gserp.id/goods-manage","","BJD00072","Posh Blue","0.00","837","-","Barang Jadi","pcs","https://kil.gserp.id/uploads/default.png"
"1788654371-838","https://kil.gserp.id/goods-manage","","BJD00073","Vanilla Ice","0.00","838","-","Barang Jadi","pcs","https://kil.gserp.id/uploads/default.png"
"1788654371-839","https://kil.gserp.id/goods-manage","","BJD00074","Nano Booster Advanced Whitening Body Lotion","0.00","839","-","Barang Jadi","pcs","https://kil.gserp.id/uploads/default.png"
"1788654371-840","https://kil.gserp.id/goods-manage","","BJD00075","Sunrise","0.00","840","-","Barang Jadi","pcs","https://kil.gserp.id/uploads/default.png"
"1788654371-841","https://kil.gserp.id/goods-manage","","BJD00076","Hand Cream","0.00","841","-","Barang Jadi","pcs","https://kil.gserp.id/uploads/default.png"
"1788654371-842","https://kil.gserp.id/goods-manage","","BJD00077","Sunscreen Tinted","0.00","842","-","Barang Jadi","pcs","https://kil.gserp.id/uploads/default.png"
"1788654371-843","https://kil.gserp.id/goods-manage","","BJD00078","Heracles Foam Cleanser","0.00","843","-","Barang Jadi","pcs","https://kil.gserp.id/uploads/default.png"
"1788654371-844","https://kil.gserp.id/goods-manage","","BJD00079","Sunscreen Tinted (SUNEXPERT)","0.00","844","-","Barang Jadi","pcs","https://kil.gserp.id/uploads/default.png"
"1788654371-845","https://kil.gserp.id/goods-manage","","BBK00333","Amaze Night (212 VIP Men)","1,500.00","845","Fragrance","Bahan Baku","gr","https://kil.gserp.id/uploads/default.png"
"1788654371-846","https://kil.gserp.id/goods-manage","","BJD00080","SIXOLIC ABCD","0.00","846","-","Barang Jadi","pcs","https://kil.gserp.id/uploads/default.png"
"1788654371-847","https://kil.gserp.id/goods-manage","","BJD00081","Curl Cream","0.00","847","-","Barang Jadi","pcs","https://kil.gserp.id/uploads/default.png"
"1788654371-848","https://kil.gserp.id/goods-manage","","BJD00082","Curl Cream","0.00","848","-","Barang Jadi","pcs","https://kil.gserp.id/uploads/default.png"
"1788654371-849","https://kil.gserp.id/goods-manage","","BJD00083","KQQ Beauty Brightening Barrier Treatment Serum","0.00","849","-","Barang Jadi","pcs","https://kil.gserp.id/uploads/default.png"
"1788654371-850","https://kil.gserp.id/goods-manage","","BJD00084","KQQ Beauty Brightening Barrier Treatment Serum 5ml","0.00","850","-","Barang Jadi","pcs","https://kil.gserp.id/uploads/default.png"
"1788654371-851","https://kil.gserp.id/goods-manage","","KPR00247","Spray Chanel Gold","0.00","851","-","Kemasan Primer","pcs","https://kil.gserp.id/uploads/common/202601/bc3d5d6011c4bbe43832a8e6db38f780.PNG"
"1788654371-852","https://kil.gserp.id/goods-manage","","KPR00248","Vial 2ml Tutup Hitam","400.00","852","-","Kemasan Primer","pcs","https://kil.gserp.id/uploads/common/202601/c898b56d974aaafad736d55c1cd140a9.PNG"
"1788654371-853","https://kil.gserp.id/goods-manage","","KPR00249","Tube Dermarine 40ml","2,600.00","853","-","Kemasan Primer","pcs","https://kil.gserp.id/uploads/common/202601/349ad3014820a76e38399a99f90f7f13.PNG"
"1788654371-854","https://kil.gserp.id/goods-manage","","KPR00250","Botol Celine Hitam Tutup Putih","6,500.00","854","-","Kemasan Primer","pcs","https://kil.gserp.id/uploads/common/202601/5b8e107da4bb182fe7b9e9155fa83b09.PNG"
"1788654371-855","https://kil.gserp.id/goods-manage","","KPR00251","Botol Jojo 30ml Clear Tutup silver","3,150.00","855","-","Kemasan Primer","pcs","https://kil.gserp.id/uploads/common/202601/b12d68e3c75689a1642930e1a8567930.PNG"
"1788654371-856","https://kil.gserp.id/goods-manage","","KPR00252","Tube 2ins Sunscreen Tinted 30ml","3,900.00","856","-","Kemasan Primer","pcs","https://kil.gserp.id/uploads/common/202601/2290dab024a40f90139b56e1937f468b.PNG"
"1788654371-857","https://kil.gserp.id/goods-manage","","KPR00253","Pot Acrylic Square Hitam","0.00","857","-","Kemasan Primer","pcs","https://kil.gserp.id/uploads/default.png"
"1788654371-858","https://kil.gserp.id/goods-manage","","KPR00254","TUBULAR 65ML PUTIH","4,425.00","858","-","Kemasan Primer","pcs","https://kil.gserp.id/uploads/common/202601/1159d744af95518a5f7ec40a339ee6c4.jpeg"
"1788654371-859","https://kil.gserp.id/goods-manage","","BJD00085","BEBIBOSTER - Nano Booster Advanced Whitening Body Lotion","0.00","859","-","Barang Jadi","pcs","https://kil.gserp.id/uploads/default.png"
"1788654371-860","https://kil.gserp.id/goods-manage","","BJD00086","SENSESOUL - ENHANCING CURL CREAM","0.00","860","-","Barang Jadi","pcs","https://kil.gserp.id/uploads/default.png"
"1788654371-861","https://kil.gserp.id/goods-manage","","BJD00087","BEBIBOSTER - Nano Booster Advanced Whitening Body Lotion","0.00","861","-","Barang Jadi","pcs","https://kil.gserp.id/uploads/default.png"
"1788654371-862","https://kil.gserp.id/goods-manage","","BJD00088","BEBIBOSTER - Nano Booster Advanced Whitening Body Lotion","0.00","862","-","Barang Jadi","pcs","https://kil.gserp.id/uploads/default.png"
"1788654371-863","https://kil.gserp.id/goods-manage","","BJD00089","BEBIBOSTER - Nano Booster Advanced Whitening Body Lotion","0.00","863","-","Barang Jadi","pcs","https://kil.gserp.id/uploads/default.png"
"1788654371-864","https://kil.gserp.id/goods-manage","","BJD00090","BEBIBOSTER - Nano Booster Advanced Whitening Body Lotion","0.00","864","-","Barang Jadi","pcs","https://kil.gserp.id/uploads/default.png"
"1788654371-865","https://kil.gserp.id/goods-manage","","BJD00091","BEBIBOSTER - Nano Booster Advanced Whitening Body Lotion","0.00","865","-","Barang Jadi","pcs","https://kil.gserp.id/uploads/default.png"
"1788654371-866","https://kil.gserp.id/goods-manage","","BJD00092","BEBIBOSTER - Nano Booster Advanced Whitening Body Lotion","0.00","866","-","Barang Jadi","pcs","https://kil.gserp.id/uploads/default.png"
"1788654371-867","https://kil.gserp.id/goods-manage","","KPR00255","Jar Dermarine 30gr","0.00","867","-","Kemasan Primer","pcs","https://kil.gserp.id/uploads/default.png"
"1788654371-868","https://kil.gserp.id/goods-manage","","BJD00093","OLIVINE - Mine Extrait de Parfume","0.00","868","-","Barang Jadi","pcs","https://kil.gserp.id/uploads/default.png"
"1788654371-869","https://kil.gserp.id/goods-manage","","BJD00094","OLIVINE - Smooky Woody Extrait de Parfume","0.00","869","-","Barang Jadi","pcs","https://kil.gserp.id/uploads/default.png"
"1788654371-870","https://kil.gserp.id/goods-manage","","BJD00095","OLIVINE - Fruity Sweet Extrait de Parfume","0.00","870","-","Barang Jadi","pcs","https://kil.gserp.id/uploads/default.png"
"1788654371-871","https://kil.gserp.id/goods-manage","","BBK00334","Matrifuse","1,300.00","871","-","Bahan Baku","gr","https://kil.gserp.id/uploads/default.png"
"1788654371-872","https://kil.gserp.id/goods-manage","","KPR00256","Tutup Half Pump Neck Gold 20 Fullcap","3,750.00","872","-","Kemasan Primer","pcs","https://kil.gserp.id/uploads/common/202601/eb157ca2b12b8a536eb6cb77a557b45a.PNG"
"1788654371-873","https://kil.gserp.id/goods-manage","","BBK00335","Rose (body shop) 18.103 Fragrance","700,000.00","873","-","Bahan Baku","gr","https://kil.gserp.id/uploads/default.png"
"1788654371-874","https://kil.gserp.id/goods-manage","","BJD00096","Glutha shine Shower Gel","0.00","874","-","Barang Jadi","pcs","https://kil.gserp.id/uploads/default.png"
"1788654371-875","https://kil.gserp.id/goods-manage","","BJD00097","LA COLATTE - Brighten up lotion with uv protection","0.00","875","-","Barang Jadi","pcs","https://kil.gserp.id/uploads/default.png"
"1788654371-876","https://kil.gserp.id/goods-manage","","BJD00098","LA COLATTE - Body Mask","0.00","876","-","Barang Jadi","pcs","https://kil.gserp.id/uploads/default.png"
"1788654371-877","https://kil.gserp.id/goods-manage","","BJD00099","LA COLATTE - Body Serum","0.00","877","-","Barang Jadi","pcs","https://kil.gserp.id/uploads/default.png"
"1788654371-878","https://kil.gserp.id/goods-manage","","BJD00100","Valossa - Glutha Dhine Shower gel","0.00","878","-","Barang Jadi","pcs","https://kil.gserp.id/uploads/default.png"
"1788654371-879","https://kil.gserp.id/goods-manage","","BJD00101","Valossa - Glutha Shine shower gel","0.00","879","-","Barang Jadi","pcs","https://kil.gserp.id/uploads/default.png"
"1788654371-880","https://kil.gserp.id/goods-manage","","BJD00102","Valossa - Glutha Shine Shower gel","0.00","880","-","Barang Jadi","pcs","https://kil.gserp.id/uploads/default.png"
"1788654371-881","https://kil.gserp.id/goods-manage","","BJD00103","Valossa - Glutha shine shower gel","0.00","881","-","Barang Jadi","pcs","https://kil.gserp.id/uploads/default.png"
"1788654371-882","https://kil.gserp.id/goods-manage","","BJD00104","VALOSSA - Glutha shine shower gel","0.00","882","-","Barang Jadi","pcs","https://kil.gserp.id/uploads/default.png"
"1788654371-883","https://kil.gserp.id/goods-manage","","BJD00105","JUST BEAUTY - Miracle Brightening Essence","0.00","883","-","Barang Jadi","pcs","https://kil.gserp.id/uploads/default.png"
"1788654371-884","https://kil.gserp.id/goods-manage","","BJD00106","VousVechia - Hair Treatment Mask","0.00","884","-","Barang Jadi","pcs","https://kil.gserp.id/uploads/default.png"
"1788654371-885","https://kil.gserp.id/goods-manage","","BJD00107","TwinaRa - Perfect Stay Lip Cream (Seoul Velvet 10)","0.00","885","-","Barang Jadi","pcs","https://kil.gserp.id/uploads/default.png"
"1788654371-886","https://kil.gserp.id/goods-manage","","BJD00108","TwinaRa - Perfect Stay Lip Cream (Banchan Berry 17)","0.00","886","-","Barang Jadi","pcs","https://kil.gserp.id/uploads/default.png"
"1788654371-887","https://kil.gserp.id/goods-manage","","BJD00109","TwinaRa - Perfect Stay Lip Cream (Monaco Mauve 18)","0.00","887","-","Barang Jadi","pcs","https://kil.gserp.id/uploads/default.png"
"1788654371-888","https://kil.gserp.id/goods-manage","","BJD00110","SIXOLIC - EDP Mysteriosa (My Dream)","0.00","888","-","Barang Jadi","pcs","https://kil.gserp.id/uploads/default.png"
"1788654371-889","https://kil.gserp.id/goods-manage","","BJD00111","SIXOLIC - EDP Lacoste (Everest)","0.00","889","-","Barang Jadi","pcs","https://kil.gserp.id/uploads/default.png"
"1788654371-890","https://kil.gserp.id/goods-manage","","BJD00112","SIXOLIC - EDP Dior Sauvage (Elixir)","0.00","890","-","Barang Jadi","pcs","https://kil.gserp.id/uploads/default.png"
"1788654371-891","https://kil.gserp.id/goods-manage","","BJD00113","SIXOLIC - EDP Vanila Ice (Twilight)","0.00","891","-","Barang Jadi","pcs","https://kil.gserp.id/uploads/default.png"
"1788654371-892","https://kil.gserp.id/goods-manage","","BJD00114","YUMA BEAUTY - GREEN TEA DEODORANT SPRAY","0.00","892","-","Barang Jadi","pcs","https://kil.gserp.id/uploads/default.png"
"1788654371-893","https://kil.gserp.id/goods-manage","","BJD00115","YUMA BEAUTY - GREEN TEA DEODORANT SPRAY","0.00","893","-","Barang Jadi","pcs","https://kil.gserp.id/uploads/default.png"
"1788654371-894","https://kil.gserp.id/goods-manage","","BJD00116","YUMA BEAUTY - GREEN TEA DEODORANT SPRAY","0.00","894","-","Barang Jadi","pcs","https://kil.gserp.id/uploads/default.png"
"1788654371-895","https://kil.gserp.id/goods-manage","","BJD00117","YUMA BEAUTY - GREEN TEA DEODORANT SPRAY","0.00","895","-","Barang Jadi","pcs","https://kil.gserp.id/uploads/default.png"
"1788654371-896","https://kil.gserp.id/goods-manage","","BJD00118","YUMA BEAUTY - GREEN TEA DEODORANT SPRAY","0.00","896","-","Barang Jadi","pcs","https://kil.gserp.id/uploads/default.png"
"1788654371-897","https://kil.gserp.id/goods-manage","","BJD00119","VousVechia - Hair Treatment Mask","0.00","897","-","Barang Jadi","pcs","https://kil.gserp.id/uploads/default.png"
"1788654371-898","https://kil.gserp.id/goods-manage","","BJD00120","VousVechia - Hair Treatment Mask","0.00","898","-","Barang Jadi","pcs","https://kil.gserp.id/uploads/default.png"
"1788654371-899","https://kil.gserp.id/goods-manage","","BJD00121","YUMA BEAUTY - Greren Tea Deodorant Spray","0.00","899","-","Barang Jadi","pcs","https://kil.gserp.id/uploads/default.png"
"1788654371-900","https://kil.gserp.id/goods-manage","","BJD00122","AISHA V CARE - V Parfume Ulitamte Romance","0.00","900","-","Barang Jadi","pcs","https://kil.gserp.id/uploads/default.png"
"1788654371-901","https://kil.gserp.id/goods-manage","","BJD00123","SENSESOUL - Ehancing Curl Cream","0.00","901","-","Barang Jadi","pcs","https://kil.gserp.id/uploads/default.png"
"1788654371-902","https://kil.gserp.id/goods-manage","","BJD00124","TAZZI - Infused Whitening Booster AHA Serum","0.00","902","-","Barang Jadi","pcs","https://kil.gserp.id/uploads/default.png"
"1788654371-903","https://kil.gserp.id/goods-manage","","BJD00125","INARAZHU - HydraGlow Sleeping Mask","0.00","903","-","Barang Jadi","pcs","https://kil.gserp.id/uploads/default.png"
"1788654371-904","https://kil.gserp.id/goods-manage","","BJD00126","JE SUI - Extrait Dior Blooming (Be You)","0.00","904","-","Barang Jadi","pcs","https://kil.gserp.id/uploads/default.png"
"1788654371-905","https://kil.gserp.id/goods-manage","","BJD00127","JE SUI - Extrait Dior Sauvage (h&f)","0.00","905","-","Barang Jadi","pcs","https://kil.gserp.id/uploads/default.png"
"1788654371-906","https://kil.gserp.id/goods-manage","","BJD00128","JE SUI - Extrait 212 MAN (Nocturno)","0.00","906","-","Barang Jadi","pcs","https://kil.gserp.id/uploads/default.png"
"1788654371-907","https://kil.gserp.id/goods-manage","","BJD00129","SUN PURE PROTECTION","0.00","907","-","Barang Jadi","pcs","https://kil.gserp.id/uploads/default.png"
"1788654371-908","https://kil.gserp.id/goods-manage","","BJD00130","HYDRA MARINE MOISTURIZER","0.00","908","-","Barang Jadi","pcs","https://kil.gserp.id/uploads/default.png"
"1788654371-909","https://kil.gserp.id/goods-manage","","BJD00131","TARIE BEAUTY - SKIN REFRESHING FACE WASH","0.00","909","-","Barang Jadi","pcs","https://kil.gserp.id/uploads/default.png"
"1788654371-910","https://kil.gserp.id/goods-manage","","BJD00132","TARIE BEAUTY - NOURISHING FACE TONER","0.00","910","-","Barang Jadi","pcs","https://kil.gserp.id/uploads/default.png"
"1788654371-911","https://kil.gserp.id/goods-manage","","BJD00133","TARIE BEAUTY - PERFECT GLOW NIGHT CREAM","0.00","911","-","Barang Jadi","pcs","https://kil.gserp.id/uploads/default.png"
"1788654371-912","https://kil.gserp.id/goods-manage","","BJD00134","TARIE BEAUTY - DAILY GLOW DY CREA","0.00","912","-","Barang Jadi","pcs","https://kil.gserp.id/uploads/default.png"
"1788654371-913","https://kil.gserp.id/goods-manage","","BJD00135","TARIE BEAUTY - BRIGHT & GLOW FACE SERUM","0.00","913","-","Barang Jadi","pcs","https://kil.gserp.id/uploads/default.png"
"1788654371-914","https://kil.gserp.id/goods-manage","","BJD00136","LABERIA - AHA EXFOLIATING BODY SERUM PREMIUM","0.00","914","-","Barang Jadi","pcs","https://kil.gserp.id/uploads/default.png"
"1788654371-915","https://kil.gserp.id/goods-manage","","BJD00137","LII NAZEL - BRIGHTENING BODY LOTION","0.00","915","-","Barang Jadi","pcs","https://kil.gserp.id/uploads/default.png"
"1788654371-916","https://kil.gserp.id/goods-manage","","BJD00138","LII NAZEL - BRIGHTENING BODY LOTION","0.00","916","-","Barang Jadi","pcs","https://kil.gserp.id/uploads/default.png"
"1788654371-917","https://kil.gserp.id/goods-manage","","BJD00139","CHLOE GREEN - BRIGHTENING SLEEPING MASK","0.00","917","-","Barang Jadi","pcs","https://kil.gserp.id/uploads/default.png"
"1788654371-918","https://kil.gserp.id/goods-manage","","BJD00140","GLAMELY - AMBREVO","0.00","918","-","Barang Jadi","pcs","https://kil.gserp.id/uploads/default.png"
"1788654371-919","https://kil.gserp.id/goods-manage","","BJD00141","GLAMELY - MADAGASCAR","0.00","919","-","Barang Jadi","pcs","https://kil.gserp.id/uploads/default.png"
"1788654371-920","https://kil.gserp.id/goods-manage","","BJD00142","GLAMELY - ECLAT","0.00","920","-","Barang Jadi","pcs","https://kil.gserp.id/uploads/default.png"
"1788654371-921","https://kil.gserp.id/goods-manage","","BJD00143","BEBIBOSTER - Nano Booster Advanced Whitening Body Lotion","0.00","921","-","Barang Jadi","pcs","https://kil.gserp.id/uploads/default.png"
"1788654371-922","https://kil.gserp.id/goods-manage","","BJD00144","ORIORE - COOLING SHOOTE","0.00","922","-","Barang Jadi","pcs","https://kil.gserp.id/uploads/default.png"
"1788654371-923","https://kil.gserp.id/goods-manage","","BJD00145","ORIORE - RIHLA SUNSCREEN","0.00","923","-","Barang Jadi","pcs","https://kil.gserp.id/uploads/default.png"
"1788654371-924","https://kil.gserp.id/goods-manage","","BJD00146","MAMIMOON - Intimate Cleansing Foam (with PH Balance)","0.00","924","-","Barang Jadi","pcs","https://kil.gserp.id/uploads/default.png"
"1788654371-925","https://kil.gserp.id/goods-manage","","BJD00147","MAMIMOON - Intimate Glow Serum","0.00","925","-","Barang Jadi","pcs","https://kil.gserp.id/uploads/default.png"
"1788654371-926","https://kil.gserp.id/goods-manage","","BJD00148","MAMIMOON - Intimate Brightening Moisturizer","0.00","926","-","Barang Jadi","pcs","https://kil.gserp.id/uploads/default.png"
"1788654371-927","https://kil.gserp.id/goods-manage","","BJD00149","LA'WO - DERMA BRIGHT CREAM","0.00","927","-","Barang Jadi","pcs","https://kil.gserp.id/uploads/default.png"
"1788654371-928","https://kil.gserp.id/goods-manage","","BJD00150","BEBIBOSTER - Nano Booster Advanced Whitening Body Lotion","0.00","928","-","Barang Jadi","pcs","https://kil.gserp.id/uploads/default.png"
"1788654371-929","https://kil.gserp.id/goods-manage","","BJD00151","BEBIBOSTER - Nano Booster Advanced Whitening Body Lotion","0.00","929","-","Barang Jadi","pcs","https://kil.gserp.id/uploads/default.png"
"1788654371-930","https://kil.gserp.id/goods-manage","","BJD00152","ARF - WHITENING BODY CREAM","0.00","930","-","Barang Jadi","pcs","https://kil.gserp.id/uploads/default.png"
"1788654371-931","https://kil.gserp.id/goods-manage","","BJD00153","N&Q - FRESH BLOOM FACIAL WASH","0.00","931","-","Barang Jadi","pcs","https://kil.gserp.id/uploads/default.png"
"1788654371-932","https://kil.gserp.id/goods-manage","","BJD00154","N&Q - BRIGHTVITA MOISTURIZER","0.00","932","-","Barang Jadi","pcs","https://kil.gserp.id/uploads/default.png"
"1788654371-933","https://kil.gserp.id/goods-manage","","BJD00155","N&Q - SKIN BLOOM CREAM WITH UV PROTECTION","0.00","933","-","Barang Jadi","pcs","https://kil.gserp.id/uploads/default.png"
"1788654371-934","https://kil.gserp.id/goods-manage","","BJD00156","N&Q - BRIGHTENING FACE TONER","0.00","934","-","Barang Jadi","pcs","https://kil.gserp.id/uploads/default.png"
"1788654371-935","https://kil.gserp.id/goods-manage","","BJD00157","SHOMEWHERE - EXTRAIT MEMORIES (NAGITAVI)","0.00","935","-","Barang Jadi","pcs","https://kil.gserp.id/uploads/default.png"
"1788654371-936","https://kil.gserp.id/goods-manage","","BJD00158","SHOMEWHERE - EXTRAIT MAGICAL (CREED ADVENTUS)","0.00","936","-","Barang Jadi","pcs","https://kil.gserp.id/uploads/default.png"
"1788654371-937","https://kil.gserp.id/goods-manage","","BJD00159","SOMEWHERE - EXTRAIT TREASURE (BLACK OPIUM)","0.00","937","-","Barang Jadi","pcs","https://kil.gserp.id/uploads/default.png"
"1788654371-938","https://kil.gserp.id/goods-manage","","BJD00160","SOMEWHERE - EXTRAIT IMAGINATION (ROMANTIC WISH)","0.00","938","-","Barang Jadi","pcs","https://kil.gserp.id/uploads/default.png"
"1788654371-939","https://kil.gserp.id/goods-manage","","BJD00161","SOMEWHERE - EXTRAIT PEACEFUL (AIGNER BLUE)","0.00","939","-","Barang Jadi","pcs","https://kil.gserp.id/uploads/default.png"
"1788654371-940","https://kil.gserp.id/goods-manage","","BJD00162","RSO - HYDRA GLOW DAY CREAM","0.00","940","-","Barang Jadi","pcs","https://kil.gserp.id/uploads/default.png"
"1788654371-941","https://kil.gserp.id/goods-manage","","BJD00163","RSO - FACE SERUM","0.00","941","-","Barang Jadi","pcs","https://kil.gserp.id/uploads/default.png"
"1788654371-942","https://kil.gserp.id/goods-manage","","BJD00164","RSO - FACE WASH","0.00","942","-","Barang Jadi","pcs","https://kil.gserp.id/uploads/default.png"
"1788654371-943","https://kil.gserp.id/goods-manage","","BJD00165","RSO - FACE TONER","0.00","943","-","Barang Jadi","pcs","https://kil.gserp.id/uploads/default.png"
"1788654371-944","https://kil.gserp.id/goods-manage","","BJD00166","RSO - NIGHT CREAM","0.00","944","-","Barang Jadi","pcs","https://kil.gserp.id/uploads/default.png"
"1788654371-945","https://kil.gserp.id/goods-manage","","BJD00167","APPEUMARIE - ODATE","0.00","945","-","Barang Jadi","pcs","https://kil.gserp.id/uploads/default.png"
"1788654371-946","https://kil.gserp.id/goods-manage","","BJD00168","APPEUMARIE - ANJO","0.00","946","-","Barang Jadi","pcs","https://kil.gserp.id/uploads/default.png"
"1788654371-947","https://kil.gserp.id/goods-manage","","BJD00169","APPEUMARIE - OKINAWA","0.00","947","-","Barang Jadi","pcs","https://kil.gserp.id/uploads/default.png"
"1788654371-948","https://kil.gserp.id/goods-manage","","BJD00170","APPEUMARIE - KYOTO","0.00","948","-","Barang Jadi","pcs","https://kil.gserp.id/uploads/default.png"
"1788654371-949","https://kil.gserp.id/goods-manage","","BJD00171","LUXETHINC - AHA BODY SERUM","0.00","949","-","Barang Jadi","pcs","https://kil.gserp.id/uploads/default.png"
"1788654371-950","https://kil.gserp.id/goods-manage","","BJD00172","C'KEL - HydraGlow Gentle Face Cleanser with Propolis Extract","0.00","950","-","Barang Jadi","pcs","https://kil.gserp.id/uploads/default.png"
"1788654371-951","https://kil.gserp.id/goods-manage","","BJD00173","C'KEL - Calm & Bright Essence Toner","0.00","951","-","Barang Jadi","pcs","https://kil.gserp.id/uploads/default.png"
"1788654371-952","https://kil.gserp.id/goods-manage","","BJD00174","C'KEL - Hyaluna Barrier Moisturizer Gel with Niacinamide 5%","0.00","952","-","Barang Jadi","pcs","https://kil.gserp.id/uploads/default.png"
"1788654371-953","https://kil.gserp.id/goods-manage","","BJD00175","C'KEL - Brightcare Daily Cream","0.00","953","-","Barang Jadi","pcs","https://kil.gserp.id/uploads/default.png"
"1788654371-954","https://kil.gserp.id/goods-manage","","BJD00176","C'KEL - CentaBright Face Serum with Niacinamide 5%","0.00","954","-","Barang Jadi","pcs","https://kil.gserp.id/uploads/default.png"
"1788654371-955","https://kil.gserp.id/goods-manage","","BJD00177","SPREZZATA - Day Lotion With UV","0.00","955","-","Barang Jadi","pcs","https://kil.gserp.id/uploads/default.png"
"1788654371-956","https://kil.gserp.id/goods-manage","","BJD00178","SPREZZATA - Whitening Night Lotion With AHA","0.00","956","-","Barang Jadi","pcs","https://kil.gserp.id/uploads/default.png"
"1788654371-957","https://kil.gserp.id/goods-manage","","BJD00179","SPREZZATA - Calm Soothing Body Serum","0.00","957","-","Barang Jadi","pcs","https://kil.gserp.id/uploads/default.png"
"1788654371-958","https://kil.gserp.id/goods-manage","","BJD00180","SPREZZATA - Body Mist With Aloevera Extract","0.00","958","-","Barang Jadi","pcs","https://kil.gserp.id/uploads/default.png"
"1788654371-959","https://kil.gserp.id/goods-manage","","BJD00181","MADALV - Dark Spot Cream","0.00","959","-","Barang Jadi","pcs","https://kil.gserp.id/uploads/default.png"
"1788654371-960","https://kil.gserp.id/goods-manage","","BJD00182","KQQ BEAUTY - Brigtening Barrier Treatment Serum","0.00","960","-","Barang Jadi","pcs","https://kil.gserp.id/uploads/default.png"
"1788654371-961","https://kil.gserp.id/goods-manage","","BJD00183","KQQ BEAUTY - Brigtening Barrier Treatment Serum (Vial 5ml)","0.00","961","-","Barang Jadi","pcs","https://kil.gserp.id/uploads/default.png"
"1788654371-962","https://kil.gserp.id/goods-manage","","KPR00257","Botol Toner Frosted Tutup Gold","5,000.00","962","-","Kemasan Primer","pcs","https://kil.gserp.id/uploads/common/202601/3735de30dae4113589699f6df5289fc9.PNG"
"1788654371-963","https://kil.gserp.id/goods-manage","","BJD00184","AUREA - EMBER LUSH","0.00","963","-","Barang Jadi","pcs","https://kil.gserp.id/uploads/default.png"
"1788654371-964","https://kil.gserp.id/goods-manage","","BJD00185","AUREA - ARDEN NOIR","0.00","964","-","Barang Jadi","pcs","https://kil.gserp.id/uploads/default.png"
"1788654371-965","https://kil.gserp.id/goods-manage","","BJD00186","AUREA - NOCTIS BLOOM","0.00","965","-","Barang Jadi","pcs","https://kil.gserp.id/uploads/default.png"
"1788654371-966","https://kil.gserp.id/goods-manage","","BJD00187","SIGVIOLET - Heracles Foam Cleanser","0.00","966","-","Barang Jadi","pcs","https://kil.gserp.id/uploads/default.png"
"1788654371-967","https://kil.gserp.id/goods-manage","","BJD00188","LABBOL - Hair Serum 3% + Std Box","0.00","967","-","Barang Jadi","pcs","https://kil.gserp.id/uploads/default.png"
"1788654371-968","https://kil.gserp.id/goods-manage","","BJD00189","LABBOL - Hair Serum 5% + Std Box","0.00","968","-","Barang Jadi","pcs","https://kil.gserp.id/uploads/default.png"
"1788654371-969","https://kil.gserp.id/goods-manage","","BJD00190","LABBOL - Hair Tonic + Std Box","0.00","969","-","Barang Jadi","pcs","https://kil.gserp.id/uploads/default.png"
"1788654371-970","https://kil.gserp.id/goods-manage","","BJD00191","LABBOL - Hair Shampoo","0.00","970","-","Barang Jadi","pcs","https://kil.gserp.id/uploads/default.png"
"1788654371-971","https://kil.gserp.id/goods-manage","","BJD00192","SIGVIOLET - Refreshingly & Nourishing Shampoo","0.00","971","-","Barang Jadi","pcs","https://kil.gserp.id/uploads/default.png"
"1788654371-972","https://kil.gserp.id/goods-manage","","BJD00193","SENSESOUL - Phytonutrients Scalp & Hair Oil","0.00","972","-","Barang Jadi","pcs","https://kil.gserp.id/uploads/default.png"
"1788654371-973","https://kil.gserp.id/goods-manage","","BJD00194","2In's - Tinted Sunscreen (SUNEXPERT)","0.00","973","-","Barang Jadi","pcs","https://kil.gserp.id/uploads/default.png"
"1788654371-974","https://kil.gserp.id/goods-manage","","BJD00195","BUNBUN UMAR - Chigemoy Extrait De Parfume","0.00","974","-","Barang Jadi","pcs","https://kil.gserp.id/uploads/default.png"
"1788654371-975","https://kil.gserp.id/goods-manage","","BJD00196","BUNBUN UMAR - Chiimit Extrait De Parfume","0.00","975","-","Barang Jadi","pcs","https://kil.gserp.id/uploads/default.png"
"1788654371-976","https://kil.gserp.id/goods-manage","","BJD00197","GLEAMBEAM - Peeling Spray","0.00","976","-","Barang Jadi","pcs","https://kil.gserp.id/uploads/default.png"
"1788654371-977","https://kil.gserp.id/goods-manage","","BJD00198","SEDUCTIVE - Savara Extrait de Parfum","0.00","977","-","Barang Jadi","pcs","https://kil.gserp.id/uploads/default.png"
"1788654371-978","https://kil.gserp.id/goods-manage","","BJD00199","SEDUCTIVE - Floral Bloom Extrait de Parfum","0.00","978","-","Barang Jadi","pcs","https://kil.gserp.id/uploads/default.png"
"1788654371-979","https://kil.gserp.id/goods-manage","","BJD00200","SEDUCTIVE - Vanilla Breeze Extrait de Parfum","0.00","979","-","Barang Jadi","pcs","https://kil.gserp.id/uploads/default.png"
"1788654371-980","https://kil.gserp.id/goods-manage","","BJD00201","SEDUCTIVE - Mad Oud Extrait de Parfum","0.00","980","-","Barang Jadi","pcs","https://kil.gserp.id/uploads/default.png"
"1788654371-981","https://kil.gserp.id/goods-manage","","BJD00202","SEDUCTIVE - Luxore Extrait de Parfum","0.00","981","-","Barang Jadi","pcs","https://kil.gserp.id/uploads/default.png"
"1788654371-982","https://kil.gserp.id/goods-manage","","BJD00203","GUZEL NOORE - Moist & Protect Day Cream","0.00","982","-","Barang Jadi","pcs","https://kil.gserp.id/uploads/default.png"
"1788654371-983","https://kil.gserp.id/goods-manage","","BJD00204","GUZEL NOORE - Triple Bright Night Cream with Sakura Extract","0.00","983","-","Barang Jadi","pcs","https://kil.gserp.id/uploads/default.png"
"1788654371-984","https://kil.gserp.id/goods-manage","","BJD00205","GUZEL NOORE - Moist and Bright Face Wash","0.00","984","-","Barang Jadi","pcs","https://kil.gserp.id/uploads/default.png"
"1788654371-985","https://kil.gserp.id/goods-manage","","BJD00206","GUZEL NOORE - Bright Solution Face Serum with Hexylresorcinol","0.00","985","-","Barang Jadi","pcs","https://kil.gserp.id/uploads/default.png"
"1788654371-986","https://kil.gserp.id/goods-manage","","BJD00207","GUZEL NOORE - Bright & Soothing Essence Toner","0.00","986","-","Barang Jadi","pcs","https://kil.gserp.id/uploads/default.png"
"1788654371-987","https://kil.gserp.id/goods-manage","","BBK00336","Sensfeel","3,145.50","987","-","Bahan Baku","gr","https://kil.gserp.id/uploads/default.png"
"1788654371-988","https://kil.gserp.id/goods-manage","","KPR00258","Pot Cream Round Jar Ungu","3,200.00","988","-","Kemasan Primer","pcs","https://kil.gserp.id/uploads/common/202601/fcef0146c960fed6a286d2517fb122bc.PNG"
"1788654371-989","https://kil.gserp.id/goods-manage","","BJD00208","MEERAND - EXTAIT ELC","0.00","989","-","Barang Jadi","pcs","https://kil.gserp.id/uploads/default.png"
"1788654371-990","https://kil.gserp.id/goods-manage","","BJD00209","MEERAND - EXTRAIT NIGHT CLUB","0.00","990","-","Barang Jadi","pcs","https://kil.gserp.id/uploads/default.png"
"1788654371-991","https://kil.gserp.id/goods-manage","","BJD00210","MEERAND - EXTRAIT MADEMOIZE","0.00","991","-","Barang Jadi","pcs","https://kil.gserp.id/uploads/default.png"
"1788654371-992","https://kil.gserp.id/goods-manage","","BJD00211","MEERAND - EXTRAIT 5.4.0","0.00","992","-","Barang Jadi","pcs","https://kil.gserp.id/uploads/default.png"
"1788654371-993","https://kil.gserp.id/goods-manage","","BJD00212","MEERAND - BEXTRAIT BLLION MAN","0.00","993","-","Barang Jadi","pcs","https://kil.gserp.id/uploads/default.png"
"1788654371-994","https://kil.gserp.id/goods-manage","","BJD00213","MEERAND - EXTRAIT LUST","0.00","994","-","Barang Jadi","pcs","https://kil.gserp.id/uploads/default.png"
"1788654371-995","https://kil.gserp.id/goods-manage","","BJD00214","MEERAND - EXTRAIT GOOD GIRL","0.00","995","-","Barang Jadi","pcs","https://kil.gserp.id/uploads/default.png"
"1788654371-996","https://kil.gserp.id/goods-manage","","BJD00215","MEERAND EXTRAIT DARK OPIUM","0.00","996","-","Barang Jadi","pcs","https://kil.gserp.id/uploads/default.png"
"1788654371-997","https://kil.gserp.id/goods-manage","","BJD00216","MEERAND - EXTRAIT XHAPPIRE","0.00","997","-","Barang Jadi","pcs","https://kil.gserp.id/uploads/default.png"
"1788654371-998","https://kil.gserp.id/goods-manage","","BJD00217","MEERAND - SCURILOUS","0.00","998","-","Barang Jadi","pcs","https://kil.gserp.id/uploads/default.png"
"1788654371-999","https://kil.gserp.id/goods-manage","","BJD00218","MEERAND - EXTRAIT ROMANTIC PASSION","0.00","999","-","Barang Jadi","pcs","https://kil.gserp.id/uploads/default.png"
"1788654371-1000","https://kil.gserp.id/goods-manage","","BJD00219","MEERAND - EXTRAIT MIDNIGHT OUD","0.00","1000","-","Barang Jadi","pcs","https://kil.gserp.id/uploads/default.png"
"1788654371-1001","https://kil.gserp.id/goods-manage","","BJD00220","SIGVIOLET - Heracles Foam Cleanser (RO Mei 2025 - 5000pcs)","0.00","1001","-","Barang Jadi","pcs","https://kil.gserp.id/uploads/default.png"
"1788654371-1002","https://kil.gserp.id/goods-manage","","BBK00337","Tegosoft DEC","400.00","1002","-","Bahan Baku","gr","https://kil.gserp.id/uploads/default.png"
"1788654371-1003","https://kil.gserp.id/goods-manage","","BJD00221","AFQA - BRAVE","0.00","1003","-","Barang Jadi","pcs","https://kil.gserp.id/uploads/default.png"
"1788654371-1004","https://kil.gserp.id/goods-manage","","BJD00222","AFQA - GRACE","0.00","1004","-","Barang Jadi","pcs","https://kil.gserp.id/uploads/default.png"
"1788654371-1005","https://kil.gserp.id/goods-manage","","BJD00223","AFQA - VALARY","0.00","1005","-","Barang Jadi","pcs","https://kil.gserp.id/uploads/default.png"
"1788654371-1006","https://kil.gserp.id/goods-manage","","BJD00224","ITNOB - HAND CREAM FRANGIPANI","0.00","1006","-","Barang Jadi","pcs","https://kil.gserp.id/uploads/default.png"
"1788654371-1007","https://kil.gserp.id/goods-manage","","BJD00225","SIGVIOLET - Helios Hair Tonic (RO 02/Mei/2025 - 500pcs)","0.00","1007","-","Barang Jadi","pcs","https://kil.gserp.id/uploads/default.png"
"1788654371-1008","https://kil.gserp.id/goods-manage","","BJD00226","SIGVIOLET - Helios Hair Tonic (RO 19/Mei/2025 - 500pcs)","0.00","1008","-","Barang Jadi","pcs","https://kil.gserp.id/uploads/default.png"
"1788654371-1009","https://kil.gserp.id/goods-manage","","KPR00259","ZAZA JAP V/F RT 67371 (Zara Elegantly Tokyo)","503.40","1009","-","Kemasan Primer","gr","https://kil.gserp.id/uploads/default.png"
"1788654371-1010","https://kil.gserp.id/goods-manage","","KPR00260","Pot Putih Pet Tebal 15gr","0.00","1010","-","Kemasan Primer","pcs","https://kil.gserp.id/uploads/common/202601/1143cd95a41a9e5c0a9ce8b981b7a8b1.PNG"
"1788654371-1011","https://kil.gserp.id/goods-manage","","KPR00261","Spray Clear Neck 18","0.00","1011","-","Kemasan Primer","","https://kil.gserp.id/uploads/common/202601/38f649c80940f028ea195288b0ea9f73.PNG"
"1788654371-1012","https://kil.gserp.id/goods-manage","","KPR00262","Botol Pet 100ml Hitam","1,250.00","1012","-","Kemasan Primer","","https://kil.gserp.id/uploads/common/202601/bdd705aeb79fcae195881f350311d45b.PNG"
"1788654371-1013","https://kil.gserp.id/goods-manage","","BBK00338","Sealrose","2,100.00","1013","-","Bahan Baku","gr","https://kil.gserp.id/uploads/default.png"
"1788654371-1014","https://kil.gserp.id/goods-manage","","BBK00339","Peppermint EO (Dreamlab)","1,500.00","1014","-","Bahan Baku","gr","https://kil.gserp.id/uploads/default.png"
"1788654371-1015","https://kil.gserp.id/goods-manage","","BBK00340","Si Plus 160","2,000.00","1015","-","Bahan Baku","gr","https://kil.gserp.id/uploads/default.png"
"1788654371-1016","https://kil.gserp.id/goods-manage","","BBK00341","Tegosoft OP","2,000.00","1016","-","Bahan Baku","gr","https://kil.gserp.id/uploads/default.png"
"1788654371-1017","https://kil.gserp.id/goods-manage","","BBK00342","Coconut Passion","1,000.00","1017","-","Bahan Baku","gr","https://kil.gserp.id/uploads/default.png"
"1788654371-1018","https://kil.gserp.id/goods-manage","","BJD00227","SIGVIOLET - Refreshingly & Nourishing Shampoo (RO 27 Mei 2025 - 500pcs)","0.00","1018","-","Barang Jadi","pcs","https://kil.gserp.id/uploads/default.png"
"1788654371-1019","https://kil.gserp.id/goods-manage","","BJD00228","Good Lotion","0.00","1019","-","Barang Jadi","pcs","https://kil.gserp.id/uploads/default.png"
"1788654371-1020","https://kil.gserp.id/goods-manage","","BBK00343","Asta Luxe 1% CWS Powder","5,500.00","1020","-","Bahan Baku","gr","https://kil.gserp.id/uploads/default.png"
"1788654371-1021","https://kil.gserp.id/goods-manage","","BJD00229","AARAHDHYA - LUXURIZZ HAIR TONIC","0.00","1021","-","Barang Jadi","pcs","https://kil.gserp.id/uploads/default.png"
"1788654371-1022","https://kil.gserp.id/goods-manage","","BJD00230","LA'WO - RO JUNI DARK SPOT","0.00","1022","-","Barang Jadi","pcs","https://kil.gserp.id/uploads/default.png"
"1788654371-1023","https://kil.gserp.id/goods-manage","","BJD00231","SHABY - RO JUNI EXTRAIT PARFUME LOVER (MY WAY)","0.00","1023","-","Barang Jadi","pcs","https://kil.gserp.id/uploads/default.png"
"1788654371-1024","https://kil.gserp.id/goods-manage","","BJD00232","SHABY - RO JUNI EXTRAIT MAJESTIC ( ROMANTIC WISH )","0.00","1024","-","Barang Jadi","pcs","https://kil.gserp.id/uploads/default.png"
"1788654371-1025","https://kil.gserp.id/goods-manage","","BJD00233","SHABY - RO JUNI EXTRAIT PARFUM SECRET ADMIRER (AQUAKISS)","0.00","1025","-","Barang Jadi","pcs","https://kil.gserp.id/uploads/default.png"
"1788654371-1026","https://kil.gserp.id/goods-manage","","KPR00263","Pot Putih Tutup Melengkung 15gr with spatula","3,500.00","1026","-","Kemasan Primer","pcs","https://kil.gserp.id/uploads/common/202601/ec494037d77275885509aa8f0ba58ef3.jpeg"
"1788654371-1027","https://kil.gserp.id/goods-manage","","BBK00344","Glycoenergizer Hair","4,500.00","1027","-","Bahan Baku","gr","https://kil.gserp.id/uploads/default.png"
"1788654371-1028","https://kil.gserp.id/goods-manage","","BBK00345","Radiancyl","4,500.00","1028","-","Bahan Baku","gr","https://kil.gserp.id/uploads/default.png"
"1788654371-1029","https://kil.gserp.id/goods-manage","","BBK00346","Yulong (Dreamlab)","680.00","1029","-","Bahan Baku","gr","https://kil.gserp.id/uploads/default.png"
"1788654371-1030","https://kil.gserp.id/goods-manage","","BBK00347","Astaluxe","7,000.00","1030","-","Bahan Baku","gr","https://kil.gserp.id/uploads/default.png"
"1788654371-1031","https://kil.gserp.id/goods-manage","","KPR00264","TUTUP ZARA TUTUP GOLD","0.00","1031","-","Kemasan Primer","pcs","https://kil.gserp.id/uploads/common/202601/6b490ce078b40a458fad4e6f9beb4991.jpeg"
"1788654371-1032","https://kil.gserp.id/goods-manage","","KSR00188","Sticker Cynezdew Day Cream Dpn Blkg & Komposisi","0.00","1032","-","Kemasan Sekunder","pcs","https://kil.gserp.id/uploads/common/202601/866d959702a5f3bf42e9c9f698f19174.PNG"
"1788654371-1033","https://kil.gserp.id/goods-manage","","KSR00189","Sticker Cynezdew Serum Dpn Blkg & Komposisi","0.00","1033","-","Kemasan Sekunder","pcs","https://kil.gserp.id/uploads/common/202601/41a0580cd50e4aa3e6cad41a81473f01.PNG"
"1788654371-1034","https://kil.gserp.id/goods-manage","","KPR00265","Botol Serum 30ml Hitam","2,800.00","1034","-","Kemasan Primer","pcs","https://kil.gserp.id/uploads/common/202601/3466e1eb05b776229c45d0741bfa84e0.jpeg"
"1788654371-1035","https://kil.gserp.id/goods-manage","","KPR00266","Pump Serum Hitam","2,250.00","1035","-","Kemasan Primer","pcs","https://kil.gserp.id/uploads/common/202601/21c99966e7b954d71f0dbfce61da4116.jpeg"
"1788654371-1036","https://kil.gserp.id/goods-manage","","KPR00267","Botol 60ml Hitam","1,500.00","1036","-","Kemasan Primer","pcs","https://kil.gserp.id/uploads/common/202601/e3663ef5f5a3e71e535be60fb54607d7.jpeg"
"1788654371-1037","https://kil.gserp.id/goods-manage","","KPR00268","Tutup Nozzle Spray Hitam N24","1,200.00","1037","-","Kemasan Primer","pcs","https://kil.gserp.id/uploads/common/202601/a23995b3d2a2c440b6df19971f4fab98.jpeg"
"1788654371-1038","https://kil.gserp.id/goods-manage","","BJD00234","Face foam sigviolet","0.00","1038","-","Barang Jadi","pcs","https://kil.gserp.id/uploads/default.png"
"1788654371-1039","https://kil.gserp.id/goods-manage","","BBK00348","Betelnut extract","600.00","1039","-","Bahan Baku","gr","https://kil.gserp.id/uploads/default.png"
"1788654371-1040","https://kil.gserp.id/goods-manage","","BBK00349","Candlenut / kemiri oil","250.00","1040","","Bahan Baku","gr","https://kil.gserp.id/uploads/default.png"
"1788654371-1041","https://kil.gserp.id/goods-manage","","BBK00350","Silsoft Silk","430,000.00","1041","-","Bahan Baku","gr","https://kil.gserp.id/uploads/default.png"
"1788654371-1042","https://kil.gserp.id/goods-manage","","BBK00351","Zwitsal / Baby Doll Fragrance","1,500,000.00","1042","-","Bahan Baku","gr","https://kil.gserp.id/uploads/default.png"
"1788654371-1043","https://kil.gserp.id/goods-manage","","BBK00352","Avocado Scrub Powder","600.00","1043","","Bahan Baku","gr","https://kil.gserp.id/uploads/default.png"
"1788654371-1044","https://kil.gserp.id/goods-manage","","BBK00353","Betel Nut Extract","700.00","1044","Active","Bahan Baku","gr","https://kil.gserp.id/uploads/default.png"
"1788654371-1045","https://kil.gserp.id/goods-manage","","BBK00354","Desy (Dreamlab)","1,000.00","1045","","Bahan Baku","gr","https://kil.gserp.id/uploads/default.png"
"1788654371-1046","https://kil.gserp.id/goods-manage","","BBK00356","Lactosome 55","2,800.00","1046","-","Bahan Baku","gr","https://kil.gserp.id/uploads/default.png"
"1788654371-1047","https://kil.gserp.id/goods-manage","","BBK00357","Ritz Town Fragrance","1,500,000.00","1047","-","Bahan Baku","gr","https://kil.gserp.id/uploads/default.png"
"1788654371-1048","https://kil.gserp.id/goods-manage","","BBK00358","Cellularsom CYS","2,500,000.00","1048","-","Bahan Baku","gr","https://kil.gserp.id/uploads/default.png"
"1788654371-1049","https://kil.gserp.id/goods-manage","","BBK00359","Carnuba Wax","600,000.00","1049","-","Bahan Baku","gr","https://kil.gserp.id/uploads/default.png"
"1788654371-1050","https://kil.gserp.id/goods-manage","","BJD00235","SIGVIOLET - Helios Hair Tonic (RO 03/07/2025 - 500pcs)","0.00","1050","-","Barang Jadi","pcs","https://kil.gserp.id/uploads/default.png"
"1788654371-1051","https://kil.gserp.id/goods-manage","","BBK00360","Silsoft BAPD","400.00","1051","Base","Bahan Baku","gr","https://kil.gserp.id/uploads/default.png"
"1788654371-1052","https://kil.gserp.id/goods-manage","","BBK00361","Gold Paper","2,500,000.00","1052","-","Bahan Baku","pcs","https://kil.gserp.id/uploads/default.png"
"1788654371-1053","https://kil.gserp.id/goods-manage","","BBK00362","CM DME","3,000,000.00","1053","-","Bahan Baku","gr","https://kil.gserp.id/uploads/default.png"
"1788654371-1054","https://kil.gserp.id/goods-manage","","BBK00363","Jojoba Oil","700.00","1054","","Bahan Baku","gr","https://kil.gserp.id/uploads/default.png"
"1788654371-1055","https://kil.gserp.id/goods-manage","","BJD00236","Hair Tonic","0.00","1055","-","Barang Jadi","pcs","https://kil.gserp.id/uploads/default.png"
"1788654371-1056","https://kil.gserp.id/goods-manage","","BBK00364","Stranger Man - GCF","1,400.00","1056","-","Bahan Baku","gr","https://kil.gserp.id/uploads/default.png"
"1788654371-1057","https://kil.gserp.id/goods-manage","","BJD00237","GHIMAROW - EYELASH SERUM","0.00","1057","-","Barang Jadi","pcs","https://kil.gserp.id/uploads/default.png"
"1788654371-1058","https://kil.gserp.id/goods-manage","","KPR00269","Botol Pet 20ml","1,000.00","1058","-","Kemasan Primer","pcs","https://kil.gserp.id/uploads/common/202601/0843700c95e0cc7820953d0cfd180cc2.PNG"
"1788654371-1059","https://kil.gserp.id/goods-manage","","BJD00238","NUDE BEAUTY - WHITENING BODY LOTION","0.00","1059","-","Barang Jadi","pcs","https://kil.gserp.id/uploads/default.png"
"1788654371-1060","https://kil.gserp.id/goods-manage","","BJD00239","Calm Down moisturizer","0.00","1060","-","Barang Jadi","pcs","https://kil.gserp.id/uploads/default.png"
"1788654371-1061","https://kil.gserp.id/goods-manage","","BJD00240","LA BONNETA - RO ANGEL SCHLESSER (MIDDLE EARTH)","0.00","1061","-","Barang Jadi","pcs","https://kil.gserp.id/uploads/default.png"
"1788654371-1062","https://kil.gserp.id/goods-manage","","BJD00241","LA BONNETA - RO 1920 THE ORIGIN (BLACK NOIR)","0.00","1062","-","Barang Jadi","pcs","https://kil.gserp.id/uploads/default.png"
"1788654371-1063","https://kil.gserp.id/goods-manage","","BJD00242","LA BONNETA - RO SCANDALOUS MEN (NAUGHTY SAUVAGE)","0.00","1063","-","Barang Jadi","pcs","https://kil.gserp.id/uploads/default.png"
"1788654371-1064","https://kil.gserp.id/goods-manage","","BBK00365","Mandelic Acid","928.88","1064","Active","Bahan Baku","gr","https://kil.gserp.id/uploads/default.png"
"1788654371-1065","https://kil.gserp.id/goods-manage","","BBK00366","piper betel / betel leaf essential oil","3,000,000.00","1065","-","Bahan Baku","gr","https://kil.gserp.id/uploads/default.png"
"1788654371-1066","https://kil.gserp.id/goods-manage","","BJD00243","AURAJUNE - FACEWASH","0.00","1066","-","Barang Jadi","pcs","https://kil.gserp.id/uploads/default.png"
"1788654371-1067","https://kil.gserp.id/goods-manage","","BJD00244","AURAJUNE - FACE SERUM","0.00","1067","-","Barang Jadi","pcs","https://kil.gserp.id/uploads/default.png"
"1788654371-1068","https://kil.gserp.id/goods-manage","","BJD00245","AURAJUNE - NIGHTCREAM","0.00","1068","-","Barang Jadi","pcs","https://kil.gserp.id/uploads/default.png"
"1788654371-1069","https://kil.gserp.id/goods-manage","","BJD00246","AURAJUNE - SUNSCREEN / DAYCREAM","0.00","1069","-","Barang Jadi","pcs","https://kil.gserp.id/uploads/default.png"
"1788654371-1070","https://kil.gserp.id/goods-manage","","BBK00367","Alpha Melight","10,002.16","1070","-","Bahan Baku","gr","https://kil.gserp.id/uploads/default.png"
"1788654371-1071","https://kil.gserp.id/goods-manage","","BJD00247","LA BONNETA - RO ANGEL SCHLESSER (MIDDLE EARTH)","0.00","1071","-","Barang Jadi","pcs","https://kil.gserp.id/uploads/default.png"
"1788654371-1072","https://kil.gserp.id/goods-manage","","BJD00248","LA BONNETA - RO ANGEL SCHLESSER (MIDDLE EARTH)","0.00","1072","-","Barang Jadi","pcs","https://kil.gserp.id/uploads/default.png"
"1788654371-1073","https://kil.gserp.id/goods-manage","","BJD00249","LA BONNETA - RO 1920 THE ORIGIN (BLACK NOIR)","0.00","1073","-","Barang Jadi","pcs","https://kil.gserp.id/uploads/default.png"
"1788654371-1074","https://kil.gserp.id/goods-manage","","BJD00250","LA BONNETA - RO SCANDALOUS MEN (NAUGHTY SAUVAGE)","0.00","1074","-","Barang Jadi","pcs","https://kil.gserp.id/uploads/default.png"
"1788654371-1075","https://kil.gserp.id/goods-manage","","BJD00251","MILMICHA GLOW - BRIGHT & GLOW RED JELLY MOISTURIZER","0.00","1075","-","Barang Jadi","pcs","https://kil.gserp.id/uploads/default.png"
"1788654371-1076","https://kil.gserp.id/goods-manage","","BBK00368","Latest Autumn","1,500,000.00","1076","-","Bahan Baku","gr","https://kil.gserp.id/uploads/default.png"
"1788654371-1077","https://kil.gserp.id/goods-manage","","BBK00369","Oud Ford (Dreamlab)","1,500.00","1077","Fragrance","Bahan Baku","gr","https://kil.gserp.id/uploads/default.png"
"1788654371-1078","https://kil.gserp.id/goods-manage","","BBK00370","Rose Musk (Dreamlab)","1,170.00","1078","-","Bahan Baku","gr","https://kil.gserp.id/uploads/default.png"
"1788654371-1079","https://kil.gserp.id/goods-manage","","BBK00371","Ocean Wave","1,000,000.00","1079","-","Bahan Baku","gr","https://kil.gserp.id/uploads/default.png"
"1788654371-1080","https://kil.gserp.id/goods-manage","","BBK00372","Kerascalp","3,500.00","1080","Active","Bahan Baku","gr","https://kil.gserp.id/uploads/default.png"
"1788654371-1081","https://kil.gserp.id/goods-manage","","BBK00373","Witch Hazel Extract","800.00","1081","","Bahan Baku","gr","https://kil.gserp.id/uploads/default.png"
"1788654371-1082","https://kil.gserp.id/goods-manage","","BBK00374","Merquat 550 PR","32.66","1082","-","Bahan Baku","gr","https://kil.gserp.id/uploads/default.png"
"1788654371-1083","https://kil.gserp.id/goods-manage","","BJD00252","","0.00","1083","-","Barang Jadi","pcs","https://kil.gserp.id/uploads/default.png"
"1788654371-1084","https://kil.gserp.id/goods-manage","","BJD00253","","0.00","1084","-","Barang Jadi","pcs","https://kil.gserp.id/uploads/default.png"
"1788654371-1085","https://kil.gserp.id/goods-manage","","BJD00254","","0.00","1085","-","Barang Jadi","pcs","https://kil.gserp.id/uploads/default.png"
"1788654371-1086","https://kil.gserp.id/goods-manage","","BJD00255","","0.00","1086","-","Barang Jadi","pcs","https://kil.gserp.id/uploads/default.png"
"1788654371-1087","https://kil.gserp.id/goods-manage","","BJD00256","","0.00","1087","-","Barang Jadi","pcs","https://kil.gserp.id/uploads/default.png"
"1788654371-1088","https://kil.gserp.id/goods-manage","","BJD00257","EUBELLE - NOURISHING EYELASH & EYEBROW SERUM","0.00","1088","-","Barang Jadi","pcs","https://kil.gserp.id/uploads/default.png"
"1788654371-1089","https://kil.gserp.id/goods-manage","","BJD00258","CARIVANO - ORGOGLI (NAGITAVI)","0.00","1089","-","Barang Jadi","pcs","https://kil.gserp.id/uploads/default.png"
"1788654371-1090","https://kil.gserp.id/goods-manage","","BJD00259","CARIVANO - GODIMENTO (CALM WHITE / VANILA ROSE)","0.00","1090","-","Barang Jadi","pcs","https://kil.gserp.id/uploads/default.png"
"1788654371-1091","https://kil.gserp.id/goods-manage","","BJD00260","CARIVANO - LUSSO (DIOR SAUVAGE)","0.00","1091","-","Barang Jadi","pcs","https://kil.gserp.id/uploads/default.png"
"1788654371-1092","https://kil.gserp.id/goods-manage","","BJD00261","CARIVANO - PERFEZIONE (BALI TRIP)","0.00","1092","-","Barang Jadi","pcs","https://kil.gserp.id/uploads/default.png"
"1788654371-1093","https://kil.gserp.id/goods-manage","","BJD00262","CARIVANO - FEDELTA (COSTA SPORT)","0.00","1093","-","Barang Jadi","pcs","https://kil.gserp.id/uploads/default.png"
"1788654371-1094","https://kil.gserp.id/goods-manage","","BBK00375","Black Opium GCF (Dreamlab)","0.00","1094","-","Bahan Baku","gr","https://kil.gserp.id/uploads/default.png"
"1788654371-1095","https://kil.gserp.id/goods-manage","","BBK00376","Libre (Dreamlab)","2,000.00","1095","-","Bahan Baku","gr","https://kil.gserp.id/uploads/default.png"
"1788654371-1096","https://kil.gserp.id/goods-manage","","BBK00377","Mountain Legend (Dreamlab)","1,000.00","1096","-","Bahan Baku","","https://kil.gserp.id/uploads/default.png"
"1788654371-1097","https://kil.gserp.id/goods-manage","","BJD00263","GEISSYAQUE - FACE WASH","0.00","1097","-","Barang Jadi","pcs","https://kil.gserp.id/uploads/default.png"
"1788654371-1098","https://kil.gserp.id/goods-manage","","BJD00264","HI TITI - Intimatte mask","0.00","1098","-","Barang Jadi","pcs","https://kil.gserp.id/uploads/default.png"
"1788654371-1099","https://kil.gserp.id/goods-manage","","BJD00265","LITTLE AURA - TINY BLOSSOM","0.00","1099","-","Barang Jadi","pcs","https://kil.gserp.id/uploads/default.png"
"1788654371-1100","https://kil.gserp.id/goods-manage","","BJD00266","LITTLE AURA - Vanilla Dreamy","0.00","1100","-","Barang Jadi","pcs","https://kil.gserp.id/uploads/default.png"
"1788654371-1101","https://kil.gserp.id/goods-manage","","BJD00267","GEISSYAQUE -FACE WASH","0.00","1101","-","Barang Jadi","pcs","https://kil.gserp.id/uploads/default.png"
"1788654371-1102","https://kil.gserp.id/goods-manage","","BJD00268","GeissyaQue - Face Toner","0.00","1102","-","Barang Jadi","pcs","https://kil.gserp.id/uploads/default.png"
"1788654371-1103","https://kil.gserp.id/goods-manage","","BJD00269","GeissyaQue - Day Cream","0.00","1103","-","Barang Jadi","pcs","https://kil.gserp.id/uploads/default.png"
"1788654371-1104","https://kil.gserp.id/goods-manage","","BJD00270","GEISSYAQUE - Night Cream","0.00","1104","-","Barang Jadi","pcs","https://kil.gserp.id/uploads/default.png"
"1788654371-1105","https://kil.gserp.id/goods-manage","","BJD00271","GEISSYAQUE- FACE SERUM","0.00","1105","-","Barang Jadi","pcs","https://kil.gserp.id/uploads/default.png"
"1788654371-1106","https://kil.gserp.id/goods-manage","","KPR00270","Pot Cream Elegant 30gr Merah","5,000.00","1106","-","Kemasan Primer","pcs","https://kil.gserp.id/uploads/common/202601/45fb31b0a80441bdf2b60a5a089d1210.PNG"
"1788654371-1107","https://kil.gserp.id/goods-manage","","KPR00271","Botol Inocu press 50ml cap gold","4,750.00","1107","-","Kemasan Primer","pcs","https://kil.gserp.id/uploads/common/202601/5d3cf9893f51acdd71a34ea55b78bf53.jpeg"
"1788654371-1108","https://kil.gserp.id/goods-manage","","BJD00272","SIGVIOLET - Refreshingly & Nourishing Shampoo (RO 28 Juli 2025 - 500pcs)","0.00","1108","-","Barang Jadi","pcs","https://kil.gserp.id/uploads/default.png"
"1788654371-1109","https://kil.gserp.id/goods-manage","","KPR00272","Botol Zaza 50ml Clear Semi Press Tutup Hitam","5,800.00","1109","-","Kemasan Primer","pcs","https://kil.gserp.id/uploads/common/202601/26d9362871a80c2d616c27026fb7525a.PNG"
"1788654371-1110","https://kil.gserp.id/goods-manage","","BBK00378","Genamin BTMS","350.00","1110","-","Bahan Baku","gr","https://kil.gserp.id/uploads/default.png"
"1788654371-1111","https://kil.gserp.id/goods-manage","","BJD00273","FILIRA - EXTRAIT LUXE AMOUR","0.00","1111","-","Barang Jadi","pcs","https://kil.gserp.id/uploads/default.png"
"1788654371-1112","https://kil.gserp.id/goods-manage","","BJD00274","DAIVIE - EXTRAIT 35% GIRLY (SPRING NUDE)","0.00","1112","-","Barang Jadi","pcs","https://kil.gserp.id/uploads/default.png"
"1788654371-1113","https://kil.gserp.id/goods-manage","","BJD00275","DAIVIE - EXTRAIT 35% HEAVEN ME (OBSESSION)","0.00","1113","-","Barang Jadi","pcs","https://kil.gserp.id/uploads/default.png"
"1788654371-1114","https://kil.gserp.id/goods-manage","","BBK00379","Genamin CTAC-25","1,500.00","1114","","Bahan Baku","gr","https://kil.gserp.id/uploads/default.png"
"1788654371-1115","https://kil.gserp.id/goods-manage","","BJD00276","BYUNSAENG - CONFIDENCE FOAMING FACE WASH","0.00","1115","-","Barang Jadi","pcs","https://kil.gserp.id/uploads/default.png"
"1788654371-1116","https://kil.gserp.id/goods-manage","","BJD00277","L'VENT LUXE - EXTRAIT NOIR (DIOR SAUVAGE)","0.00","1116","-","Barang Jadi","pcs","https://kil.gserp.id/uploads/default.png"
"1788654371-1117","https://kil.gserp.id/goods-manage","","BJD00278","L'VENT LUXE - EXTRAIT VELVET (VANILA ICE)","0.00","1117","-","Barang Jadi","pcs","https://kil.gserp.id/uploads/default.png"
"1788654371-1118","https://kil.gserp.id/goods-manage","","BJD00279","L'VENT LUXE - EXTRAIT TROPICALE (ZAHRAT HAWAI)","0.00","1118","-","Barang Jadi","pcs","https://kil.gserp.id/uploads/default.png"
"1788654371-1119","https://kil.gserp.id/goods-manage","","BJD00280","MOJOAYU - AURORA WHITENING FACE SERUM","0.00","1119","-","Barang Jadi","pcs","https://kil.gserp.id/uploads/default.png"
"1788654371-1120","https://kil.gserp.id/goods-manage","","BJD00281","MOJOAYU - ALL DAY CREAM","0.00","1120","-","Barang Jadi","pcs","https://kil.gserp.id/uploads/default.png"
"1788654371-1121","https://kil.gserp.id/goods-manage","","BJD00282","MOJOAYU - BRIGHTENING NIGHT SMOOTH CREAM","0.00","1121","-","Barang Jadi","pcs","https://kil.gserp.id/uploads/default.png"
"1788654371-1122","https://kil.gserp.id/goods-manage","","BJD00283","MOJOAYU - ACNE NIGHT SMOOTH CREAM","0.00","1122","-","Barang Jadi","pcs","https://kil.gserp.id/uploads/default.png"
"1788654371-1123","https://kil.gserp.id/goods-manage","","BJD00284","MOJOAYU - PURELY CLEAN FACE WASH","0.00","1123","-","Barang Jadi","pcs","https://kil.gserp.id/uploads/default.png"
"1788654371-1124","https://kil.gserp.id/goods-manage","","BJD00285","MOJOAYU - PURELY CLEAN FACE WASH","0.00","1124","-","Barang Jadi","pcs","https://kil.gserp.id/uploads/default.png"
"1788654371-1125","https://kil.gserp.id/goods-manage","","BJD00286","MOJOAYU - AURORA WHITENING FACE SERUM","0.00","1125","-","Barang Jadi","pcs","https://kil.gserp.id/uploads/default.png"
"1788654371-1126","https://kil.gserp.id/goods-manage","","BJD00287","MOJOAYU - AURORA WHITENING FACE SERUM","0.00","1126","-","Barang Jadi","pcs","https://kil.gserp.id/uploads/default.png"
"1788654371-1127","https://kil.gserp.id/goods-manage","","BJD00288","MOJOAYU - AURORA WHITENING FACE SERUM","0.00","1127","-","Barang Jadi","pcs","https://kil.gserp.id/uploads/default.png"
"1788654371-1128","https://kil.gserp.id/goods-manage","","BJD00289","MOJOAYU - AURORA WHITENING FACE SERUM","0.00","1128","-","Barang Jadi","pcs","https://kil.gserp.id/uploads/default.png"
"1788654371-1129","https://kil.gserp.id/goods-manage","","BJD00290","MOJOAYU - PURELY CLEAN FACE WASH","0.00","1129","-","Barang Jadi","pcs","https://kil.gserp.id/uploads/default.png"
"1788654371-1130","https://kil.gserp.id/goods-manage","","BJD00291","MOJOAYU - ALL DAY CREAM","0.00","1130","-","Barang Jadi","pcs","https://kil.gserp.id/uploads/default.png"
"1788654371-1131","https://kil.gserp.id/goods-manage","","BJD00292","MOJOAYU - ACNE NIGHT SMOOTH CREAM","0.00","1131","-","Barang Jadi","pcs","https://kil.gserp.id/uploads/default.png"
"1788654371-1132","https://kil.gserp.id/goods-manage","","BJD00293","MOJOAYU - BRIGHTENING NIGHT SMOOTH CREAM","0.00","1132","-","Barang Jadi","pcs","https://kil.gserp.id/uploads/default.png"
"1788654371-1133","https://kil.gserp.id/goods-manage","","BJD00294","FILIRA - EXTRAIT LUXE AMOUR (VIAL)","0.00","1133","-","Barang Jadi","pcs","https://kil.gserp.id/uploads/default.png"
"1788654371-1134","https://kil.gserp.id/goods-manage","","BJD00295","FILIRA - EXTRAIT ROX (VIAL)","0.00","1134","-","Barang Jadi","pcs","https://kil.gserp.id/uploads/default.png"
"1788654371-1135","https://kil.gserp.id/goods-manage","","BJD00296","SIRIN - GLASS SKIN DAY CREAM WITH UV FILTER","0.00","1135","-","Barang Jadi","pcs","https://kil.gserp.id/uploads/default.png"
"1788654371-1136","https://kil.gserp.id/goods-manage","","BJD00297","SIRIN - BOOST HYDRA GLOW NIGHT CREAM","0.00","1136","-","Barang Jadi","pcs","https://kil.gserp.id/uploads/default.png"
"1788654371-1137","https://kil.gserp.id/goods-manage","","BJD00298","SIRIN - HYDRATING ESSENCE TONER","0.00","1137","-","Barang Jadi","pcs","https://kil.gserp.id/uploads/default.png"
"1788654371-1138","https://kil.gserp.id/goods-manage","","BJD00299","SOO JIN - GlowWhite Body Serum","0.00","1138","-","Barang Jadi","pcs","https://kil.gserp.id/uploads/default.png"
"1788654371-1139","https://kil.gserp.id/goods-manage","","BJD00300","SOO JIN - GlowWhite Body Serum","0.00","1139","-","Barang Jadi","pcs","https://kil.gserp.id/uploads/default.png"
"1788654371-1140","https://kil.gserp.id/goods-manage","","BJD00301","SOO JIN - GlowWhite Body Serum","0.00","1140","-","Barang Jadi","pcs","https://kil.gserp.id/uploads/default.png"
"1788654371-1141","https://kil.gserp.id/goods-manage","","BJD00302","SOO JIN - Gentle Exfo & Bright Night Lotion","0.00","1141","-","Barang Jadi","pcs","https://kil.gserp.id/uploads/default.png"
"1788654371-1142","https://kil.gserp.id/goods-manage","","BJD00303","LAYINNE - FACE TONER /ESSENCE TONER","0.00","1142","-","Barang Jadi","pcs","https://kil.gserp.id/uploads/default.png"
"1788654371-1143","https://kil.gserp.id/goods-manage","","BJD00304","LAYINNE - FACE WASH","0.00","1143","-","Barang Jadi","pcs","https://kil.gserp.id/uploads/default.png"
"1788654371-1144","https://kil.gserp.id/goods-manage","","BJD00305","LAYINNE - DAY CREAM","0.00","1144","-","Barang Jadi","pcs","https://kil.gserp.id/uploads/default.png"
"1788654371-1145","https://kil.gserp.id/goods-manage","","BJD00306","LAYINNE - NIGHT CREAM","0.00","1145","-","Barang Jadi","pcs","https://kil.gserp.id/uploads/default.png"
"1788654371-1146","https://kil.gserp.id/goods-manage","","BJD00307","BE MINE - BRIGHTEN UP BODY LOTION","0.00","1146","-","Barang Jadi","pcs","https://kil.gserp.id/uploads/default.png"
"1788654371-1147","https://kil.gserp.id/goods-manage","","BJD00308","HI TITI - Intimate Mask","0.00","1147","-","Barang Jadi","pcs","https://kil.gserp.id/uploads/default.png"
"1788654371-1148","https://kil.gserp.id/goods-manage","","KPR00273","Botol Airless 30ml Pump","7,000.00","1148","-","Kemasan Primer","pcs","https://kil.gserp.id/uploads/common/202601/b4aa57e5dea9f8e41077ebda9f6faf02.PNG"
"1788654371-1149","https://kil.gserp.id/goods-manage","","BJD00309","LUNANDA - BRIGHTENING DAY LOTION","0.00","1149","-","Barang Jadi","pcs","https://kil.gserp.id/uploads/default.png"
"1788654371-1150","https://kil.gserp.id/goods-manage","","KSR00190","Sticker Belakang NAD Face Serum","1,746.00","1150","-","Kemasan Sekunder","pcs","https://kil.gserp.id/uploads/common/202601/f5af8d7c9ca2192dde02a5f5d76e0651.PNG"
"1788654371-1151","https://kil.gserp.id/goods-manage","","KSR00191","Sticker NAD Botol Face Serum Depan","582.00","1151","-","Kemasan Sekunder","pcs","https://kil.gserp.id/uploads/common/202601/c933f881c7310dd195237e5459a1df4e.PNG"
"1788654371-1152","https://kil.gserp.id/goods-manage","","KSR00192","Sticker NAD Box Depan Face Serum","582.00","1152","-","Kemasan Sekunder","pcs","https://kil.gserp.id/uploads/common/202601/885c07be7522c85445759c4296f50945.PNG"
"1788654371-1153","https://kil.gserp.id/goods-manage","","KSR00193","Sticker Belakang Face Serum Nad Transparant","330.00","1153","-","Kemasan Sekunder","pcs","https://kil.gserp.id/uploads/common/202601/66c6ac21f75e25819a3ce4d829107ad8.PNG"
"1788654371-1154","https://kil.gserp.id/goods-manage","","KSR00194","Sticker Atas NAD Glowing Series","330.00","1154","-","Kemasan Sekunder","pcs","https://kil.gserp.id/uploads/common/202601/197b421126f4d8785d8539f680b09ecf.PNG"
"1788654371-1155","https://kil.gserp.id/goods-manage","","KSR00195","Sticker NAD Glowing Series Face Wash","330.00","1155","-","Kemasan Sekunder","pcs","https://kil.gserp.id/uploads/common/202601/c913b8d8de191cbffb65c9a01f373407.PNG"
"1788654371-1156","https://kil.gserp.id/goods-manage","","KSR00196","Sticker Depan Belakang NAD Night Cream","330.00","1156","-","Kemasan Sekunder","pcs","https://kil.gserp.id/uploads/common/202601/a1863fdc196f674eceb08f8e9eb121af.PNG"
"1788654371-1157","https://kil.gserp.id/goods-manage","","KSR00197","Sticker Depan Belakang NAD Day Cream","330.00","1157","-","Kemasan Sekunder","pcs","https://kil.gserp.id/uploads/common/202601/868f6eb7f303aa7f2e440bdacdcb0dfa.PNG"
"1788654371-1158","https://kil.gserp.id/goods-manage","","KSR00198","Sticker Depan Belakang SH Glow","252.00","1158","-","Kemasan Sekunder","pcs","https://kil.gserp.id/uploads/common/202601/e300cedd9b16d70f69b687434d59762e.PNG"
"1788654371-1159","https://kil.gserp.id/goods-manage","","KSR00199","Sticker Depan Belakang Janan","252.00","1159","-","Kemasan Sekunder","pcs","https://kil.gserp.id/uploads/common/202601/90c8fca7f16760f0de19fd3a294474e7.PNG"
"1788654371-1160","https://kil.gserp.id/goods-manage","","KSR00200","Sticker Box Pink Chiffon","252.00","1160","-","Kemasan Sekunder","pcs","https://kil.gserp.id/uploads/common/202601/aa600f43f24f104780eb55f60050318b.PNG"
"1788654371-1161","https://kil.gserp.id/goods-manage","","KSR00201","Sticker Box imozu scandalous","0.00","1161","-","Kemasan Sekunder","pcs","https://kil.gserp.id/uploads/common/202602/1772248169_d45e7f3361d318547708.png"
"1788654371-1162","https://kil.gserp.id/goods-manage","","KSR00202","Sticker Batch Sensesoul Curl Cream","20.00","1162","-","Kemasan Sekunder","pcs","https://kil.gserp.id/uploads/common/202601/903605c85b36caa9d6d5d39a852d3555.PNG"
"1788654371-1163","https://kil.gserp.id/goods-manage","","KSR00203","Sticker Cynezdew Facial Wash","999.00","1163","-","Kemasan Sekunder","pcs","https://kil.gserp.id/uploads/common/202601/1b973601a6e197495b400176a187d6fa.PNG"
"1788654371-1164","https://kil.gserp.id/goods-manage","","KSR00204","Sticker Cynezdew Night Cream Dpn Blkg & Komposisi","999.00","1164","-","Kemasan Sekunder","pcs","https://kil.gserp.id/uploads/common/202601/e0efaedef6fc8db5f17e65066c98550d.PNG"
"1788654371-1165","https://kil.gserp.id/goods-manage","","KPR00274","Vial 3ml Spray Hitam","2,300.00","1165","-","Kemasan Primer","pcs","https://kil.gserp.id/uploads/common/202601/6154080262508abe0faec780fb6362bb.PNG"
"1788654371-1166","https://kil.gserp.id/goods-manage","","BJD00310","NPP - RO BODY LOTION (FORMULA TERBARU)","0.00","1166","-","Barang Jadi","pcs","https://kil.gserp.id/uploads/default.png"
"1788654371-1167","https://kil.gserp.id/goods-manage","","BBK00380","Ombre Nomad","1,000.00","1167","-","Bahan Baku","gr","https://kil.gserp.id/uploads/default.png"
"1788654371-1168","https://kil.gserp.id/goods-manage","","BJD00311","AYSKIN - EXTRAT 35% YSL LIBRE","0.00","1168","-","Barang Jadi","pcs","https://kil.gserp.id/uploads/default.png"
"1788654371-1169","https://kil.gserp.id/goods-manage","","BJD00312","AYSKIN - EXTRAT 35% DIOR BLOOMING","0.00","1169","-","Barang Jadi","pcs","https://kil.gserp.id/uploads/default.png"
"1788654371-1170","https://kil.gserp.id/goods-manage","","BJD00313","AYSKIN - EXTRAIT 35% NOMADEN / OMBRE NOMAD","0.00","1170","-","Barang Jadi","pcs","https://kil.gserp.id/uploads/default.png"
"1788654371-1171","https://kil.gserp.id/goods-manage","","BJD00314","AYSKIN - EXTRAITT 35%","0.00","1171","-","Barang Jadi","pcs","https://kil.gserp.id/uploads/default.png"
"1788654371-1172","https://kil.gserp.id/goods-manage","","BJD00315","AYSKIN - EXTRAT 35% DIOR BLOOMING","0.00","1172","-","Barang Jadi","pcs","https://kil.gserp.id/uploads/default.png"
"1788654371-1173","https://kil.gserp.id/goods-manage","","BJD00316","AYSKIN - EXTRAIT 35% NOMADEN / OMBRE NOMAD","0.00","1173","-","Barang Jadi","pcs","https://kil.gserp.id/uploads/default.png"
"1788654371-1174","https://kil.gserp.id/goods-manage","","BJD00317","AYSKIN - EXTRAITT 35% ZAHRAT HAWAI","0.00","1174","-","Barang Jadi","pcs","https://kil.gserp.id/uploads/default.png"
"1788654371-1175","https://kil.gserp.id/goods-manage","","BBK00381","Cafe 73.24453 Fragrance","1,000,000.00","1175","-","Bahan Baku","gr","https://kil.gserp.id/uploads/default.png"
"1788654371-1176","https://kil.gserp.id/goods-manage","","KPR00275","VIAL 2ML PRESS SPRAY HITAM","1,550.00","1176","-","Kemasan Primer","","https://kil.gserp.id/uploads/common/202601/f20262cc5b25e3ce768cfa175bc49d99.PNG"
"1788654371-1177","https://kil.gserp.id/goods-manage","","BJD00318","R2L - EXTRAIT BLACK OPIUM","0.00","1177","-","Barang Jadi","pcs","https://kil.gserp.id/uploads/default.png"
"1788654371-1178","https://kil.gserp.id/goods-manage","","BJD00319","R2L - EXTRAIT DIOR SAUVAGE","0.00","1178","-","Barang Jadi","pcs","https://kil.gserp.id/uploads/default.png"
"1788654371-1179","https://kil.gserp.id/goods-manage","","BJD00320","BYE BAU - DEODORANT SPRAY (PAPPERMINT)","0.00","1179","-","Barang Jadi","pcs","https://kil.gserp.id/uploads/default.png"
"1788654371-1180","https://kil.gserp.id/goods-manage","","BJD00321","BYE BAU - DEODORANT SPRAY - MINI (PAPPERMINT)","0.00","1180","-","Barang Jadi","pcs","https://kil.gserp.id/uploads/default.png"
"1788654371-1181","https://kil.gserp.id/goods-manage","","BJD00322","VESSIUS&CO - EXTRAIT MYSTERIOSA (Mystic Charm)","0.00","1181","-","Barang Jadi","pcs","https://kil.gserp.id/uploads/default.png"
"1788654371-1182","https://kil.gserp.id/goods-manage","","BJD00323","VESSIUS&CO - EXTRAIT SCANDALOUS / ORIA SCAND (Blissful)","0.00","1182","-","Barang Jadi","pcs","https://kil.gserp.id/uploads/default.png"
"1788654371-1183","https://kil.gserp.id/goods-manage","","BJD00324","VESSIUS&CO - EXTRAIT V-LUST (Passionate)","0.00","1183","-","Barang Jadi","pcs","https://kil.gserp.id/uploads/default.png"
"1788654371-1184","https://kil.gserp.id/goods-manage","","BJD00325","VESSIUS&CO - EXTRAIT SUNSHIE (Joyfull)","0.00","1184","-","Barang Jadi","pcs","https://kil.gserp.id/uploads/default.png"
"1788654371-1185","https://kil.gserp.id/goods-manage","","BJD00326","VESSIUS&CO - EXTRAIT BOSS ELEGANCE (Elegant Grace)","0.00","1185","-","Barang Jadi","pcs","https://kil.gserp.id/uploads/default.png"
"1788654371-1186","https://kil.gserp.id/goods-manage","","BJD00327","VESSIUS&CO - EXTRAIT CHANEL CHOCO (Miracle Desire)","0.00","1186","-","Barang Jadi","pcs","https://kil.gserp.id/uploads/default.png"
"1788654371-1187","https://kil.gserp.id/goods-manage","","BBK00382","Jasmine Oil EO (Dreamlab)","3,000.00","1187","","Bahan Baku","gr","https://kil.gserp.id/uploads/default.png"
"1788654371-1188","https://kil.gserp.id/goods-manage","","BBK00383","Vanilla Oil EO (Dreamlab)","3,000.00","1188","","Bahan Baku","gr","https://kil.gserp.id/uploads/default.png"
"1788654371-1189","https://kil.gserp.id/goods-manage","","BJD00328","Tarie Beauty - Perfect Brightening Lotion","0.00","1189","-","Barang Jadi","pcs","https://kil.gserp.id/uploads/default.png"
"1788654371-1190","https://kil.gserp.id/goods-manage","","BJD00329","BYE BAU - DEODORANT SPRAY (JASMINE)","0.00","1190","-","Barang Jadi","pcs","https://kil.gserp.id/uploads/default.png"
"1788654371-1191","https://kil.gserp.id/goods-manage","","BJD00330","BYE BAU - DEODORANT SPRAY - MINI (JASMINE)","0.00","1191","-","Barang Jadi","pcs","https://kil.gserp.id/uploads/default.png"
"1788654371-1192","https://kil.gserp.id/goods-manage","","BJD00331","APPEUMARIE - RO AGUSTUS PARFUM OKINAWA","0.00","1192","-","Barang Jadi","pcs","https://kil.gserp.id/uploads/default.png"
"1788654371-1193","https://kil.gserp.id/goods-manage","","BBK00384","Kukui Nut Oil","500.00","1193","Active","Bahan Baku","gr","https://kil.gserp.id/uploads/default.png"
"1788654371-1194","https://kil.gserp.id/goods-manage","","BBK00385","Castor Oil","83.00","1194","Base","Bahan Baku","gr","https://kil.gserp.id/uploads/default.png"
"1788654371-1195","https://kil.gserp.id/goods-manage","","BBK00386","Kemiri Bakar Oil","170.00","1195","","Bahan Baku","gr","https://kil.gserp.id/uploads/default.png"
"1788654371-1196","https://kil.gserp.id/goods-manage","","BBK00387","Sensomer Cassia Polymer","1,000.00","1196","","Bahan Baku","gr","https://kil.gserp.id/uploads/default.png"
"1788654371-1197","https://kil.gserp.id/goods-manage","","BBK00388","Octopirox","3,200,000.00","1197","-","Bahan Baku","gr","https://kil.gserp.id/uploads/default.png"
"1788654371-1198","https://kil.gserp.id/goods-manage","","KPR00276","Pet 30ml Putih","550.00","1198","-","Kemasan Primer","","https://kil.gserp.id/uploads/common/202601/641cd7d278d7dd7cb2204769e56fc6c6.PNG"
"1788654371-1199","https://kil.gserp.id/goods-manage","","KPR00277","Botol Serum 20ml Hitam","3,550.00","1199","-","Kemasan Primer","pcs","https://kil.gserp.id/uploads/common/202601/c677ecbe6ba66574824eb2d9d3da3ad1.PNG"
"1788654371-1200","https://kil.gserp.id/goods-manage","","KPR00278","Pipet Hitam Neck Gold","2,550.00","1200","-","Kemasan Primer","pcs","https://kil.gserp.id/uploads/common/202601/682c08881d6ddf0520ee5b01c66d0bb7.PNG"
"1788654371-1201","https://kil.gserp.id/goods-manage","","BBK00389","Geranium Essential Oil","3,000,000.00","1201","-","Bahan Baku","gr","https://kil.gserp.id/uploads/default.png"
"1788654371-1202","https://kil.gserp.id/goods-manage","","BBK00390","BBR GA 290 (PHA/ Gluconolactone)","500.00","1202","","Bahan Baku","gr","https://kil.gserp.id/uploads/default.png"
"1788654371-1203","https://kil.gserp.id/goods-manage","","KPR00279","Tutup Nozzle Spray Hitam N18","0.00","1203","-","Kemasan Primer","pcs","https://kil.gserp.id/uploads/common/202601/538cd4db86ed6734ced2e7675846232b.PNG"
"1788654371-1204","https://kil.gserp.id/goods-manage","","KPR00280","Spray Clear N24 Half Cap","700.00","1204","-","Kemasan Primer","pcs","https://kil.gserp.id/uploads/common/202601/d1d33f8c23c76dc8944f965e14b9f1b1.PNG"
"1788654371-1205","https://kil.gserp.id/goods-manage","","BJD00332","SUNLUXE - RO PARFUM INTENSE (DIOR SAUVAGE)","0.00","1205","-","Barang Jadi","pcs","https://kil.gserp.id/uploads/default.png"
"1788654371-1206","https://kil.gserp.id/goods-manage","","BJD00333","SUNLUXE - RO parfum Kharisma ( One million lucky)","0.00","1206","-","Barang Jadi","pcs","https://kil.gserp.id/uploads/default.png"
"1788654371-1207","https://kil.gserp.id/goods-manage","","BJD00334","SUNLUXE - RO PARFUM BLOSSOM ( dr blooming )","0.00","1207","-","Barang Jadi","pcs","https://kil.gserp.id/uploads/default.png"
"1788654371-1208","https://kil.gserp.id/goods-manage","","BJD00335","BYE BAU - DEODORANT SPRAY (VANILA)","0.00","1208","-","Barang Jadi","pcs","https://kil.gserp.id/uploads/default.png"
"1788654371-1209","https://kil.gserp.id/goods-manage","","BJD00336","BYE BAU - DEODORANT SPRAY - MINI (VANILA)","0.00","1209","-","Barang Jadi","pcs","https://kil.gserp.id/uploads/default.png"
"1788654371-1210","https://kil.gserp.id/goods-manage","","BBK00391","Ceresine Wax SP 254 P","0.00","1210","-","Bahan Baku","gr","https://kil.gserp.id/uploads/default.png"
"1788654371-1211","https://kil.gserp.id/goods-manage","","BJD00337","THEMS - EXTRAIT 40% OMBRE NOMADE / NOMADEN (TERRE)","0.00","1211","-","Barang Jadi","pcs","https://kil.gserp.id/uploads/default.png"
"1788654371-1212","https://kil.gserp.id/goods-manage","","BJD00338","DAIVIE - EXTRAIT 35% THE DUTCHESS (FLEUR)","0.00","1212","-","Barang Jadi","pcs","https://kil.gserp.id/uploads/default.png"
"1788654371-1213","https://kil.gserp.id/goods-manage","","BJD00339","DAIVIE - EXTRAIT 35% THE DUTCHESS (FLEUR)","0.00","1213","-","Barang Jadi","pcs","https://kil.gserp.id/uploads/default.png"
"1788654371-1214","https://kil.gserp.id/goods-manage","","KSR00205","Vinoire","2,500.00","1214","-","Kemasan Sekunder","pcs","https://kil.gserp.id/uploads/common/202601/e23ad78b2f92b644e660b03f67255549.PNG"
"1788654371-1215","https://kil.gserp.id/goods-manage","","BJD00340","THEMS - EXTRAIT 40% ""RAIN""","0.00","1215","-","Barang Jadi","pcs","https://kil.gserp.id/uploads/default.png"
"1788654371-1216","https://kil.gserp.id/goods-manage","","BJD00341","THEMS - EXTRAIT 40% OMBRE NOMADE / NOMADEN ""TERRE""","0.00","1216","-","Barang Jadi","pcs","https://kil.gserp.id/uploads/default.png"
"1788654371-1217","https://kil.gserp.id/goods-manage","","KPR00281","Tutup Chloe Pink","0.00","1217","-","Kemasan Primer","pcs","https://kil.gserp.id/uploads/common/202601/85bae826db2b5cd42135b97651803d0f.PNG"
"1788654371-1218","https://kil.gserp.id/goods-manage","","BBK00392","Microcrystalline Wax SP 19","0.00","1218","-","Bahan Baku","gr","https://kil.gserp.id/uploads/default.png"
"1788654371-1219","https://kil.gserp.id/goods-manage","","BJD00342","LA'WO - RO AGUSTUS DERMA BRIGHT CREAM","0.00","1219","-","Barang Jadi","pcs","https://kil.gserp.id/uploads/default.png"
"1788654371-1220","https://kil.gserp.id/goods-manage","","KPR00282","Botol Lelabo 30ml Hitam Semi Press","4,750.00","1220","-","Kemasan Primer","pcs","https://kil.gserp.id/uploads/common/202601/0f5f128c7a4dcdf9b7609096a1567b66.PNG"
"1788654371-1221","https://kil.gserp.id/goods-manage","","BJD00343","LABBOL - CASTOR OIL(MINYAK JARAK)","0.00","1221","-","Barang Jadi","pcs","https://kil.gserp.id/uploads/default.png"
"1788654371-1222","https://kil.gserp.id/goods-manage","","BJD00344","LABBOL - CASTOR OIL(MINYAK JARAK)","0.00","1222","-","Barang Jadi","pcs","https://kil.gserp.id/uploads/default.png"
"1788654371-1223","https://kil.gserp.id/goods-manage","","BJD00345","LABBOL - CASTOR OIL(MINYAK JARAK)","0.00","1223","-","Barang Jadi","pcs","https://kil.gserp.id/uploads/default.png"
"1788654371-1224","https://kil.gserp.id/goods-manage","","BJD00346","LABBOL - CANDLENUT OIL (MINYAK KEMIRI ORIGINAL)","0.00","1224","-","Barang Jadi","pcs","https://kil.gserp.id/uploads/default.png"
"1788654371-1225","https://kil.gserp.id/goods-manage","","BJD00347","LABBOL - ROASTED CENDLENUT OIL (MINYAK KEMIRI BAKAR)","0.00","1225","-","Barang Jadi","pcs","https://kil.gserp.id/uploads/default.png"
"1788654371-1226","https://kil.gserp.id/goods-manage","","BBK00393","SISSI Fragrance","1,000,000.00","1226","-","Bahan Baku","gr","https://kil.gserp.id/uploads/default.png"
"1788654371-1227","https://kil.gserp.id/goods-manage","","BJD00348","SENSESOUL (RO 26 Agustus 2025) - Ehancing Curl Cream","0.00","1227","-","Barang Jadi","pcs","https://kil.gserp.id/uploads/default.png"
"1788654371-1228","https://kil.gserp.id/goods-manage","","KPR00283","Botol Tazzi","14,850.00","1228","-","Kemasan Primer","pcs","https://kil.gserp.id/uploads/common/202601/5c1e3c881550d1bc6024ca5652ab4729.jpeg"
"1788654371-1229","https://kil.gserp.id/goods-manage","","BJD00349","Face foam sigviolet","0.00","1229","-","Barang Jadi","pcs","https://kil.gserp.id/uploads/default.png"
"1788654371-1230","https://kil.gserp.id/goods-manage","","BJD00350","FIRSYA - Hand & Body Tone Up","0.00","1230","-","Barang Jadi","pcs","https://kil.gserp.id/uploads/default.png"
"1788654371-1231","https://kil.gserp.id/goods-manage","","BBK00394","Ambrofix","10,339.40","1231","-","Bahan Baku","gr","https://kil.gserp.id/uploads/default.png"
"1788654371-1232","https://kil.gserp.id/goods-manage","","BBK00395","Exaltolide","7,000.00","1232","-","Bahan Baku","gr","https://kil.gserp.id/uploads/default.png"
"1788654371-1233","https://kil.gserp.id/goods-manage","","BBK00396","Classilux","1,000.00","1233","-","Bahan Baku","gr","https://kil.gserp.id/uploads/default.png"
"1788654371-1234","https://kil.gserp.id/goods-manage","","BBK00397","Saffron Dilute 10%","9,000.00","1234","-","Bahan Baku","gr","https://kil.gserp.id/uploads/default.png"
"1788654371-1235","https://kil.gserp.id/goods-manage","","BBK00398","Green Tea Luzi (Dreamlab)","850.00","1235","-","Bahan Baku","gr","https://kil.gserp.id/uploads/default.png"
"1788654371-1236","https://kil.gserp.id/goods-manage","","BBK00399","Iso E Super","1,500.00","1236","-","Bahan Baku","gr","https://kil.gserp.id/uploads/default.png"
"1788654371-1237","https://kil.gserp.id/goods-manage","","BJD00351","Little Curls Cream","0.00","1237","-","Barang Jadi","pcs","https://kil.gserp.id/uploads/default.png"
"1788654371-1238","https://kil.gserp.id/goods-manage","","BJD00352","LASOGE-LEGATUS ( DIOR SAUVAGE)","0.00","1238","-","Barang Jadi","pcs","https://kil.gserp.id/uploads/default.png"
"1788654371-1239","https://kil.gserp.id/goods-manage","","BJD00353","LASOGE - LUMORA ( YSL LIBRE )","0.00","1239","-","Barang Jadi","pcs","https://kil.gserp.id/uploads/default.png"
"1788654371-1240","https://kil.gserp.id/goods-manage","","BJD00354","LASOGE - ROSVARA ( DR BLOOMING)","0.00","1240","-","Barang Jadi","pcs","https://kil.gserp.id/uploads/default.png"
"1788654371-1241","https://kil.gserp.id/goods-manage","","BBK00400","Fragrance Ribbon Green 331 mod 2","600.00","1241","-","Bahan Baku","gr","https://kil.gserp.id/uploads/default.png"
"1788654371-1242","https://kil.gserp.id/goods-manage","","BBK00401","Zara Men (Dreamlab)","1,300.00","1242","-","Bahan Baku","gr","https://kil.gserp.id/uploads/default.png"
"1788654371-1243","https://kil.gserp.id/goods-manage","","BJD00355","LASOGE - FELIX ( ZARA JD PARFUM )","0.00","1243","-","Barang Jadi","pcs","https://kil.gserp.id/uploads/default.png"
"1788654371-1244","https://kil.gserp.id/goods-manage","","KPR00284","Botol Amber 60ml pipet hitam","2,200.00","1244","-","Kemasan Primer","pcs","https://kil.gserp.id/uploads/common/202601/a370e3f90aba698a19bfc1b9d42c382b.jpeg"
"1788654371-1245","https://kil.gserp.id/goods-manage","","BJD00356","Redence serum 3%","0.00","1245","-","Barang Jadi","pcs","https://kil.gserp.id/uploads/default.png"
"1788654371-1246","https://kil.gserp.id/goods-manage","","BJD00357","Redence serum 5%","0.00","1246","-","Barang Jadi","pcs","https://kil.gserp.id/uploads/default.png"
"1788654371-1247","https://kil.gserp.id/goods-manage","","KPR00285","Botol Serum Pink 30ml, pipet gold","8,480.00","1247","-","Kemasan Primer","pcs","https://kil.gserp.id/uploads/common/202601/75daa40cc3e5813e13a03a58dd851c3e.png"
"1788654371-1248","https://kil.gserp.id/goods-manage","","KPR00286","Jar Tinggi Pink 100gr,Tutup Gold","9,800.00","1248","-","Kemasan Primer","pcs","https://kil.gserp.id/uploads/common/202601/cee57de07c085186dca047d2222917f9.png"
"1788654371-1249","https://kil.gserp.id/goods-manage","","BJD00358","DEPTH CARE - HAIR BABY SERUM","0.00","1249","-","Barang Jadi","pcs","https://kil.gserp.id/uploads/default.png"
"1788654371-1250","https://kil.gserp.id/goods-manage","","BJD00359","LUMIRA - Daily Gentle Cleansing Micellar Water","0.00","1250","-","Barang Jadi","pcs","https://kil.gserp.id/uploads/default.png"
"1788654371-1251","https://kil.gserp.id/goods-manage","","BJD00360","LAWO - RO SEPTEMBER DARKSPOT","0.00","1251","-","Barang Jadi","pcs","https://kil.gserp.id/uploads/default.png"
"1788654371-1252","https://kil.gserp.id/goods-manage","","BJD00361","LUXURIOUS WHITENING BOOSTER ALPHA ARBUTIN BODY LOTION","0.00","1252","-","Barang Jadi","pcs","https://kil.gserp.id/uploads/default.png"
"1788654371-1253","https://kil.gserp.id/goods-manage","","BBK00402","Seabuckthorn Oil (Online)","3,500.00","1253","-","Bahan Baku","gr","https://kil.gserp.id/uploads/default.png"
"1788654371-1254","https://kil.gserp.id/goods-manage","","BBK00403","D Terry (Dreamlab)","1,000.00","1254","-","Bahan Baku","gr","https://kil.gserp.id/uploads/default.png"
"1788654371-1255","https://kil.gserp.id/goods-manage","","BBK00404","Bianca (Dreamlab)","1,600.00","1255","-","Bahan Baku","gr","https://kil.gserp.id/uploads/default.png"
"1788654371-1256","https://kil.gserp.id/goods-manage","","BBK00405","Dior Sauvage LUZI","1,000.00","1256","-","Bahan Baku","gr","https://kil.gserp.id/uploads/default.png"
"1788654371-1257","https://kil.gserp.id/goods-manage","","BJD00362","Rebalancing Cleansing Foam","0.00","1257","-","Barang Jadi","pcs","https://kil.gserp.id/uploads/default.png"
"1788654371-1258","https://kil.gserp.id/goods-manage","","BJD00363","Brightening Body Lotion","0.00","1258","-","Barang Jadi","pcs","https://kil.gserp.id/uploads/default.png"
"1788654371-1259","https://kil.gserp.id/goods-manage","","BJD00364","EAU DE PARFUM EAST JAVA","0.00","1259","-","Barang Jadi","pcs","https://kil.gserp.id/uploads/default.png"
"1788654371-1260","https://kil.gserp.id/goods-manage","","KPR00287","Pot 250gr Amber Tutup Silver","9,000.00","1260","-","Kemasan Primer","pcs","https://kil.gserp.id/uploads/common/202601/7ace634281c9bddaed0822459fbbe304.jpeg"
"1788654371-1261","https://kil.gserp.id/goods-manage","","BJD00365","EXTRAIT DE PARFUM NOCTERA","0.00","1261","-","Barang Jadi","pcs","https://kil.gserp.id/uploads/default.png"
"1788654371-1262","https://kil.gserp.id/goods-manage","","BJD00366","EXTRAIT DE PARFUM AMBERIN","0.00","1262","-","Barang Jadi","pcs","https://kil.gserp.id/uploads/default.png"
"1788654371-1263","https://kil.gserp.id/goods-manage","","BJD00367","EXTRAIT DE PARFUM GOLDEN DESIRE","0.00","1263","-","Barang Jadi","pcs","https://kil.gserp.id/uploads/default.png"
"1788654371-1264","https://kil.gserp.id/goods-manage","","BJD00368","EXTRAIT DE PARFUM GOLDEN WHISPER","0.00","1264","-","Barang Jadi","pcs","https://kil.gserp.id/uploads/default.png"
"1788654371-1265","https://kil.gserp.id/goods-manage","","BJD00369","EXTRAIT DE PARFUM WHISPERED BLOOM","0.00","1265","-","Barang Jadi","pcs","https://kil.gserp.id/uploads/default.png"
"1788654371-1266","https://kil.gserp.id/goods-manage","","KPR00288","TUBE Bee Mine","3,200.00","1266","-","Kemasan Primer","pcs","https://kil.gserp.id/uploads/common/202601/c992d43d3755e1f97f08c63ed37ee1b9.png"
"1788654371-1267","https://kil.gserp.id/goods-manage","","BJD00370","Extrait parfum ANJO","0.00","1267","-","Barang Jadi","pcs","https://kil.gserp.id/uploads/default.png"
"1788654371-1268","https://kil.gserp.id/goods-manage","","BJD00371","Extrait Parfum Odate","0.00","1268","-","Barang Jadi","pcs","https://kil.gserp.id/uploads/default.png"
"1788654371-1269","https://kil.gserp.id/goods-manage","","BJD00372","DEARFA - Whitening Body Lotion","0.00","1269","-","Barang Jadi","pcs","https://kil.gserp.id/uploads/default.png"
"1788654371-1270","https://kil.gserp.id/goods-manage","","BJD00373","DERMA BRIGHT CREAM","0.00","1270","-","Barang Jadi","pcs","https://kil.gserp.id/uploads/default.png"
"1788654371-1271","https://kil.gserp.id/goods-manage","","BJD00374","Redence serum 5%","0.00","1271","-","Barang Jadi","pcs","https://kil.gserp.id/uploads/default.png"
"1788654371-1272","https://kil.gserp.id/goods-manage","","BJD00375","Redence serum 5%","0.00","1272","-","Barang Jadi","pcs","https://kil.gserp.id/uploads/default.png"
"1788654371-1273","https://kil.gserp.id/goods-manage","","KPR00289","Tube 100ml Putih Tinggi","3,000.00","1273","-","Kemasan Primer","pcs","https://kil.gserp.id/uploads/common/202601/29f5f870193f0756f08e31b6810511db.png"
"1788654371-1274","https://kil.gserp.id/goods-manage","","BJD00376","DERMASUN Barrier Protection Spray","0.00","1274","-","Barang Jadi","pcs","https://kil.gserp.id/uploads/default.png"
"1788654371-1275","https://kil.gserp.id/goods-manage","","BJD00377","HYDRA LOCK Moisture Cream","0.00","1275","-","Barang Jadi","pcs","https://kil.gserp.id/uploads/default.png"
"1788654371-1276","https://kil.gserp.id/goods-manage","","KSR00206","Skinjase Cleansing Foam","10,000.00","1276","-","Kemasan Sekunder","pcs","https://kil.gserp.id/uploads/common/202601/419b92277297dd5631a1c1feebb40ba0.png"
"1788654371-1277","https://kil.gserp.id/goods-manage","","KSR00207","Sprezzata Calm Essense","10,000.00","1277","-","Kemasan Sekunder","pcs","https://kil.gserp.id/uploads/common/202601/7764b7da197be173c9f2d0068ae77bee.png"
"1788654371-1278","https://kil.gserp.id/goods-manage","","KPR00290","Tutup Spray Big Cap Putih","2,800.00","1278","-","Kemasan Primer","pcs","https://kil.gserp.id/uploads/common/202601/77ff2c37550bc7fb2d4c43fb3859cfcb.png"
"1788654371-1279","https://kil.gserp.id/goods-manage","","KPR00291","Botol RF 200ml Putih","2,000.00","1279","-","Kemasan Primer","pcs","https://kil.gserp.id/uploads/common/202601/d0a1296a7f76f3f2d54377393d9b4b13.jpeg"
"1788654371-1280","https://kil.gserp.id/goods-manage","","BBK00406","Saffron Extract","850.00","1280","-","Bahan Baku","gr","https://kil.gserp.id/uploads/default.png"
"1788654371-1281","https://kil.gserp.id/goods-manage","","BBK00407","Cosso Transparant Soap Base","70.00","1281","-","Bahan Baku","gr","https://kil.gserp.id/uploads/default.png"
"1788654371-1282","https://kil.gserp.id/goods-manage","","BBK00408","Diptyque duelle","1,500.00","1282","-","Bahan Baku","gr","https://kil.gserp.id/uploads/default.png"
"1788654371-1283","https://kil.gserp.id/goods-manage","","BBK00409","Liberta (Dreamlab)","1,000.00","1283","-","Bahan Baku","gr","https://kil.gserp.id/uploads/default.png"
"1788654371-1284","https://kil.gserp.id/goods-manage","","BJD00378","PLUMPY GLOW LIP SERUM","0.00","1284","-","Barang Jadi","pcs","https://kil.gserp.id/uploads/default.png"
"1788654371-1285","https://kil.gserp.id/goods-manage","","KPR00292","Tube Sprezzata 150ml","4,350.00","1285","-","Kemasan Primer","pcs","https://kil.gserp.id/uploads/common/202601/47bb2362518916c77fce462af53b77d2.png"
"1788654371-1286","https://kil.gserp.id/goods-manage","","KPR00293","Kemasan Airless 30ml","5,300.00","1286","-","Kemasan Primer","pcs","https://kil.gserp.id/uploads/common/202601/3dce2ed37dcb149b373a196544b6175a.png"
"1788654371-1287","https://kil.gserp.id/goods-manage","","BBK00410","Neroli RC (Dreamlab)","1,000.00","1287","-","Bahan Baku","gr","https://kil.gserp.id/uploads/default.png"
"1788654371-1288","https://kil.gserp.id/goods-manage","","BBK00411","Jo Malone English Pear Type Fr. 10.110 - Fragrance","600.00","1288","-","Bahan Baku","gr","https://kil.gserp.id/uploads/default.png"
"1788654371-1289","https://kil.gserp.id/goods-manage","","BBK00412","Misik Taharah - fragrance (Aishavcare)","3,000.00","1289","-","Bahan Baku","gr","https://kil.gserp.id/uploads/default.png"
"1788654371-1290","https://kil.gserp.id/goods-manage","","BBK00413","Rewoteric AMC MB","133.70","1290","-","Bahan Baku","gr","https://kil.gserp.id/uploads/default.png"
"1788654371-1291","https://kil.gserp.id/goods-manage","","BJD00379","Redence serum 5%","0.00","1291","-","Barang Jadi","pcs","https://kil.gserp.id/uploads/default.png"
"1788654371-1292","https://kil.gserp.id/goods-manage","","BJD00380","Darkspot Cream","0.00","1292","-","Barang Jadi","pcs","https://kil.gserp.id/uploads/default.png"
"1788654371-1293","https://kil.gserp.id/goods-manage","","BBK00414","Clean Cotton (fragrance)","400.00","1293","-","Bahan Baku","gr","https://kil.gserp.id/uploads/default.png"
"1788654371-1294","https://kil.gserp.id/goods-manage","","BJD00381","MILMICHA GLOW - BRIGHT & GLOW RED JELLY MOISTURIZER","0.00","1294","-","Barang Jadi","pcs","https://kil.gserp.id/uploads/default.png"
"1788654371-1295","https://kil.gserp.id/goods-manage","","BBK00415","Gambir Extract / pale catechu","1,500.00","1295","-","Bahan Baku","gr","https://kil.gserp.id/uploads/default.png"
"1788654371-1296","https://kil.gserp.id/goods-manage","","BJD00382","balm parfume","0.00","1296","-","Barang Jadi","pcs","https://kil.gserp.id/uploads/default.png"
"1788654371-1297","https://kil.gserp.id/goods-manage","","BBK00416","Marukasol","135.29","1297","-","Bahan Baku","gr","https://kil.gserp.id/uploads/default.png"
"1788654371-1298","https://kil.gserp.id/goods-manage","","BJD00383","SilkWave Bright Cleanser","0.00","1298","-","Barang Jadi","pcs","https://kil.gserp.id/uploads/default.png"
"1788654371-1299","https://kil.gserp.id/goods-manage","","BJD00384","HAPPY MIST! CICA GLOW FACE MIST","0.00","1299","-","Barang Jadi","pcs","https://kil.gserp.id/uploads/default.png"
"1788654371-1300","https://kil.gserp.id/goods-manage","","BJD00385","Aqua Silk Radiance Moisturizer","0.00","1300","-","Barang Jadi","pcs","https://kil.gserp.id/uploads/default.png"
"1788654371-1301","https://kil.gserp.id/goods-manage","","BJD00386","Ocean Dew Bright Sunscreen","0.00","1301","-","Barang Jadi","pcs","https://kil.gserp.id/uploads/default.png"
"1788654371-1302","https://kil.gserp.id/goods-manage","","BJD00387","Aqua Silk Radiance Moisturizer","0.00","1302","-","Barang Jadi","pcs","https://kil.gserp.id/uploads/default.png"
"1788654371-1303","https://kil.gserp.id/goods-manage","","BJD00388","Ocean Dew Bright Sunscreen","0.00","1303","-","Barang Jadi","pcs","https://kil.gserp.id/uploads/default.png"
"1788654371-1304","https://kil.gserp.id/goods-manage","","BJD00389","CURLY CREAM ACRW","0.00","1304","-","Barang Jadi","pcs","https://kil.gserp.id/uploads/default.png"
"1788654371-1305","https://kil.gserp.id/goods-manage","","BBK00417","Ylang-ylang","3,000.00","1305","","Bahan Baku","gr","https://kil.gserp.id/uploads/default.png"
"1788654371-1306","https://kil.gserp.id/goods-manage","","BBK00418","Ana Abyad (Dreamlab)","0.00","1306","-","Bahan Baku","gr","https://kil.gserp.id/uploads/default.png"
"1788654371-1307","https://kil.gserp.id/goods-manage","","BBK00419","light blue (fragrance)","0.00","1307","-","Bahan Baku","","https://kil.gserp.id/uploads/default.png"
"1788654371-1308","https://kil.gserp.id/goods-manage","","BBK00420","BRB SF 242","0.00","1308","-","Bahan Baku","","https://kil.gserp.id/uploads/default.png"
"1788654371-1309","https://kil.gserp.id/goods-manage","","BBK00421","Beet Root extract powder","0.00","1309","-","Bahan Baku","","https://kil.gserp.id/uploads/default.png"
"1788654371-1310","https://kil.gserp.id/goods-manage","","BBK00422","Adoria (Dreamlab)","0.00","1310","-","Bahan Baku","","https://kil.gserp.id/uploads/default.png"
"1788654371-1311","https://kil.gserp.id/goods-manage","","BBK00423","Rose PDRN","12,000.00","1311","-","Bahan Baku","gr","https://kil.gserp.id/uploads/default.png"
"1788654371-1312","https://kil.gserp.id/goods-manage","","BBK00424","Lauryl Glucoside","0.00","1312","-","Bahan Baku","gr","https://kil.gserp.id/uploads/default.png"
"1788654371-1313","https://kil.gserp.id/goods-manage","","BJD00390","EXTRAIT DE PARFUM ELOISE","0.00","1313","-","Barang Jadi","pcs","https://kil.gserp.id/uploads/default.png"
"1788654371-1314","https://kil.gserp.id/goods-manage","","BBK00425","ginseng extract","0.00","1314","-","Bahan Baku","gr","https://kil.gserp.id/uploads/default.png"
"1788654371-1315","https://kil.gserp.id/goods-manage","","BBK00426","Linenwhite","0.00","1315","-","Bahan Baku","gr","https://kil.gserp.id/uploads/default.png"
"1788654371-1316","https://kil.gserp.id/goods-manage","","BJD00391","EAU DE PARFUM SEXOY","0.00","1316","-","Barang Jadi","pcs","https://kil.gserp.id/uploads/default.png"
"1788654371-1317","https://kil.gserp.id/goods-manage","","BJD00392","EAU DE PARFUM MANJAH","0.00","1317","-","Barang Jadi","pcs","https://kil.gserp.id/uploads/default.png"
"1788654371-1318","https://kil.gserp.id/goods-manage","","BJD00393","HAIR NOURISHING SERUM","0.00","1318","-","Barang Jadi","pcs","https://kil.gserp.id/uploads/default.png"
"1788654371-1319","https://kil.gserp.id/goods-manage","","BJD00394","HAIR NOURISHING SERUM","0.00","1319","-","Barang Jadi","pcs","https://kil.gserp.id/uploads/default.png"
"1788654371-1320","https://kil.gserp.id/goods-manage","","KPR00294","Tube Firsya Body Lotion 60ml","3,450.00","1320","-","Kemasan Primer","pcs","https://kil.gserp.id/uploads/common/202601/2fdf5a03cb387c903c8c3ad6b542ece4.png"
"1788654371-1321","https://kil.gserp.id/goods-manage","","BJD00395","DERMA BRIGHT CREAM","0.00","1321","-","Barang Jadi","pcs","https://kil.gserp.id/uploads/default.png"
"1788654371-1322","https://kil.gserp.id/goods-manage","","BBK00427","Salacos 99 (Isononyl Isononanoate)","383.30","1322","-","Bahan Baku","","https://kil.gserp.id/uploads/default.png"
"1788654371-1323","https://kil.gserp.id/goods-manage","","BJD00396","Lumina Bright Day Moisturizer","0.00","1323","-","Barang Jadi","pcs","https://kil.gserp.id/uploads/default.png"
"1788654371-1324","https://kil.gserp.id/goods-manage","","BJD00397","Advance Repair Night Moisturizer","0.00","1324","-","Barang Jadi","pcs","https://kil.gserp.id/uploads/default.png"
"1788654371-1325","https://kil.gserp.id/goods-manage","","KPR00295","POT LULUR 250GR FULL PINK","2,700.00","1325","-","Kemasan Primer","pcs","https://kil.gserp.id/uploads/common/202601/f8c23854a7b41077f767fa0322801550.png"
"1788654371-1326","https://kil.gserp.id/goods-manage","","KPR00296","Pot cubic premium 10g putih stamp blok silver","5,700.00","1326","-","Kemasan Primer","pcs","https://kil.gserp.id/uploads/common/202601/325f2b2299e83ce1cd1972de61f3a65a.png"
"1788654371-1327","https://kil.gserp.id/goods-manage","","BBK00428","Licorice Extract","800.00","1327","","Bahan Baku","gr","https://kil.gserp.id/uploads/default.png"
"1788654371-1328","https://kil.gserp.id/goods-manage","","BJD00398","Mulberry Skin Veil Body Lotion","0.00","1328","-","Barang Jadi","pcs","https://kil.gserp.id/uploads/default.png"
"1788654371-1329","https://kil.gserp.id/goods-manage","","BJD00399","Mulberry Skin Veil Body Lotion","0.00","1329","-","Barang Jadi","pcs","https://kil.gserp.id/uploads/default.png"
"1788654371-1330","https://kil.gserp.id/goods-manage","","BJD00400","Exfoliating Body Toner AHA + Centella","0.00","1330","-","Barang Jadi","pcs","https://kil.gserp.id/uploads/default.png"
"1788654371-1331","https://kil.gserp.id/goods-manage","","BJD00401","Fleur Perfume Balm","0.00","1331","-","Barang Jadi","pcs","https://kil.gserp.id/uploads/default.png"
"1788654371-1332","https://kil.gserp.id/goods-manage","","BBK00429","Bericos Cysteamine","0.00","1332","-","Bahan Baku","","https://kil.gserp.id/uploads/default.png"
"1788654371-1333","https://kil.gserp.id/goods-manage","","BBK00430","Bericos HPR","0.00","1333","-","Bahan Baku","","https://kil.gserp.id/uploads/default.png"
"1788654371-1334","https://kil.gserp.id/goods-manage","","KPR00297","Botol Laliq 30ml Kaca Semi Press","5,750.00","1334","-","Kemasan Primer","pcs","https://kil.gserp.id/uploads/common/202601/bc7d2d107677ba8e937d56ab1fc8a53e.jpeg"
"1788654371-1335","https://kil.gserp.id/goods-manage","","KSR00208","TheMs Terre","7,450.00","1335","-","Kemasan Sekunder","pcs","https://kil.gserp.id/uploads/common/202601/c0f22c63b5286bc75d5026fd16ae9d38.png"
"1788654371-1336","https://kil.gserp.id/goods-manage","","BBK00431","Flight (imozu)","0.00","1336","","Bahan Baku","gr","https://kil.gserp.id/uploads/default.png"
"1788654371-1337","https://kil.gserp.id/goods-manage","","BBK00432","vanilla red (imozu)","0.00","1337","-","Bahan Baku","gr","https://kil.gserp.id/uploads/default.png"
"1788654371-1338","https://kil.gserp.id/goods-manage","","BBK00433","scandalous (imozu)","0.00","1338","","Bahan Baku","gr","https://kil.gserp.id/uploads/default.png"
"1788654371-1339","https://kil.gserp.id/goods-manage","","BBK00434","pink chiffon (imozu)","0.00","1339","-","Bahan Baku","gr","https://kil.gserp.id/uploads/default.png"
"1788654371-1340","https://kil.gserp.id/goods-manage","","BBK00435","cussion (imozu)","0.00","1340","-","Bahan Baku","gr","https://kil.gserp.id/uploads/default.png"
"1788654371-1341","https://kil.gserp.id/goods-manage","","BBK00436","zara orchid (imozu)","0.00","1341","-","Bahan Baku","gr","https://kil.gserp.id/uploads/default.png"
"1788654371-1342","https://kil.gserp.id/goods-manage","","BJD00402","PINK CHIFFON","0.00","1342","-","Barang Jadi","pcs","https://kil.gserp.id/uploads/default.png"
"1788654371-1343","https://kil.gserp.id/goods-manage","","BJD00403","SCANDALOUS","0.00","1343","-","Barang Jadi","pcs","https://kil.gserp.id/uploads/default.png"
"1788654371-1344","https://kil.gserp.id/goods-manage","","BJD00404","VANILLA RED","0.00","1344","-","Barang Jadi","pcs","https://kil.gserp.id/uploads/default.png"
"1788654371-1345","https://kil.gserp.id/goods-manage","","BJD00405","ORCHIDLY","0.00","1345","-","Barang Jadi","pcs","https://kil.gserp.id/uploads/default.png"
"1788654371-1346","https://kil.gserp.id/goods-manage","","BJD00406","BABBY FRESH","0.00","1346","-","Barang Jadi","pcs","https://kil.gserp.id/uploads/default.png"
"1788654371-1347","https://kil.gserp.id/goods-manage","","BJD00407","PRAMUGARI","0.00","1347","-","Barang Jadi","pcs","https://kil.gserp.id/uploads/default.png"
"1788654371-1348","https://kil.gserp.id/goods-manage","","KPR00298","Botol SBR 100ml Clear","1,500.00","1348","-","Kemasan Primer","pcs","https://kil.gserp.id/uploads/common/202601/d12999d5c6294c15f89b39b0a3571840.png"
"1788654371-1349","https://kil.gserp.id/goods-manage","","BJD00408","Hair & Beard Serum 5%","0.00","1349","-","Barang Jadi","pcs","https://kil.gserp.id/uploads/default.png"
"1788654371-1350","https://kil.gserp.id/goods-manage","","BJD00409","MILMICHA GLOW - BRIGHT & GLOW RED JELLY MOISTURIZER","0.00","1350","-","Barang Jadi","pcs","https://kil.gserp.id/uploads/default.png"
"1788654371-1351","https://kil.gserp.id/goods-manage","","BJD00410","Gentle Radiance Facial Wash","0.00","1351","-","Barang Jadi","pcs","https://kil.gserp.id/uploads/default.png"
"1788654371-1352","https://kil.gserp.id/goods-manage","","BJD00411","Dark spot Correcting Serum","0.00","1352","-","Barang Jadi","pcs","https://kil.gserp.id/uploads/default.png"
"1788654371-1353","https://kil.gserp.id/goods-manage","","BJD00412","Éternelle Night Cream","0.00","1353","-","Barang Jadi","pcs","https://kil.gserp.id/uploads/default.png"
"1788654371-1354","https://kil.gserp.id/goods-manage","","BJD00413","Radiant Defense Day Cream with UV Protection","0.00","1354","-","Barang Jadi","pcs","https://kil.gserp.id/uploads/default.png"
"1788654371-1355","https://kil.gserp.id/goods-manage","","BJD00414","Cream All in One","0.00","1355","-","Barang Jadi","pcs","https://kil.gserp.id/uploads/default.png"
"1788654371-1356","https://kil.gserp.id/goods-manage","","BJD00415","OKINAWA","0.00","1356","-","Barang Jadi","pcs","https://kil.gserp.id/uploads/default.png"
"1788654371-1357","https://kil.gserp.id/goods-manage","","KPR00299","Botol Tubular 60ml Merah","1,500.00","1357","-","Kemasan Primer","pcs","https://kil.gserp.id/uploads/common/202601/42896f3cd5177d3de8676abd96c71129.png"
"1788654371-1358","https://kil.gserp.id/goods-manage","","KPR00300","Pot cubic premium 10g merah stamp blok silver","5,500.00","1358","-","Kemasan Primer","pcs","https://kil.gserp.id/uploads/common/202601/d45c30795dbbe3c0986dfccd850ccc5b.png"
"1788654371-1359","https://kil.gserp.id/goods-manage","","BJD00416","EAU DE PARFUM Z.E.L.S 30 ML","0.00","1359","-","Barang Jadi","pcs","https://kil.gserp.id/uploads/default.png"
"1788654371-1360","https://kil.gserp.id/goods-manage","","BJD00417","EAU DE PARFUM Y.E.L.S 30 ML","0.00","1360","-","Barang Jadi","pcs","https://kil.gserp.id/uploads/default.png"
"1788654371-1361","https://kil.gserp.id/goods-manage","","BBK00437","9 PM Rebel (Fragrance","1,190.00","1361","-","Bahan Baku","gr","https://kil.gserp.id/uploads/default.png"
"1788654371-1362","https://kil.gserp.id/goods-manage","","BBK00438","Sacha Inchi Oil","0.00","1362","-","Bahan Baku","gr","https://kil.gserp.id/uploads/default.png"
"1788654371-1363","https://kil.gserp.id/goods-manage","","KPR00301","Kemasan Balm 4gr Ungu","3,000.00","1363","-","Kemasan Primer","pcs","https://kil.gserp.id/uploads/common/202601/e540e41874ed677c9f7e0c9cd7985e0b.jpeg"
"1788654371-1364","https://kil.gserp.id/goods-manage","","BJD00418","MILMICHA GLOW - BRIGHT & GLOW RED JELLY MOISTURIZER","0.00","1364","-","Barang Jadi","pcs","https://kil.gserp.id/uploads/default.png"
"1788654371-1365","https://kil.gserp.id/goods-manage","","BBK00439","Reef 33 (Fragrance)","1,300.00","1365","Fragrance","Bahan Baku","gr","https://kil.gserp.id/uploads/default.png"
"1788654371-1366","https://kil.gserp.id/goods-manage","","BBK00440","Black Seed/Black Cumin Oil","800.00","1366","Active","Bahan Baku","gr","https://kil.gserp.id/uploads/default.png"
"1788654371-1367","https://kil.gserp.id/goods-manage","","BJD00419","PRODUKSI ITNOB ZAHRAT HAWAII","0.00","1367","-","Barang Jadi","pcs","https://kil.gserp.id/uploads/default.png"
"1788654371-1368","https://kil.gserp.id/goods-manage","","BJD00420","PRODUKSI 2 INS FACEWASH","0.00","1368","-","Barang Jadi","pcs","https://kil.gserp.id/uploads/default.png"
"1788654371-1369","https://kil.gserp.id/goods-manage","","BJD00421","PRODUKSI MYSO VANILLA & ROSE","0.00","1369","-","Barang Jadi","pcs","https://kil.gserp.id/uploads/default.png"
"1788654371-1370","https://kil.gserp.id/goods-manage","","BJD00422","PRODUKSI MYSO SANDALWOOD & ORANGE","0.00","1370","-","Barang Jadi","pcs","https://kil.gserp.id/uploads/default.png"
"1788654371-1371","https://kil.gserp.id/goods-manage","","BJD00423","PRODUKSI SIGVIOLET SHAMPOO","0.00","1371","-","Barang Jadi","pcs","https://kil.gserp.id/uploads/default.png"
"1788654371-1372","https://kil.gserp.id/goods-manage","","BJD00424","PRODUKSI JANAN","0.00","1372","-","Barang Jadi","pcs","https://kil.gserp.id/uploads/default.png"
"1788654371-1373","https://kil.gserp.id/goods-manage","","BJD00425","PRODUKSI 2 INS FACEWASH","0.00","1373","-","Barang Jadi","pcs","https://kil.gserp.id/uploads/default.png"
"1788654371-1374","https://kil.gserp.id/goods-manage","","BJD00426","PRODUKSI NADES 1 LOT","0.00","1374","-","Barang Jadi","pcs","https://kil.gserp.id/uploads/default.png"
"1788654371-1375","https://kil.gserp.id/goods-manage","","BJD00427","SERUM BULU MATA","0.00","1375","-","Barang Jadi","pcs","https://kil.gserp.id/uploads/default.png"
"1788654371-1376","https://kil.gserp.id/goods-manage","","BJD00428","SERUM BULU MATA","0.00","1376","-","Barang Jadi","pcs","https://kil.gserp.id/uploads/default.png"
"1788654371-1377","https://kil.gserp.id/goods-manage","","BJD00429","CHLOE GREEN PEELING SPRAY","0.00","1377","-","Barang Jadi","pcs","https://kil.gserp.id/uploads/default.png"
"1788654371-1378","https://kil.gserp.id/goods-manage","","BJD00430","PRODUKSI CHLOE GREEN LOTION SPRAY","0.00","1378","-","Barang Jadi","pcs","https://kil.gserp.id/uploads/default.png"
"1788654371-1379","https://kil.gserp.id/goods-manage","","BJD00431","CHLOE GREEN PEELING SPRAY","0.00","1379","-","Barang Jadi","pcs","https://kil.gserp.id/uploads/default.png"
"1788654371-1380","https://kil.gserp.id/goods-manage","","BJD00432","PRODUKSI KEYLUXE BODY WASH","0.00","1380","-","Barang Jadi","pcs","https://kil.gserp.id/uploads/default.png"
"1788654371-1381","https://kil.gserp.id/goods-manage","","BJD00433","PRODUKSI KEYLUXE BODY LOTION","0.00","1381","-","Barang Jadi","pcs","https://kil.gserp.id/uploads/default.png"
"1788654371-1382","https://kil.gserp.id/goods-manage","","BJD00434","PRODUKSI KEYLUXE BODY MIST","0.00","1382","-","Barang Jadi","pcs","https://kil.gserp.id/uploads/default.png"
"1788654371-1383","https://kil.gserp.id/goods-manage","","BJD00435","PRODUKSI ITNOB MOMENSES","0.00","1383","-","Barang Jadi","pcs","https://kil.gserp.id/uploads/default.png"
"1788654371-1384","https://kil.gserp.id/goods-manage","","BJD00436","PRODUKSI ITNOB KENZO BALI","0.00","1384","-","Barang Jadi","pcs","https://kil.gserp.id/uploads/default.png"
"1788654371-1385","https://kil.gserp.id/goods-manage","","BJD00437","PRODUKSI ITNOB EBBIO KINGMAKER","0.00","1385","-","Barang Jadi","pcs","https://kil.gserp.id/uploads/default.png"
"1788654371-1386","https://kil.gserp.id/goods-manage","","BJD00438","PRODUKSI ELSME NIGHT LOTION","0.00","1386","-","Barang Jadi","pcs","https://kil.gserp.id/uploads/default.png"
"1788654371-1387","https://kil.gserp.id/goods-manage","","BJD00439","PRODUKSI BAIKINS BARSOAP","0.00","1387","-","Barang Jadi","pcs","https://kil.gserp.id/uploads/default.png"
"1788654371-1388","https://kil.gserp.id/goods-manage","","BJD00440","V-PERFUME","0.00","1388","-","Barang Jadi","pcs","https://kil.gserp.id/uploads/default.png"
"1788654371-1389","https://kil.gserp.id/goods-manage","","BJD00441","NADES BODY LOTION","0.00","1389","-","Barang Jadi","pcs","https://kil.gserp.id/uploads/default.png"
"1788654371-1390","https://kil.gserp.id/goods-manage","","BJD00442","Good Foam","0.00","1390","-","Barang Jadi","pcs","https://kil.gserp.id/uploads/default.png"
"1788654371-1391","https://kil.gserp.id/goods-manage","","BJD00443","Good body lotion","0.00","1391","-","Barang Jadi","pcs","https://kil.gserp.id/uploads/default.png"
"1788654371-1392","https://kil.gserp.id/goods-manage","","BJD00444","SLEEPING MASK","0.00","1392","-","Barang Jadi","pcs","https://kil.gserp.id/uploads/default.png"
"1788654371-1393","https://kil.gserp.id/goods-manage","","BJD00445","NIGHT CREAM DARK SPOT","0.00","1393","-","Barang Jadi","pcs","https://kil.gserp.id/uploads/default.png"
"1788654371-1394","https://kil.gserp.id/goods-manage","","BJD00446","NIGHT CREAM DARK SPOT","0.00","1394","-","Barang Jadi","pcs","https://kil.gserp.id/uploads/default.png"
"1788654371-1395","https://kil.gserp.id/goods-manage","","BJD00447","WHITENING BODY LOTION","0.00","1395","-","Barang Jadi","pcs","https://kil.gserp.id/uploads/default.png"
"1788654371-1396","https://kil.gserp.id/goods-manage","","BJD00448","WHITENING BODY CREAM","0.00","1396","-","Barang Jadi","pcs","https://kil.gserp.id/uploads/default.png"
"1788654371-1397","https://kil.gserp.id/goods-manage","","BJD00449","WHITENING BODY SERUM BOOSTER","0.00","1397","-","Barang Jadi","pcs","https://kil.gserp.id/uploads/default.png"
"1788654371-1398","https://kil.gserp.id/goods-manage","","BJD00450","BODY SERUM (OEM )","0.00","1398","-","Barang Jadi","pcs","https://kil.gserp.id/uploads/default.png"
"1788654371-1399","https://kil.gserp.id/goods-manage","","BJD00451","facial foam","0.00","1399","-","Barang Jadi","pcs","https://kil.gserp.id/uploads/default.png"
"1788654371-1400","https://kil.gserp.id/goods-manage","","BJD00452","REVISI CURL CREAM","0.00","1400","-","Barang Jadi","pcs","https://kil.gserp.id/uploads/default.png"
"1788654371-1401","https://kil.gserp.id/goods-manage","","BJD00453","Deal Extrait Parfum Aquasmile","0.00","1401","-","Barang Jadi","pcs","https://kil.gserp.id/uploads/default.png"
"1788654371-1402","https://kil.gserp.id/goods-manage","","BJD00454","Deal Extrait Parfum My Way","0.00","1402","-","Barang Jadi","pcs","https://kil.gserp.id/uploads/default.png"
"1788654371-1403","https://kil.gserp.id/goods-manage","","BJD00455","Deal Extrait Parfum Dior Savage","0.00","1403","-","Barang Jadi","pcs","https://kil.gserp.id/uploads/default.png"
"1788654371-1404","https://kil.gserp.id/goods-manage","","BJD00456","Deal Extrait Parfume Japan Tobacco","0.00","1404","-","Barang Jadi","pcs","https://kil.gserp.id/uploads/default.png"
"1788654371-1405","https://kil.gserp.id/goods-manage","","BJD00457","Deal Extrait Parfum Billie Ellish","0.00","1405","-","Barang Jadi","pcs","https://kil.gserp.id/uploads/default.png"
"1788654371-1406","https://kil.gserp.id/goods-manage","","BJD00458","Extrait (A Blue)","0.00","1406","-","Barang Jadi","pcs","https://kil.gserp.id/uploads/default.png"
"1788654371-1407","https://kil.gserp.id/goods-manage","","BJD00459","Extrait (Vanilla Ice)","0.00","1407","-","Barang Jadi","pcs","https://kil.gserp.id/uploads/default.png"
"1788654371-1408","https://kil.gserp.id/goods-manage","","BJD00460","BODY SERUM (OEM )","0.00","1408","-","Barang Jadi","pcs","https://kil.gserp.id/uploads/default.png"
"1788654371-1409","https://kil.gserp.id/goods-manage","","BJD00461","SUNRISE ITNOB","0.00","1409","-","Barang Jadi","pcs","https://kil.gserp.id/uploads/default.png"
"1788654371-1410","https://kil.gserp.id/goods-manage","","BJD00462","FORMULA UNTUK RO (HAND CREAM FRANGIPANI)","0.00","1410","-","Barang Jadi","pcs","https://kil.gserp.id/uploads/default.png"
"1788654371-1411","https://kil.gserp.id/goods-manage","","BJD00463","facial foam","0.00","1411","-","Barang Jadi","pcs","https://kil.gserp.id/uploads/default.png"
"1788654371-1412","https://kil.gserp.id/goods-manage","","BJD00464","TINTED SUNSCREEN","0.00","1412","-","Barang Jadi","pcs","https://kil.gserp.id/uploads/default.png"
"1788654371-1413","https://kil.gserp.id/goods-manage","","BJD00465","EDP (Lacoste Sport)","0.00","1413","-","Barang Jadi","pcs","https://kil.gserp.id/uploads/default.png"
"1788654371-1414","https://kil.gserp.id/goods-manage","","BJD00466","REVISI CURL CREAM","0.00","1414","-","Barang Jadi","pcs","https://kil.gserp.id/uploads/default.png"
"1788654371-1415","https://kil.gserp.id/goods-manage","","BJD00467","Brightening Repair Serum","0.00","1415","-","Barang Jadi","pcs","https://kil.gserp.id/uploads/default.png"
"1788654371-1416","https://kil.gserp.id/goods-manage","","BJD00468","Brightening Repair Serum","0.00","1416","-","Barang Jadi","pcs","https://kil.gserp.id/uploads/default.png"
"1788654371-1417","https://kil.gserp.id/goods-manage","","BJD00469","REVISI CURL CREAM","0.00","1417","-","Barang Jadi","pcs","https://kil.gserp.id/uploads/default.png"
"1788654371-1418","https://kil.gserp.id/goods-manage","","BJD00470","BODY SERUM (OEM )","0.00","1418","-","Barang Jadi","pcs","https://kil.gserp.id/uploads/default.png"
"1788654371-1419","https://kil.gserp.id/goods-manage","","BJD00471","Deal Extrait Parfum My Way","0.00","1419","-","Barang Jadi","pcs","https://kil.gserp.id/uploads/default.png"
"1788654371-1420","https://kil.gserp.id/goods-manage","","BJD00472","Deal Extrait Parfume Japan Tobacco","0.00","1420","-","Barang Jadi","pcs","https://kil.gserp.id/uploads/default.png"
"1788654371-1421","https://kil.gserp.id/goods-manage","","BJD00473","Deal Extrait Mysteriosa","0.00","1421","-","Barang Jadi","pcs","https://kil.gserp.id/uploads/default.png"
"1788654371-1422","https://kil.gserp.id/goods-manage","","BJD00474","BODY WASH BRIGHTENING","0.00","1422","-","Barang Jadi","pcs","https://kil.gserp.id/uploads/default.png"
"1788654371-1423","https://kil.gserp.id/goods-manage","","BJD00475","Toner","0.00","1423","-","Barang Jadi","pcs","https://kil.gserp.id/uploads/default.png"
"1788654371-1424","https://kil.gserp.id/goods-manage","","BJD00476","LIP CREAM (SHADE 10)","0.00","1424","-","Barang Jadi","pcs","https://kil.gserp.id/uploads/default.png"
"1788654371-1425","https://kil.gserp.id/goods-manage","","BJD00477","LIP CREAM (SHADE 17)","0.00","1425","-","Barang Jadi","pcs","https://kil.gserp.id/uploads/default.png"
"1788654371-1426","https://kil.gserp.id/goods-manage","","BJD00478","LIP CREAM (SHADE 18)","0.00","1426","-","Barang Jadi","pcs","https://kil.gserp.id/uploads/default.png"
"1788654371-1427","https://kil.gserp.id/goods-manage","","BJD00479","EDP (Mysteriosa)","0.00","1427","-","Barang Jadi","pcs","https://kil.gserp.id/uploads/default.png"
"1788654371-1428","https://kil.gserp.id/goods-manage","","BJD00480","EDP (Lacoste Sport)","0.00","1428","-","Barang Jadi","pcs","https://kil.gserp.id/uploads/default.png"
"1788654371-1429","https://kil.gserp.id/goods-manage","","BJD00481","EDP (Dior Sauvage)","0.00","1429","-","Barang Jadi","pcs","https://kil.gserp.id/uploads/default.png"
"1788654371-1430","https://kil.gserp.id/goods-manage","","BJD00482","EDP (Vanila Ice)","0.00","1430","-","Barang Jadi","pcs","https://kil.gserp.id/uploads/default.png"
"1788654371-1431","https://kil.gserp.id/goods-manage","","BJD00483","HAIR MASK","0.00","1431","-","Barang Jadi","pcs","https://kil.gserp.id/uploads/default.png"
"1788654371-1432","https://kil.gserp.id/goods-manage","","BJD00484","DEO SPRAY TAWAS (Unisex Rekomendasi RnD)","0.00","1432","-","Barang Jadi","pcs","https://kil.gserp.id/uploads/default.png"
"1788654371-1433","https://kil.gserp.id/goods-manage","","BJD00485","DEAL - BALM PARFUME / ROMANTIC ROMANCE (Maloni)","0.00","1433","-","Barang Jadi","pcs","https://kil.gserp.id/uploads/default.png"
"1788654371-1434","https://kil.gserp.id/goods-manage","","BJD00486","REVISI CURL CREAM","0.00","1434","-","Barang Jadi","pcs","https://kil.gserp.id/uploads/default.png"
"1788654371-1435","https://kil.gserp.id/goods-manage","","BJD00487","SERUM EXFOLIATE AHA - Mandelic Acid 8%","0.00","1435","-","Barang Jadi","pcs","https://kil.gserp.id/uploads/default.png"
"1788654371-1436","https://kil.gserp.id/goods-manage","","BJD00488","DEAL - SLEEPING MASK","0.00","1436","-","Barang Jadi","pcs","https://kil.gserp.id/uploads/default.png"
"1788654371-1437","https://kil.gserp.id/goods-manage","","BJD00489","DEAL - EXTRAIT DE PARFUME (DIOR BLOOMING)","0.00","1437","-","Barang Jadi","pcs","https://kil.gserp.id/uploads/default.png"
"1788654371-1438","https://kil.gserp.id/goods-manage","","BJD00490","DEAL - EXTRAIT DE PARFUME (DIOR SAUVAGE)","0.00","1438","-","Barang Jadi","pcs","https://kil.gserp.id/uploads/default.png"
"1788654371-1439","https://kil.gserp.id/goods-manage","","BJD00491","DEAL - EXTRAIT DE PARFUME (212 MAN)","0.00","1439","-","Barang Jadi","pcs","https://kil.gserp.id/uploads/default.png"
"1788654371-1440","https://kil.gserp.id/goods-manage","","BJD00492","Prio day cream","0.00","1440","-","Barang Jadi","pcs","https://kil.gserp.id/uploads/default.png"
"1788654371-1441","https://kil.gserp.id/goods-manage","","BJD00493","PRIO NIGHT CREAM","0.00","1441","-","Barang Jadi","pcs","https://kil.gserp.id/uploads/default.png"
"1788654371-1442","https://kil.gserp.id/goods-manage","","BJD00494","PRIO FACE WASH","0.00","1442","-","Barang Jadi","pcs","https://kil.gserp.id/uploads/default.png"
"1788654371-1443","https://kil.gserp.id/goods-manage","","BJD00495","PRIO FACE TONER","0.00","1443","-","Barang Jadi","pcs","https://kil.gserp.id/uploads/default.png"
"1788654371-1444","https://kil.gserp.id/goods-manage","","BJD00496","PRIO NIGHT CREAM","0.00","1444","-","Barang Jadi","pcs","https://kil.gserp.id/uploads/default.png"
"1788654371-1445","https://kil.gserp.id/goods-manage","","BJD00497","PRIO DAY CREAM","0.00","1445","-","Barang Jadi","pcs","https://kil.gserp.id/uploads/default.png"
"1788654371-1446","https://kil.gserp.id/goods-manage","","BJD00498","PRIO face serum","0.00","1446","-","Barang Jadi","pcs","https://kil.gserp.id/uploads/default.png"
"1788654371-1447","https://kil.gserp.id/goods-manage","","BJD00499","VIT C BODY SERUM","0.00","1447","-","Barang Jadi","pcs","https://kil.gserp.id/uploads/default.png"
"1788654371-1448","https://kil.gserp.id/goods-manage","","BJD00500","BRIGHTENING BODY LOTION","0.00","1448","-","Barang Jadi","pcs","https://kil.gserp.id/uploads/default.png"
"1788654371-1449","https://kil.gserp.id/goods-manage","","BJD00501","BRIGHTENING BODY LOTION","0.00","1449","-","Barang Jadi","pcs","https://kil.gserp.id/uploads/default.png"
"1788654371-1450","https://kil.gserp.id/goods-manage","","BJD00502","REV 3 SLEEPING MASK","0.00","1450","-","Barang Jadi","pcs","https://kil.gserp.id/uploads/default.png"
"1788654371-1451","https://kil.gserp.id/goods-manage","","BJD00503","DEAL EXTRAIT PARFUM V-LUST","0.00","1451","-","Barang Jadi","pcs","https://kil.gserp.id/uploads/default.png"
"1788654371-1452","https://kil.gserp.id/goods-manage","","BJD00504","DEAL EXTRAIT PARFUM SUNSHINE","0.00","1452","-","Barang Jadi","pcs","https://kil.gserp.id/uploads/default.png"
"1788654371-1453","https://kil.gserp.id/goods-manage","","BJD00505","DEAL EXTRAIT PARFUM AIGNER BLUE","0.00","1453","-","Barang Jadi","pcs","https://kil.gserp.id/uploads/default.png"
"1788654371-1454","https://kil.gserp.id/goods-manage","","BJD00506","SUNSCREEN SPRAY UNTUK HAJI DAN UMROH","0.00","1454","-","Barang Jadi","pcs","https://kil.gserp.id/uploads/default.png"
"1788654371-1455","https://kil.gserp.id/goods-manage","","BJD00507","SUNSCREEN SPRAY UNTUK HAJI DAN UMROH","0.00","1455","-","Barang Jadi","pcs","https://kil.gserp.id/uploads/default.png"
"1788654371-1456","https://kil.gserp.id/goods-manage","","BJD00508","DEAL - INTIMATE FOAM","0.00","1456","-","Barang Jadi","pcs","https://kil.gserp.id/uploads/default.png"
"1788654371-1457","https://kil.gserp.id/goods-manage","","BJD00509","DEAL - INTIMATE SERUM","0.00","1457","-","Barang Jadi","pcs","https://kil.gserp.id/uploads/default.png"
"1788654371-1458","https://kil.gserp.id/goods-manage","","BJD00510","DEAL - INTIMATE CREAM","0.00","1458","-","Barang Jadi","pcs","https://kil.gserp.id/uploads/default.png"
"1788654371-1459","https://kil.gserp.id/goods-manage","","BJD00511","DARKSPOT CREAM","0.00","1459","-","Barang Jadi","pcs","https://kil.gserp.id/uploads/default.png"
"1788654371-1460","https://kil.gserp.id/goods-manage","","BJD00512","BODY SERUM (OEM )","0.00","1460","-","Barang Jadi","pcs","https://kil.gserp.id/uploads/default.png"
"1788654371-1461","https://kil.gserp.id/goods-manage","","BJD00513","BODY BOOSTER WHITENING","0.00","1461","-","Barang Jadi","pcs","https://kil.gserp.id/uploads/default.png"
"1788654371-1462","https://kil.gserp.id/goods-manage","","BJD00514","DEAL FACIAL WASH","0.00","1462","-","Barang Jadi","pcs","https://kil.gserp.id/uploads/default.png"
"1788654371-1463","https://kil.gserp.id/goods-manage","","BJD00515","DEAL GLOW MOISTURIZER","0.00","1463","-","Barang Jadi","pcs","https://kil.gserp.id/uploads/default.png"
"1788654371-1464","https://kil.gserp.id/goods-manage","","BJD00516","Deal Cream Sunscreen","0.00","1464","-","Barang Jadi","pcs","https://kil.gserp.id/uploads/default.png"
"1788654371-1465","https://kil.gserp.id/goods-manage","","BJD00517","DEAL FACE TONER","0.00","1465","-","Barang Jadi","pcs","https://kil.gserp.id/uploads/default.png"
"1788654371-1466","https://kil.gserp.id/goods-manage","","BJD00518","DEAL - EXTRAIT 35% NAGITAVI / CELEBRITY CHARM (Memories)","0.00","1466","-","Barang Jadi","pcs","https://kil.gserp.id/uploads/default.png"
"1788654371-1467","https://kil.gserp.id/goods-manage","","BJD00519","DEAL - EXTRAIT 35% CREED ADVENTUS / AVENT (Magical)","0.00","1467","-","Barang Jadi","pcs","https://kil.gserp.id/uploads/default.png"
"1788654371-1468","https://kil.gserp.id/goods-manage","","BJD00520","DEA - EXTRAIT 35% BLACK OPIUM (Treasure)","0.00","1468","-","Barang Jadi","pcs","https://kil.gserp.id/uploads/default.png"
"1788654371-1469","https://kil.gserp.id/goods-manage","","BJD00521","DEAL - EXTRAIT 35% ROMANTIC WISH (Imagination)","0.00","1469","-","Barang Jadi","pcs","https://kil.gserp.id/uploads/default.png"
"1788654371-1470","https://kil.gserp.id/goods-manage","","BJD00522","DEAL - EXTRAIT 35% AIGNER BLUE / AZURE (Peachfull)","0.00","1470","-","Barang Jadi","pcs","https://kil.gserp.id/uploads/default.png"
"1788654371-1471","https://kil.gserp.id/goods-manage","","BJD00523","DEAL DAY CREAM","0.00","1471","-","Barang Jadi","pcs","https://kil.gserp.id/uploads/default.png"
"1788654371-1472","https://kil.gserp.id/goods-manage","","BJD00524","Deal Face Serum Whitening","0.00","1472","-","Barang Jadi","pcs","https://kil.gserp.id/uploads/default.png"
"1788654371-1473","https://kil.gserp.id/goods-manage","","BJD00525","Deal Face Wash","0.00","1473","-","Barang Jadi","pcs","https://kil.gserp.id/uploads/default.png"
"1788654371-1474","https://kil.gserp.id/goods-manage","","BJD00526","DEAL FACE Toner","0.00","1474","-","Barang Jadi","pcs","https://kil.gserp.id/uploads/default.png"
"1788654371-1475","https://kil.gserp.id/goods-manage","","BJD00527","WHITENING NIGHT CREAM","0.00","1475","-","Barang Jadi","pcs","https://kil.gserp.id/uploads/default.png"
"1788654371-1476","https://kil.gserp.id/goods-manage","","BJD00528","Deal Parfum odate","0.00","1476","-","Barang Jadi","pcs","https://kil.gserp.id/uploads/default.png"
"1788654371-1477","https://kil.gserp.id/goods-manage","","BJD00529","DEAL PARFUM ANJO","0.00","1477","-","Barang Jadi","pcs","https://kil.gserp.id/uploads/default.png"
"1788654371-1478","https://kil.gserp.id/goods-manage","","BJD00530","DEAL PARFUM OKINAWA","0.00","1478","-","Barang Jadi","pcs","https://kil.gserp.id/uploads/default.png"
"1788654371-1479","https://kil.gserp.id/goods-manage","","BJD00531","DEAL PARFUM KYOTO","0.00","1479","-","Barang Jadi","pcs","https://kil.gserp.id/uploads/default.png"
"1788654371-1480","https://kil.gserp.id/goods-manage","","BJD00532","Body Serum Aha","0.00","1480","-","Barang Jadi","pcs","https://kil.gserp.id/uploads/default.png"
"1788654371-1481","https://kil.gserp.id/goods-manage","","BJD00533","FACE WASH","0.00","1481","-","Barang Jadi","pcs","https://kil.gserp.id/uploads/default.png"
"1788654371-1482","https://kil.gserp.id/goods-manage","","BJD00534","FACE TONER","0.00","1482","-","Barang Jadi","pcs","https://kil.gserp.id/uploads/default.png"
"1788654371-1483","https://kil.gserp.id/goods-manage","","BJD00535","FACE SERUM (LANJUTAN NPF SEBELUMNYA)","0.00","1483","-","Barang Jadi","pcs","https://kil.gserp.id/uploads/default.png"
"1788654371-1484","https://kil.gserp.id/goods-manage","","BJD00536","DAY CREAM","0.00","1484","-","Barang Jadi","pcs","https://kil.gserp.id/uploads/default.png"
"1788654371-1485","https://kil.gserp.id/goods-manage","","BJD00537","FACE SERUM (LANJUTAN NPF SEBELUMNYA)","0.00","1485","-","Barang Jadi","pcs","https://kil.gserp.id/uploads/default.png"
"1788654371-1486","https://kil.gserp.id/goods-manage","","BJD00538","DEAL - DAY LOTION With UV","0.00","1486","-","Barang Jadi","pcs","https://kil.gserp.id/uploads/default.png"
"1788654371-1487","https://kil.gserp.id/goods-manage","","BJD00539","DEAL - WHITENING NIGHT LOTIO With AHA","0.00","1487","-","Barang Jadi","pcs","https://kil.gserp.id/uploads/default.png"
"1788654371-1488","https://kil.gserp.id/goods-manage","","BJD00540","DEAL - CALM SOOTHING BODY SERUM","0.00","1488","-","Barang Jadi","pcs","https://kil.gserp.id/uploads/default.png"
"1788654371-1489","https://kil.gserp.id/goods-manage","","BJD00541","DEAL - BODY MIST With ALOEVERA EXTRACT","0.00","1489","-","Barang Jadi","pcs","https://kil.gserp.id/uploads/default.png"
"1788654371-1490","https://kil.gserp.id/goods-manage","","BJD00542","Cream Dark Spot","0.00","1490","-","Barang Jadi","pcs","https://kil.gserp.id/uploads/default.png"
"1788654371-1491","https://kil.gserp.id/goods-manage","","BJD00543","Serum","0.00","1491","-","Barang Jadi","pcs","https://kil.gserp.id/uploads/default.png"
"1788654371-1492","https://kil.gserp.id/goods-manage","","BJD00544","Serum","0.00","1492","-","Barang Jadi","pcs","https://kil.gserp.id/uploads/default.png"
"1788654371-1493","https://kil.gserp.id/goods-manage","","BJD00545","DEAL PARFUM EMBER LUSH","0.00","1493","-","Barang Jadi","pcs","https://kil.gserp.id/uploads/default.png"
"1788654371-1494","https://kil.gserp.id/goods-manage","","BJD00546","DEAL PARFUM ARDENT NOIR","0.00","1494","-","Barang Jadi","pcs","https://kil.gserp.id/uploads/default.png"
"1788654371-1495","https://kil.gserp.id/goods-manage","","BJD00547","DEAL PARFUM NOCTIS BLOOM","0.00","1495","-","Barang Jadi","pcs","https://kil.gserp.id/uploads/default.png"
"1788654371-1496","https://kil.gserp.id/goods-manage","","BJD00548","facial foam","0.00","1496","-","Barang Jadi","pcs","https://kil.gserp.id/uploads/default.png"
"1788654371-1497","https://kil.gserp.id/goods-manage","","BJD00549","Redence Hair Therapy Serum 3% (Labbol)","0.00","1497","-","Barang Jadi","pcs","https://kil.gserp.id/uploads/default.png"
"1788654371-1498","https://kil.gserp.id/goods-manage","","BJD00550","Redence Hair Growth Serum 5% (Labbol)","0.00","1498","-","Barang Jadi","pcs","https://kil.gserp.id/uploads/default.png"
"1788654371-1499","https://kil.gserp.id/goods-manage","","BJD00551","Hair Tonic (Labbol)","0.00","1499","-","Barang Jadi","pcs","https://kil.gserp.id/uploads/default.png"
"1788654371-1500","https://kil.gserp.id/goods-manage","","BJD00552","Hair Growth Shampo With Keratin (Labbol)","0.00","1500","-","Barang Jadi","pcs","https://kil.gserp.id/uploads/default.png"
"1788654371-1501","https://kil.gserp.id/goods-manage","","BJD00553","DEAL - SHAMPOO SIGVIOLET","0.00","1501","-","Barang Jadi","pcs","https://kil.gserp.id/uploads/default.png"
"1788654371-1502","https://kil.gserp.id/goods-manage","","BJD00554","phytonutrient scalp oil","0.00","1502","-","Barang Jadi","pcs","https://kil.gserp.id/uploads/default.png"
"1788654371-1503","https://kil.gserp.id/goods-manage","","BJD00555","whitwning sunscreen cream","0.00","1503","-","Barang Jadi","pcs","https://kil.gserp.id/uploads/default.png"
"1788654371-1504","https://kil.gserp.id/goods-manage","","BJD00556","Extrait (Dior Sauvage)","0.00","1504","-","Barang Jadi","pcs","https://kil.gserp.id/uploads/default.png"
"1788654371-1505","https://kil.gserp.id/goods-manage","","BJD00557","Extrait (Oria Scand)","0.00","1505","-","Barang Jadi","pcs","https://kil.gserp.id/uploads/default.png"
"1788654371-1506","https://kil.gserp.id/goods-manage","","BJD00558","face and body BRIGHT peeling spray","0.00","1506","-","Barang Jadi","pcs","https://kil.gserp.id/uploads/default.png"
"1788654371-1507","https://kil.gserp.id/goods-manage","","BJD00559","Deal Extrait Dior Sauvage","0.00","1507","-","Barang Jadi","pcs","https://kil.gserp.id/uploads/default.png"
"1788654371-1508","https://kil.gserp.id/goods-manage","","BJD00560","Deal Extrait My Way","0.00","1508","-","Barang Jadi","pcs","https://kil.gserp.id/uploads/default.png"
"1788654371-1509","https://kil.gserp.id/goods-manage","","BJD00561","Deal Extrait Vanilla Ice","0.00","1509","-","Barang Jadi","pcs","https://kil.gserp.id/uploads/default.png"
"1788654371-1510","https://kil.gserp.id/goods-manage","","BJD00562","Deal Extrait Nomaden","0.00","1510","-","Barang Jadi","pcs","https://kil.gserp.id/uploads/default.png"
"1788654371-1511","https://kil.gserp.id/goods-manage","","BJD00563","Deal Extrait V-Lust","0.00","1511","-","Barang Jadi","pcs","https://kil.gserp.id/uploads/default.png"
"1788654371-1512","https://kil.gserp.id/goods-manage","","BJD00564","DAY CREAM *3 (Formula Deal)","0.00","1512","-","Barang Jadi","pcs","https://kil.gserp.id/uploads/default.png"
"1788654371-1513","https://kil.gserp.id/goods-manage","","BJD00565","NIGHT CREAM *3 (Formula Deal)","0.00","1513","-","Barang Jadi","pcs","https://kil.gserp.id/uploads/default.png"
"1788654371-1514","https://kil.gserp.id/goods-manage","","BJD00566","FACE WASH (Formula Aurea)","0.00","1514","-","Barang Jadi","pcs","https://kil.gserp.id/uploads/default.png"
"1788654371-1515","https://kil.gserp.id/goods-manage","","BJD00567","DEAL - FACE SERUM FORMULA I CARE B (ACNE SERIES)","0.00","1515","-","Barang Jadi","pcs","https://kil.gserp.id/uploads/default.png"
"1788654371-1516","https://kil.gserp.id/goods-manage","","BJD00568","DEAL - FACE TONER FORMULA I CARE B (ACNE SERIES)","0.00","1516","-","Barang Jadi","pcs","https://kil.gserp.id/uploads/default.png"
"1788654371-1517","https://kil.gserp.id/goods-manage","","BJD00569","DEAL - EXTRAIT ELC (Fairy Lady)","0.00","1517","-","Barang Jadi","pcs","https://kil.gserp.id/uploads/default.png"
"1788654371-1518","https://kil.gserp.id/goods-manage","","BJD00570","DEAL - EXTRAIT NIGHT CLUB (Mountain Legend)","0.00","1518","-","Barang Jadi","pcs","https://kil.gserp.id/uploads/default.png"
"1788654371-1519","https://kil.gserp.id/goods-manage","","BJD00571","DEAL - EXTRAIT MADEMOIZE (Choco Madmoiselle)","0.00","1519","-","Barang Jadi","pcs","https://kil.gserp.id/uploads/default.png"
"1788654371-1520","https://kil.gserp.id/goods-manage","","BJD00572","DEAL - EXTRAIT 5.4.0 (Baccarat / Bacardi)","0.00","1520","-","Barang Jadi","pcs","https://kil.gserp.id/uploads/default.png"
"1788654371-1521","https://kil.gserp.id/goods-manage","","BJD00573","DEAL - EXTRAIT Billion Man (One Million / Billion Shif)","0.00","1521","-","Barang Jadi","pcs","https://kil.gserp.id/uploads/default.png"
"1788654371-1522","https://kil.gserp.id/goods-manage","","BJD00574","DEAL - EXTRAIT LUST (V- Lust / Eros Men)","0.00","1522","-","Barang Jadi","pcs","https://kil.gserp.id/uploads/default.png"
"1788654371-1523","https://kil.gserp.id/goods-manage","","BJD00575","DEAL - EXTRAIT GOOD GIRL (Carolina Herrera Good Girl V1 (F))","0.00","1523","-","Barang Jadi","pcs","https://kil.gserp.id/uploads/default.png"
"1788654371-1524","https://kil.gserp.id/goods-manage","","BJD00576","DEAL - EXTRAIT DARK OPIUM (Black Opium / Opium Givaudan)","0.00","1524","-","Barang Jadi","pcs","https://kil.gserp.id/uploads/default.png"
"1788654371-1525","https://kil.gserp.id/goods-manage","","BJD00577","DEAL - EXTRAIT XAPPHIRE (Omnia Amethyst V1 (F))","0.00","1525","-","Barang Jadi","pcs","https://kil.gserp.id/uploads/default.png"
"1788654371-1526","https://kil.gserp.id/goods-manage","","BJD00578","DEAL - EXTRAIT SCURILOUS (Scandal Vica Macbrame)","0.00","1526","-","Barang Jadi","pcs","https://kil.gserp.id/uploads/default.png"
"1788654371-1527","https://kil.gserp.id/goods-manage","","BJD00579","DEAL - EXTRAIT ROMANTIC PASSION (candy Love (thousand Wishes senses))","0.00","1527","-","Barang Jadi","pcs","https://kil.gserp.id/uploads/default.png"
"1788654371-1528","https://kil.gserp.id/goods-manage","","BJD00580","DEAL - EXTRAIT MIDNIGHT OUD (Amsterdam 2 (custom Brian))","0.00","1528","-","Barang Jadi","pcs","https://kil.gserp.id/uploads/default.png"
"1788654371-1529","https://kil.gserp.id/goods-manage","","BJD00581","facial foam","0.00","1529","-","Barang Jadi","pcs","https://kil.gserp.id/uploads/default.png"
"1788654371-1530","https://kil.gserp.id/goods-manage","","BJD00582","Japan Tobaco","0.00","1530","-","Barang Jadi","pcs","https://kil.gserp.id/uploads/default.png"
"1788654371-1531","https://kil.gserp.id/goods-manage","","BJD00583","Fairy tale parfum","0.00","1531","-","Barang Jadi","pcs","https://kil.gserp.id/uploads/default.png"
"1788654371-1532","https://kil.gserp.id/goods-manage","","BJD00584","Valary Parfume","0.00","1532","-","Barang Jadi","pcs","https://kil.gserp.id/uploads/default.png"
"1788654371-1533","https://kil.gserp.id/goods-manage","","BJD00585","FORMULA UNTUK RO (HAND CREAM FRANGIPANI)","0.00","1533","-","Barang Jadi","pcs","https://kil.gserp.id/uploads/default.png"
"1788654371-1534","https://kil.gserp.id/goods-manage","","BJD00586","DEAL - HAIR TONIC SIGVIOLET","0.00","1534","-","Barang Jadi","pcs","https://kil.gserp.id/uploads/default.png"
"1788654371-1535","https://kil.gserp.id/goods-manage","","BJD00587","DEAL - HAIR TONIC SIGVIOLET","0.00","1535","-","Barang Jadi","pcs","https://kil.gserp.id/uploads/default.png"
"1788654371-1536","https://kil.gserp.id/goods-manage","","BJD00588","DEAL - SHAMPOO SIGVIOLET","0.00","1536","-","Barang Jadi","pcs","https://kil.gserp.id/uploads/default.png"
"1788654371-1537","https://kil.gserp.id/goods-manage","","BJD00589","Body lotion bagus","0.00","1537","-","Barang Jadi","pcs","https://kil.gserp.id/uploads/default.png"
"1788654371-1538","https://kil.gserp.id/goods-manage","","BJD00590","Hair Tonic anti dandruff & Anti Hair fall","0.00","1538","-","Barang Jadi","pcs","https://kil.gserp.id/uploads/default.png"
"1788654371-1539","https://kil.gserp.id/goods-manage","","BJD00591","DARKSPOT CREAM","0.00","1539","-","Barang Jadi","pcs","https://kil.gserp.id/uploads/default.png"
"1788654371-1540","https://kil.gserp.id/goods-manage","","BJD00592","EXTRAIT PARFUM MY WAY","0.00","1540","-","Barang Jadi","pcs","https://kil.gserp.id/uploads/default.png"
"1788654371-1541","https://kil.gserp.id/goods-manage","","BJD00593","EXTRAIT PARFUM AQUAKISS","0.00","1541","-","Barang Jadi","pcs","https://kil.gserp.id/uploads/default.png"
"1788654371-1542","https://kil.gserp.id/goods-manage","","BJD00594","EXTRAIT PARFUM AQUAKISS","0.00","1542","-","Barang Jadi","pcs","https://kil.gserp.id/uploads/default.png"
"1788654371-1543","https://kil.gserp.id/goods-manage","","BJD00595","facial foam","0.00","1543","-","Barang Jadi","pcs","https://kil.gserp.id/uploads/default.png"
"1788654371-1544","https://kil.gserp.id/goods-manage","","BJD00596","DEAL - HAIR TONIC SIGVIOLET","0.00","1544","-","Barang Jadi","pcs","https://kil.gserp.id/uploads/default.png"
"1788654371-1545","https://kil.gserp.id/goods-manage","","BJD00597","EYELASH SERUM","0.00","1545","-","Barang Jadi","pcs","https://kil.gserp.id/uploads/default.png"
"1788654371-1546","https://kil.gserp.id/goods-manage","","BJD00598","DEAL - BODY LOTION BOOSTER","0.00","1546","-","Barang Jadi","pcs","https://kil.gserp.id/uploads/default.png"
"1788654371-1547","https://kil.gserp.id/goods-manage","","BJD00599","CALM DOWN MOISTURIZER","0.00","1547","-","Barang Jadi","pcs","https://kil.gserp.id/uploads/default.png"
"1788654371-1548","https://kil.gserp.id/goods-manage","","BJD00600","Facial Wash ( Aurajune )","0.00","1548","-","Barang Jadi","pcs","https://kil.gserp.id/uploads/default.png"
"1788654371-1549","https://kil.gserp.id/goods-manage","","BJD00601","SERUM ( AURAJUNE )","0.00","1549","-","Barang Jadi","pcs","https://kil.gserp.id/uploads/default.png"
"1788654371-1550","https://kil.gserp.id/goods-manage","","BJD00602","DEAL - NIGHTCREAM (FORMULA DARKSPOT CREAM LA'WO)","0.00","1550","-","Barang Jadi","pcs","https://kil.gserp.id/uploads/default.png"
"1788654371-1551","https://kil.gserp.id/goods-manage","","BJD00603","SUNSCREEN ( AURAJUNE )","0.00","1551","-","Barang Jadi","pcs","https://kil.gserp.id/uploads/default.png"
"1788654371-1552","https://kil.gserp.id/goods-manage","","BJD00604","parfum angel schlesser deep leather","0.00","1552","-","Barang Jadi","pcs","https://kil.gserp.id/uploads/default.png"
"1788654371-1553","https://kil.gserp.id/goods-manage","","BJD00605","parfum tous 1920 teh origin","0.00","1553","-","Barang Jadi","pcs","https://kil.gserp.id/uploads/default.png"
"1788654371-1554","https://kil.gserp.id/goods-manage","","BJD00606","parfum jean paul gaultier scandal","0.00","1554","-","Barang Jadi","pcs","https://kil.gserp.id/uploads/default.png"
"1788654371-1555","https://kil.gserp.id/goods-manage","","BJD00607","Moisturizer Gel ( MILMICHA GLOW )","0.00","1555","-","Barang Jadi","pcs","https://kil.gserp.id/uploads/default.png"
"1788654371-1556","https://kil.gserp.id/goods-manage","","BJD00608","EYELASH & EYEBROW SERUM","0.00","1556","-","Barang Jadi","pcs","https://kil.gserp.id/uploads/default.png"
"1788654371-1557","https://kil.gserp.id/goods-manage","","BJD00609","DEAL - NAGITAVI EDP 25%","0.00","1557","-","Barang Jadi","pcs","https://kil.gserp.id/uploads/default.png"
"1788654371-1558","https://kil.gserp.id/goods-manage","","BJD00610","DEAL - CALM WHITE EDP 25%","0.00","1558","-","Barang Jadi","pcs","https://kil.gserp.id/uploads/default.png"
"1788654371-1559","https://kil.gserp.id/goods-manage","","BJD00611","DEAL - DIOR SAUVAGE EDP 25%","0.00","1559","-","Barang Jadi","pcs","https://kil.gserp.id/uploads/default.png"
"1788654371-1560","https://kil.gserp.id/goods-manage","","BJD00612","DEAL - BALI TRIP EDP 25%","0.00","1560","-","Barang Jadi","pcs","https://kil.gserp.id/uploads/default.png"
"1788654371-1561","https://kil.gserp.id/goods-manage","","BJD00613","DEAL - COSTA SPORT/LACOSTE EDP 25%","0.00","1561","-","Barang Jadi","pcs","https://kil.gserp.id/uploads/default.png"
"1788654371-1562","https://kil.gserp.id/goods-manage","","BJD00614","Cologne baby baby doll","0.00","1562","-","Barang Jadi","pcs","https://kil.gserp.id/uploads/default.png"
"1788654371-1563","https://kil.gserp.id/goods-manage","","BJD00615","cologne baby Vanilla ice","0.00","1563","-","Barang Jadi","pcs","https://kil.gserp.id/uploads/default.png"
"1788654371-1564","https://kil.gserp.id/goods-manage","","BJD00616","PRIO FACE WASH","0.00","1564","-","Barang Jadi","pcs","https://kil.gserp.id/uploads/default.png"
"1788654371-1565","https://kil.gserp.id/goods-manage","","BJD00617","PRIO FACE TONER EKSFOLIASI","0.00","1565","-","Barang Jadi","pcs","https://kil.gserp.id/uploads/default.png"
"1788654371-1566","https://kil.gserp.id/goods-manage","","BJD00618","PRIO DAY CREAM TONE UP","0.00","1566","-","Barang Jadi","pcs","https://kil.gserp.id/uploads/default.png"
"1788654371-1567","https://kil.gserp.id/goods-manage","","BJD00619","PRIO NIGHT CREAM","0.00","1567","-","Barang Jadi","pcs","https://kil.gserp.id/uploads/default.png"
"1788654371-1568","https://kil.gserp.id/goods-manage","","BJD00620","PRIO FACE SERUM","0.00","1568","-","Barang Jadi","pcs","https://kil.gserp.id/uploads/default.png"
"1788654371-1569","https://kil.gserp.id/goods-manage","","BJD00621","DEAL - SHAMPOO SIGVIOLET","0.00","1569","-","Barang Jadi","pcs","https://kil.gserp.id/uploads/default.png"
"1788654371-1570","https://kil.gserp.id/goods-manage","","BJD00622","DEAL - FINAL EXTRAIT ""LUXE AMOUR""","0.00","1570","-","Barang Jadi","pcs","https://kil.gserp.id/uploads/default.png"
"1788654371-1571","https://kil.gserp.id/goods-manage","","BJD00623","DEAL - EXTRAIT 35% ""GIRLY""","0.00","1571","-","Barang Jadi","pcs","https://kil.gserp.id/uploads/default.png"
"1788654371-1572","https://kil.gserp.id/goods-manage","","BJD00624","DEAL - EXTRAIT 35% ""HEAVEN ME/SCANDAL MEN""","0.00","1572","-","Barang Jadi","pcs","https://kil.gserp.id/uploads/default.png"
"1788654371-1573","https://kil.gserp.id/goods-manage","","BJD00625","FACE FOAM","0.00","1573","-","Barang Jadi","pcs","https://kil.gserp.id/uploads/default.png"
"1788654371-1574","https://kil.gserp.id/goods-manage","","BJD00626","DEAL - EXTRAIT 35% DIOR SAUVAGE (NOIR)","0.00","1574","-","Barang Jadi","pcs","https://kil.gserp.id/uploads/default.png"
"1788654371-1575","https://kil.gserp.id/goods-manage","","BJD00627","DEAL - EXTRAIT 35% VANILA ICE (VELVET)","0.00","1575","-","Barang Jadi","pcs","https://kil.gserp.id/uploads/default.png"
"1788654371-1576","https://kil.gserp.id/goods-manage","","BJD00628","DEAL - EXTRAIT 35% ZAHRAT HAWAI (TROPICALE)","0.00","1576","-","Barang Jadi","pcs","https://kil.gserp.id/uploads/default.png"
"1788654371-1577","https://kil.gserp.id/goods-manage","","BJD00629","Serum Whitening untuk Flek","0.00","1577","-","Barang Jadi","pcs","https://kil.gserp.id/uploads/default.png"
"1788654371-1578","https://kil.gserp.id/goods-manage","","BJD00630","FACIAL WASH MOJO AYU","0.00","1578","-","Barang Jadi","pcs","https://kil.gserp.id/uploads/default.png"
"1788654371-1579","https://kil.gserp.id/goods-manage","","BJD00631","day cream revisi","0.00","1579","-","Barang Jadi","pcs","https://kil.gserp.id/uploads/default.png"
"1788654371-1580","https://kil.gserp.id/goods-manage","","BJD00632","acne night cream","0.00","1580","-","Barang Jadi","pcs","https://kil.gserp.id/uploads/default.png"
"1788654371-1581","https://kil.gserp.id/goods-manage","","BJD00633","Whitening Night cream","0.00","1581","-","Barang Jadi","pcs","https://kil.gserp.id/uploads/default.png"
"1788654371-1582","https://kil.gserp.id/goods-manage","","BJD00634","DEAL - FINAL EXTRAIT ""LUXE AMOUR""","0.00","1582","-","Barang Jadi","pcs","https://kil.gserp.id/uploads/default.png"
"1788654371-1583","https://kil.gserp.id/goods-manage","","BJD00635","DEAL - FINAL EXTRAIT ""ROX""","0.00","1583","-","Barang Jadi","pcs","https://kil.gserp.id/uploads/default.png"
"1788654371-1584","https://kil.gserp.id/goods-manage","","BJD00636","DEAL - DAY CREAM (SIIRN)","0.00","1584","-","Barang Jadi","pcs","https://kil.gserp.id/uploads/default.png"
"1788654371-1585","https://kil.gserp.id/goods-manage","","BJD00637","DEAL - NIGHT CRREAM (SIRIN)","0.00","1585","-","Barang Jadi","pcs","https://kil.gserp.id/uploads/default.png"
"1788654371-1586","https://kil.gserp.id/goods-manage","","BJD00638","DEAL - FACE TONER (SIRIN)","0.00","1586","-","Barang Jadi","pcs","https://kil.gserp.id/uploads/default.png"
"1788654371-1587","https://kil.gserp.id/goods-manage","","BJD00639","BODY BOOSTER","0.00","1587","-","Barang Jadi","pcs","https://kil.gserp.id/uploads/default.png"
"1788654371-1588","https://kil.gserp.id/goods-manage","","BJD00640","NIGHT LOTION","0.00","1588","-","Barang Jadi","pcs","https://kil.gserp.id/uploads/default.png"
"1788654371-1589","https://kil.gserp.id/goods-manage","","BJD00641","DEAL - FACE TONER","0.00","1589","-","Barang Jadi","pcs","https://kil.gserp.id/uploads/default.png"
"1788654371-1590","https://kil.gserp.id/goods-manage","","BJD00642","DEAL - FACE WASH","0.00","1590","-","Barang Jadi","pcs","https://kil.gserp.id/uploads/default.png"
"1788654371-1591","https://kil.gserp.id/goods-manage","","BJD00643","DEAL - DAY CREAM","0.00","1591","-","Barang Jadi","pcs","https://kil.gserp.id/uploads/default.png"
"1788654371-1592","https://kil.gserp.id/goods-manage","","BJD00644","DEAL - NIGHT CREAM","0.00","1592","-","Barang Jadi","pcs","https://kil.gserp.id/uploads/default.png"
"1788654371-1593","https://kil.gserp.id/goods-manage","","BJD00645","Tone Up body lotion","0.00","1593","-","Barang Jadi","pcs","https://kil.gserp.id/uploads/default.png"
"1788654371-1594","https://kil.gserp.id/goods-manage","","BJD00646","INTIMATTE MASK","0.00","1594","-","Barang Jadi","pcs","https://kil.gserp.id/uploads/default.png"
"1788654371-1595","https://kil.gserp.id/goods-manage","","BJD00647","PRIO DAY LOTION","0.00","1595","-","Barang Jadi","pcs","https://kil.gserp.id/uploads/default.png"
"1788654371-1596","https://kil.gserp.id/goods-manage","","BJD00648","Brightening Body Lotion","0.00","1596","-","Barang Jadi","pcs","https://kil.gserp.id/uploads/default.png"
"1788654371-1597","https://kil.gserp.id/goods-manage","","BJD00649","DEAL - EXTRAIT YSL LIBRE (TORIBIO)","0.00","1597","-","Barang Jadi","pcs","https://kil.gserp.id/uploads/default.png"
"1788654371-1598","https://kil.gserp.id/goods-manage","","BJD00650","DEAL - EXTRAIT DIOR BLOOMING (TORIBIO)","0.00","1598","-","Barang Jadi","pcs","https://kil.gserp.id/uploads/default.png"
"1788654371-1599","https://kil.gserp.id/goods-manage","","BJD00651","DEAL - NOMADEN / OMBRE NOMAD (TORIBIO)","0.00","1599","-","Barang Jadi","pcs","https://kil.gserp.id/uploads/default.png"
"1788654371-1600","https://kil.gserp.id/goods-manage","","BJD00652","DEAL - EXTRAIT ZAHRAT HAWAI (DREAMLAB)","0.00","1600","-","Barang Jadi","pcs","https://kil.gserp.id/uploads/default.png"
"1788654371-1601","https://kil.gserp.id/goods-manage","","BJD00653","NPF FINAL (DEAL) - Extrait Black Opium","0.00","1601","-","Barang Jadi","pcs","https://kil.gserp.id/uploads/default.png"
"1788654371-1602","https://kil.gserp.id/goods-manage","","BJD00654","NPF FINAL (DEAL) - Extrait Dior Sauvage","0.00","1602","-","Barang Jadi","pcs","https://kil.gserp.id/uploads/default.png"
"1788654371-1603","https://kil.gserp.id/goods-manage","","BJD00655","DEO Spray Papermint","0.00","1603","-","Barang Jadi","pcs","https://kil.gserp.id/uploads/default.png"
"1788654371-1604","https://kil.gserp.id/goods-manage","","BJD00656","DEO Spray Papermint","0.00","1604","-","Barang Jadi","pcs","https://kil.gserp.id/uploads/default.png"
"1788654371-1605","https://kil.gserp.id/goods-manage","","BJD00657","Extrait (Mysteriosa)","0.00","1605","-","Barang Jadi","pcs","https://kil.gserp.id/uploads/default.png"
"1788654371-1606","https://kil.gserp.id/goods-manage","","BJD00658","Extrait (Oria Scand)","0.00","1606","-","Barang Jadi","pcs","https://kil.gserp.id/uploads/default.png"
"1788654371-1607","https://kil.gserp.id/goods-manage","","BJD00659","Extrait (V-Lust)","0.00","1607","-","Barang Jadi","pcs","https://kil.gserp.id/uploads/default.png"
"1788654371-1608","https://kil.gserp.id/goods-manage","","BJD00660","Extrait (Sunshine)","0.00","1608","-","Barang Jadi","pcs","https://kil.gserp.id/uploads/default.png"
"1788654371-1609","https://kil.gserp.id/goods-manage","","BJD00661","Extrait (Boss Elegance)","0.00","1609","-","Barang Jadi","pcs","https://kil.gserp.id/uploads/default.png"
"1788654371-1610","https://kil.gserp.id/goods-manage","","BJD00662","Extrait (Choco Chanel)","0.00","1610","-","Barang Jadi","pcs","https://kil.gserp.id/uploads/default.png"
"1788654371-1611","https://kil.gserp.id/goods-manage","","BJD00663","PRIO DAY CREAM","0.00","1611","-","Barang Jadi","pcs","https://kil.gserp.id/uploads/default.png"
"1788654371-1612","https://kil.gserp.id/goods-manage","","BJD00664","DEO Spray Jasmine","0.00","1612","-","Barang Jadi","pcs","https://kil.gserp.id/uploads/default.png"
"1788654371-1613","https://kil.gserp.id/goods-manage","","BJD00665","DEO Spray Jasmine","0.00","1613","-","Barang Jadi","pcs","https://kil.gserp.id/uploads/default.png"
"1788654371-1614","https://kil.gserp.id/goods-manage","","BJD00666","DEAL PARFUM OKINAWA","0.00","1614","-","Barang Jadi","pcs","https://kil.gserp.id/uploads/default.png"
"1788654371-1615","https://kil.gserp.id/goods-manage","","BJD00667","Parfum Intense","0.00","1615","-","Barang Jadi","pcs","https://kil.gserp.id/uploads/default.png"
"1788654371-1616","https://kil.gserp.id/goods-manage","","BJD00668","PARFUM KHARISMA","0.00","1616","-","Barang Jadi","pcs","https://kil.gserp.id/uploads/default.png"
"1788654371-1617","https://kil.gserp.id/goods-manage","","BJD00669","PARFUM BLOSSOM","0.00","1617","-","Barang Jadi","pcs","https://kil.gserp.id/uploads/default.png"
"1788654371-1618","https://kil.gserp.id/goods-manage","","BJD00670","DEAL - DEODRANT SPRAY VANILA","0.00","1618","-","Barang Jadi","pcs","https://kil.gserp.id/uploads/default.png"
"1788654371-1619","https://kil.gserp.id/goods-manage","","BJD00671","DEAL - DEODRANT SPRAY VANILA","0.00","1619","-","Barang Jadi","pcs","https://kil.gserp.id/uploads/default.png"
"1788654371-1620","https://kil.gserp.id/goods-manage","","BJD00672","DEAL - EXTRAIT 35% ""THE DUTCHES""","0.00","1620","-","Barang Jadi","pcs","https://kil.gserp.id/uploads/default.png"
"1788654371-1621","https://kil.gserp.id/goods-manage","","BJD00673","CUSTOMER PARFUME (RAIN)","0.00","1621","-","Barang Jadi","pcs","https://kil.gserp.id/uploads/default.png"
"1788654371-1622","https://kil.gserp.id/goods-manage","","BJD00674","DEAL - EXTRAIT 40% NOMADEN / OMBRE NOMADE (OPSI TERRE)","0.00","1622","-","Barang Jadi","pcs","https://kil.gserp.id/uploads/default.png"
"1788654371-1623","https://kil.gserp.id/goods-manage","","BJD00675","DARKSPOT CREAM","0.00","1623","-","Barang Jadi","pcs","https://kil.gserp.id/uploads/default.png"
"1788654371-1624","https://kil.gserp.id/goods-manage","","BJD00676","castrol oil","0.00","1624","-","Barang Jadi","pcs","https://kil.gserp.id/uploads/default.png"
"1788654371-1625","https://kil.gserp.id/goods-manage","","BJD00677","minyak kemiri original","0.00","1625","-","Barang Jadi","pcs","https://kil.gserp.id/uploads/default.png"
"1788654371-1626","https://kil.gserp.id/goods-manage","","BJD00678","minyak kemiri bakar","0.00","1626","-","Barang Jadi","pcs","https://kil.gserp.id/uploads/default.png"
"1788654371-1627","https://kil.gserp.id/goods-manage","","BJD00679","REVISI CURL CREAM","0.00","1627","-","Barang Jadi","pcs","https://kil.gserp.id/uploads/default.png"
"1788654371-1628","https://kil.gserp.id/goods-manage","","BJD00680","facial foam","0.00","1628","-","Barang Jadi","pcs","https://kil.gserp.id/uploads/default.png"
"1788654371-1629","https://kil.gserp.id/goods-manage","","BJD00681","BRIGHTENING TONE UP LOTION","0.00","1629","-","Barang Jadi","pcs","https://kil.gserp.id/uploads/default.png"
"1788654371-1630","https://kil.gserp.id/goods-manage","","BJD00682","curl cream kids","0.00","1630","-","Barang Jadi","pcs","https://kil.gserp.id/uploads/default.png"
"1788654371-1631","https://kil.gserp.id/goods-manage","","BJD00683","EXTRAIT PARFUM LEGATUS","0.00","1631","-","Barang Jadi","pcs","https://kil.gserp.id/uploads/default.png"
"1788654371-1632","https://kil.gserp.id/goods-manage","","BJD00684","EXTRAIT PARFUM LUMORA","0.00","1632","-","Barang Jadi","pcs","https://kil.gserp.id/uploads/default.png"
"1788654371-1633","https://kil.gserp.id/goods-manage","","BJD00685","EXTRAIT PARFUM ROSVARA","0.00","1633","-","Barang Jadi","pcs","https://kil.gserp.id/uploads/default.png"
"1788654371-1634","https://kil.gserp.id/goods-manage","","BJD00686","EXTRAIT PARFUM FELIX","0.00","1634","-","Barang Jadi","pcs","https://kil.gserp.id/uploads/default.png"
"1788654371-1635","https://kil.gserp.id/goods-manage","","BJD00687","Redence Hair Therapy Serum 3% (Labbol)","0.00","1635","-","Barang Jadi","pcs","https://kil.gserp.id/uploads/default.png"
"1788654371-1636","https://kil.gserp.id/goods-manage","","BJD00688","Redence Hair Growth Serum 5% (Labbol)","0.00","1636","-","Barang Jadi","pcs","https://kil.gserp.id/uploads/default.png"
"1788654371-1637","https://kil.gserp.id/goods-manage","","BJD00689","Rev 3 Hair serum baby","0.00","1637","-","Barang Jadi","pcs","https://kil.gserp.id/uploads/default.png"
"1788654371-1638","https://kil.gserp.id/goods-manage","","BJD00690","Micellar Water","0.00","1638","-","Barang Jadi","pcs","https://kil.gserp.id/uploads/default.png"
"1788654371-1639","https://kil.gserp.id/goods-manage","","BJD00691","DARKSPOT CREAM","0.00","1639","-","Barang Jadi","pcs","https://kil.gserp.id/uploads/default.png"
"1788654371-1640","https://kil.gserp.id/goods-manage","","BJD00692","BODY LOTION BOOSTER","0.00","1640","-","Barang Jadi","pcs","https://kil.gserp.id/uploads/default.png"
"1788654371-1641","https://kil.gserp.id/goods-manage","","BJD00693","FACE FOAM","0.00","1641","-","Barang Jadi","pcs","https://kil.gserp.id/uploads/default.png"
"1788654371-1642","https://kil.gserp.id/goods-manage","","BJD00694","Body Lotion Tone Up","0.00","1642","-","Barang Jadi","pcs","https://kil.gserp.id/uploads/default.png"
"1788654371-1643","https://kil.gserp.id/goods-manage","","BJD00695","cusom parfum 1","0.00","1643","-","Barang Jadi","pcs","https://kil.gserp.id/uploads/default.png"
"1788654371-1644","https://kil.gserp.id/goods-manage","","BJD00696","Extrait A Blue","0.00","1644","-","Barang Jadi","pcs","https://kil.gserp.id/uploads/default.png"
"1788654371-1645","https://kil.gserp.id/goods-manage","","BJD00697","Extrait Parfum Luxury","0.00","1645","-","Barang Jadi","pcs","https://kil.gserp.id/uploads/default.png"
"1788654371-1646","https://kil.gserp.id/goods-manage","","BJD00698","EXTRAIT PARFUM FAIRY LADY","0.00","1646","-","Barang Jadi","pcs","https://kil.gserp.id/uploads/default.png"
"1788654371-1647","https://kil.gserp.id/goods-manage","","BJD00699","Extrait Trusardi donna","0.00","1647","-","Barang Jadi","pcs","https://kil.gserp.id/uploads/default.png"
"1788654371-1648","https://kil.gserp.id/goods-manage","","BJD00700","EXTRAIT MY WAY","0.00","1648","-","Barang Jadi","pcs","https://kil.gserp.id/uploads/default.png"
"1788654371-1649","https://kil.gserp.id/goods-manage","","BJD00701","DEAL PARFUM ANJO","0.00","1649","-","Barang Jadi","pcs","https://kil.gserp.id/uploads/default.png"
"1788654371-1650","https://kil.gserp.id/goods-manage","","BJD00702","Deal Parfum odate","0.00","1650","-","Barang Jadi","pcs","https://kil.gserp.id/uploads/default.png"
"1788654371-1651","https://kil.gserp.id/goods-manage","","BJD00703","Whitening Body Lotion","0.00","1651","-","Barang Jadi","pcs","https://kil.gserp.id/uploads/default.png"
"1788654371-1652","https://kil.gserp.id/goods-manage","","BJD00704","DARKSPOT CREAM","0.00","1652","-","Barang Jadi","pcs","https://kil.gserp.id/uploads/default.png"
"1788654371-1653","https://kil.gserp.id/goods-manage","","BJD00705","Redence Hair Growth Serum 5% (Labbol)","0.00","1653","-","Barang Jadi","pcs","https://kil.gserp.id/uploads/default.png"
"1788654371-1654","https://kil.gserp.id/goods-manage","","BJD00706","Sunscreen Spray Tone Up SPF 50","0.00","1654","-","Barang Jadi","pcs","https://kil.gserp.id/uploads/default.png"
"1788654371-1655","https://kil.gserp.id/goods-manage","","BJD00707","Sunscreen Spray Tone Up SPF 50","0.00","1655","-","Barang Jadi","pcs","https://kil.gserp.id/uploads/default.png"
"1788654371-1656","https://kil.gserp.id/goods-manage","","BJD00708","MAGIC LIP SERUM","0.00","1656","-","Barang Jadi","pcs","https://kil.gserp.id/uploads/default.png"
"1788654371-1657","https://kil.gserp.id/goods-manage","","BJD00709","Redence Hair Growth Serum 5% (Labbol)","0.00","1657","-","Barang Jadi","pcs","https://kil.gserp.id/uploads/default.png"
"1788654371-1658","https://kil.gserp.id/goods-manage","","BJD00710","DARKSPOT CREAM","0.00","1658","-","Barang Jadi","pcs","https://kil.gserp.id/uploads/default.png"
"1788654371-1659","https://kil.gserp.id/goods-manage","","BJD00711","Moisturizer Gel ( MILMICHA GLOW )","0.00","1659","-","Barang Jadi","pcs","https://kil.gserp.id/uploads/default.png"
"1788654371-1660","https://kil.gserp.id/goods-manage","","BJD00712","DEAL - BALM PARFUME / ROMANTIC ROMANCE (Maloni)","0.00","1660","-","Barang Jadi","pcs","https://kil.gserp.id/uploads/default.png"
"1788654371-1661","https://kil.gserp.id/goods-manage","","BJD00713","Facial Wash All Skin Type","0.00","1661","-","Barang Jadi","pcs","https://kil.gserp.id/uploads/default.png"
"1788654371-1662","https://kil.gserp.id/goods-manage","","BJD00714","GLOW BRIGHT FACE MIST SPRAY","0.00","1662","-","Barang Jadi","pcs","https://kil.gserp.id/uploads/default.png"
"1788654371-1663","https://kil.gserp.id/goods-manage","","BJD00715","Moisturizer Gel","0.00","1663","-","Barang Jadi","pcs","https://kil.gserp.id/uploads/default.png"
"1788654371-1664","https://kil.gserp.id/goods-manage","","BJD00716","SUNSCREEN TONE UP SPF 40++ (REVISI 5)","0.00","1664","-","Barang Jadi","pcs","https://kil.gserp.id/uploads/default.png"
"1788654371-1665","https://kil.gserp.id/goods-manage","","BJD00717","curl Cream","0.00","1665","-","Barang Jadi","pcs","https://kil.gserp.id/uploads/default.png"
"1788654371-1666","https://kil.gserp.id/goods-manage","","BJD00718","EXTRAIT MYSTERIOSA","0.00","1666","-","Barang Jadi","pcs","https://kil.gserp.id/uploads/default.png"
"1788654371-1667","https://kil.gserp.id/goods-manage","","BJD00719","EDP WITH PHEROMONT MYSTERIOSA (KLAIM FEROMONT)","0.00","1667","-","Barang Jadi","pcs","https://kil.gserp.id/uploads/default.png"
"1788654371-1668","https://kil.gserp.id/goods-manage","","BJD00720","EDP WITH PHEROMONT ICY VANILLA (KLAIM FEROMONT)","0.00","1668","-","Barang Jadi","pcs","https://kil.gserp.id/uploads/default.png"
"1788654371-1669","https://kil.gserp.id/goods-manage","","BJD00721","hair serum baby and kids","0.00","1669","-","Barang Jadi","pcs","https://kil.gserp.id/uploads/default.png"
"1788654371-1670","https://kil.gserp.id/goods-manage","","BJD00722","DARKSPOT CREAM","0.00","1670","-","Barang Jadi","pcs","https://kil.gserp.id/uploads/default.png"
"1788654371-1671","https://kil.gserp.id/goods-manage","","BJD00723","Day Cream","0.00","1671","-","Barang Jadi","pcs","https://kil.gserp.id/uploads/default.png"
"1788654371-1672","https://kil.gserp.id/goods-manage","","BJD00724","Night Cream","0.00","1672","-","Barang Jadi","pcs","https://kil.gserp.id/uploads/default.png"
"1788654371-1673","https://kil.gserp.id/goods-manage","","BJD00725","PRIO BODY LOTION OEM","0.00","1673","-","Barang Jadi","pcs","https://kil.gserp.id/uploads/default.png"
"1788654371-1674","https://kil.gserp.id/goods-manage","","BJD00726","PRIO BODY WASH OEM","0.00","1674","-","Barang Jadi","pcs","https://kil.gserp.id/uploads/default.png"
"1788654371-1675","https://kil.gserp.id/goods-manage","","BJD00727","Body toner Exfoliate","0.00","1675","-","Barang Jadi","pcs","https://kil.gserp.id/uploads/default.png"
"1788654371-1676","https://kil.gserp.id/goods-manage","","BJD00728","Balm Parfume peony","0.00","1676","-","Barang Jadi","pcs","https://kil.gserp.id/uploads/default.png"
"1788654371-1677","https://kil.gserp.id/goods-manage","","BJD00729","PRIORITAS EAU DE PARFUM IMOZU PINK CHIFFON","0.00","1677","-","Barang Jadi","pcs","https://kil.gserp.id/uploads/default.png"
"1788654371-1678","https://kil.gserp.id/goods-manage","","BJD00730","EDP IMOZU - Scandalous","0.00","1678","-","Barang Jadi","pcs","https://kil.gserp.id/uploads/default.png"
"1788654371-1679","https://kil.gserp.id/goods-manage","","BJD00731","Eau de Perfume IMOZU - Vanilla Red Parfum","0.00","1679","-","Barang Jadi","pcs","https://kil.gserp.id/uploads/default.png"
"1788654371-1680","https://kil.gserp.id/goods-manage","","BJD00732","EAU DE PARFUM IMOZU ORCHIDLY","0.00","1680","-","Barang Jadi","pcs","https://kil.gserp.id/uploads/default.png"
"1788654371-1681","https://kil.gserp.id/goods-manage","","BJD00733","EDP IMOZU - Baby Fresh","0.00","1681","-","Barang Jadi","pcs","https://kil.gserp.id/uploads/default.png"
"1788654371-1682","https://kil.gserp.id/goods-manage","","BJD00734","Eau de Perfume IMOZU – PRAMUGARI","0.00","1682","-","Barang Jadi","pcs","https://kil.gserp.id/uploads/default.png"
"1788654371-1683","https://kil.gserp.id/goods-manage","","BJD00735","Redence Hair Growth Serum 5% (Labbol)","0.00","1683","-","Barang Jadi","pcs","https://kil.gserp.id/uploads/default.png"
"1788654371-1684","https://kil.gserp.id/goods-manage","","BJD00736","Moisturizer Gel ( MILMICHA GLOW )","0.00","1684","-","Barang Jadi","pcs","https://kil.gserp.id/uploads/default.png"
"1788654371-1685","https://kil.gserp.id/goods-manage","","BJD00737","Face wash mild","0.00","1685","-","Barang Jadi","pcs","https://kil.gserp.id/uploads/default.png"
"1788654371-1686","https://kil.gserp.id/goods-manage","","BJD00738","Whitening Serum For anti aging & Darkspot","0.00","1686","-","Barang Jadi","pcs","https://kil.gserp.id/uploads/default.png"
"1788654371-1687","https://kil.gserp.id/goods-manage","","BJD00739","Night Cream","0.00","1687","-","Barang Jadi","pcs","https://kil.gserp.id/uploads/default.png"
"1788654371-1688","https://kil.gserp.id/goods-manage","","BJD00740","Sunscreen Day Cream","0.00","1688","-","Barang Jadi","pcs","https://kil.gserp.id/uploads/default.png"
"1788654371-1689","https://kil.gserp.id/goods-manage","","BJD00741","Day cream tone up","0.00","1689","-","Barang Jadi","pcs","https://kil.gserp.id/uploads/default.png"
"1788654371-1690","https://kil.gserp.id/goods-manage","","BJD00742","DEAL PARFUM OKINAWA","0.00","1690","-","Barang Jadi","pcs","https://kil.gserp.id/uploads/default.png"
"1788654371-1691","https://kil.gserp.id/goods-manage","","BJD00743","PARFUM EDP (zara seoul 532 8 sinsa dong gangnam gu)","0.00","1691","-","Barang Jadi","pcs","https://kil.gserp.id/uploads/default.png"
"1788654371-1692","https://kil.gserp.id/goods-manage","","BJD00744","PARFUM EDP(YSL LIBRE Eau de Parfum Intense)","0.00","1692","-","Barang Jadi","pcs","https://kil.gserp.id/uploads/default.png"
"1788654371-1693","https://kil.gserp.id/goods-manage","","BJD00745","Moisturizer Gel ( MILMICHA GLOW )","0.00","1693","-","Barang Jadi","pcs","https://kil.gserp.id/uploads/default.png"
"1788654371-1694","https://kil.gserp.id/goods-manage","","BJD00746","PRODUKSI ITNOB ZAHRAT HAWAII","0.00","1694","-","Barang Jadi","pcs","https://kil.gserp.id/uploads/default.png"
"1788654371-1695","https://kil.gserp.id/goods-manage","","BJD00747","PRODUKSI 2 INS FACEWASH","0.00","1695","-","Barang Jadi","pcs","https://kil.gserp.id/uploads/default.png"
"1788654371-1696","https://kil.gserp.id/goods-manage","","BJD00748","PRODUKSI MYSO VANILLA & ROSE","0.00","1696","-","Barang Jadi","pcs","https://kil.gserp.id/uploads/default.png"
"1788654371-1697","https://kil.gserp.id/goods-manage","","BJD00749","PRODUKSI MYSO SANDALWOOD & ORANGE","0.00","1697","-","Barang Jadi","pcs","https://kil.gserp.id/uploads/default.png"
"1788654371-1698","https://kil.gserp.id/goods-manage","","BJD00750","PRODUKSI SIGVIOLET SHAMPOO","0.00","1698","-","Barang Jadi","pcs","https://kil.gserp.id/uploads/default.png"
"1788654371-1699","https://kil.gserp.id/goods-manage","","BJD00751","PRODUKSI JANAN","0.00","1699","-","Barang Jadi","pcs","https://kil.gserp.id/uploads/default.png"
"1788654371-1700","https://kil.gserp.id/goods-manage","","BJD00752","PRODUKSI 2 INS FACEWASH","0.00","1700","-","Barang Jadi","pcs","https://kil.gserp.id/uploads/default.png"
"1788654371-1701","https://kil.gserp.id/goods-manage","","BJD00753","PRODUKSI NADES 1 LOT","0.00","1701","-","Barang Jadi","pcs","https://kil.gserp.id/uploads/default.png"
"1788654371-1702","https://kil.gserp.id/goods-manage","","BJD00754","SERUM BULU MATA","0.00","1702","-","Barang Jadi","pcs","https://kil.gserp.id/uploads/default.png"
"1788654371-1703","https://kil.gserp.id/goods-manage","","BJD00755","SERUM BULU MATA","0.00","1703","-","Barang Jadi","pcs","https://kil.gserp.id/uploads/default.png"
"1788654371-1704","https://kil.gserp.id/goods-manage","","BJD00756","CHLOE GREEN PEELING SPRAY","0.00","1704","-","Barang Jadi","pcs","https://kil.gserp.id/uploads/default.png"
"1788654371-1705","https://kil.gserp.id/goods-manage","","BJD00757","PRODUKSI CHLOE GREEN LOTION SPRAY","0.00","1705","-","Barang Jadi","pcs","https://kil.gserp.id/uploads/default.png"
"1788654371-1706","https://kil.gserp.id/goods-manage","","BJD00758","CHLOE GREEN PEELING SPRAY","0.00","1706","-","Barang Jadi","pcs","https://kil.gserp.id/uploads/default.png"
"1788654371-1707","https://kil.gserp.id/goods-manage","","BJD00759","PRODUKSI KEYLUXE BODY WASH","0.00","1707","-","Barang Jadi","pcs","https://kil.gserp.id/uploads/default.png"
"1788654371-1708","https://kil.gserp.id/goods-manage","","BJD00760","PRODUKSI KEYLUXE BODY LOTION","0.00","1708","-","Barang Jadi","pcs","https://kil.gserp.id/uploads/default.png"
"1788654371-1709","https://kil.gserp.id/goods-manage","","BJD00761","PRODUKSI KEYLUXE BODY MIST","0.00","1709","-","Barang Jadi","pcs","https://kil.gserp.id/uploads/default.png"
"1788654371-1710","https://kil.gserp.id/goods-manage","","BJD00762","PRODUKSI ITNOB MOMENSES","0.00","1710","-","Barang Jadi","pcs","https://kil.gserp.id/uploads/default.png"
"1788654371-1711","https://kil.gserp.id/goods-manage","","BJD00763","PRODUKSI ITNOB KENZO BALI","0.00","1711","-","Barang Jadi","pcs","https://kil.gserp.id/uploads/default.png"
"1788654371-1712","https://kil.gserp.id/goods-manage","","BJD00764","PRODUKSI ITNOB EBBIO KINGMAKER","0.00","1712","-","Barang Jadi","pcs","https://kil.gserp.id/uploads/default.png"
"1788654371-1713","https://kil.gserp.id/goods-manage","","BJD00765","PRODUKSI ELSME NIGHT LOTION","0.00","1713","-","Barang Jadi","pcs","https://kil.gserp.id/uploads/default.png"
"1788654371-1714","https://kil.gserp.id/goods-manage","","BJD00766","PRODUKSI BAIKINS BARSOAP","0.00","1714","-","Barang Jadi","pcs","https://kil.gserp.id/uploads/default.png"
"1788654371-1715","https://kil.gserp.id/goods-manage","","BJD00767","V-PERFUME","0.00","1715","-","Barang Jadi","pcs","https://kil.gserp.id/uploads/default.png"
"1788654371-1716","https://kil.gserp.id/goods-manage","","BJD00768","NADES BODY LOTION","0.00","1716","-","Barang Jadi","pcs","https://kil.gserp.id/uploads/default.png"
"1788654371-1717","https://kil.gserp.id/goods-manage","","BJD00769","Good Foam","0.00","1717","-","Barang Jadi","pcs","https://kil.gserp.id/uploads/default.png"
"1788654371-1718","https://kil.gserp.id/goods-manage","","BJD00770","Good body lotion","0.00","1718","-","Barang Jadi","pcs","https://kil.gserp.id/uploads/default.png"
"1788654371-1719","https://kil.gserp.id/goods-manage","","BJD00771","SLEEPING MASK","0.00","1719","-","Barang Jadi","pcs","https://kil.gserp.id/uploads/default.png"
"1788654371-1720","https://kil.gserp.id/goods-manage","","BJD00772","NIGHT CREAM DARK SPOT","0.00","1720","-","Barang Jadi","pcs","https://kil.gserp.id/uploads/default.png"
"1788654371-1721","https://kil.gserp.id/goods-manage","","BJD00773","NIGHT CREAM DARK SPOT","0.00","1721","-","Barang Jadi","pcs","https://kil.gserp.id/uploads/default.png"
"1788654371-1722","https://kil.gserp.id/goods-manage","","BJD00774","WHITENING BODY LOTION","0.00","1722","-","Barang Jadi","pcs","https://kil.gserp.id/uploads/default.png"
"1788654371-1723","https://kil.gserp.id/goods-manage","","BJD00775","WHITENING BODY CREAM","0.00","1723","-","Barang Jadi","pcs","https://kil.gserp.id/uploads/default.png"
"1788654371-1724","https://kil.gserp.id/goods-manage","","BJD00776","WHITENING BODY SERUM BOOSTER","0.00","1724","-","Barang Jadi","pcs","https://kil.gserp.id/uploads/default.png"
"1788654371-1725","https://kil.gserp.id/goods-manage","","BJD00777","BODY SERUM (OEM )","0.00","1725","-","Barang Jadi","pcs","https://kil.gserp.id/uploads/default.png"
"1788654371-1726","https://kil.gserp.id/goods-manage","","BJD00778","facial foam","0.00","1726","-","Barang Jadi","pcs","https://kil.gserp.id/uploads/default.png"
"1788654371-1727","https://kil.gserp.id/goods-manage","","BJD00779","REVISI CURL CREAM","0.00","1727","-","Barang Jadi","pcs","https://kil.gserp.id/uploads/default.png"
"1788654371-1728","https://kil.gserp.id/goods-manage","","BJD00780","Deal Extrait Parfum Aquasmile","0.00","1728","-","Barang Jadi","pcs","https://kil.gserp.id/uploads/default.png"
"1788654371-1729","https://kil.gserp.id/goods-manage","","BJD00781","Deal Extrait Parfum My Way","0.00","1729","-","Barang Jadi","pcs","https://kil.gserp.id/uploads/default.png"
"1788654371-1730","https://kil.gserp.id/goods-manage","","BJD00782","Deal Extrait Parfum Dior Savage","0.00","1730","-","Barang Jadi","pcs","https://kil.gserp.id/uploads/default.png"
"1788654371-1731","https://kil.gserp.id/goods-manage","","BJD00783","Deal Extrait Parfume Japan Tobacco","0.00","1731","-","Barang Jadi","pcs","https://kil.gserp.id/uploads/default.png"
"1788654371-1732","https://kil.gserp.id/goods-manage","","BJD00784","Deal Extrait Parfum Billie Ellish","0.00","1732","-","Barang Jadi","pcs","https://kil.gserp.id/uploads/default.png"
"1788654371-1733","https://kil.gserp.id/goods-manage","","BJD00785","Extrait (A Blue)","0.00","1733","-","Barang Jadi","pcs","https://kil.gserp.id/uploads/default.png"
"1788654371-1734","https://kil.gserp.id/goods-manage","","BJD00786","Extrait (Vanilla Ice)","0.00","1734","-","Barang Jadi","pcs","https://kil.gserp.id/uploads/default.png"
"1788654371-1735","https://kil.gserp.id/goods-manage","","BJD00787","BODY SERUM (OEM )","0.00","1735","-","Barang Jadi","pcs","https://kil.gserp.id/uploads/default.png"
"1788654371-1736","https://kil.gserp.id/goods-manage","","BJD00788","SUNRISE ITNOB","0.00","1736","-","Barang Jadi","pcs","https://kil.gserp.id/uploads/default.png"
"1788654371-1737","https://kil.gserp.id/goods-manage","","BJD00789","FORMULA UNTUK RO (HAND CREAM FRANGIPANI)","0.00","1737","-","Barang Jadi","pcs","https://kil.gserp.id/uploads/default.png"
"1788654371-1738","https://kil.gserp.id/goods-manage","","BJD00790","facial foam","0.00","1738","-","Barang Jadi","pcs","https://kil.gserp.id/uploads/default.png"
"1788654371-1739","https://kil.gserp.id/goods-manage","","BJD00791","TINTED SUNSCREEN","0.00","1739","-","Barang Jadi","pcs","https://kil.gserp.id/uploads/default.png"
"1788654371-1740","https://kil.gserp.id/goods-manage","","BJD00792","EDP (Lacoste Sport)","0.00","1740","-","Barang Jadi","pcs","https://kil.gserp.id/uploads/default.png"
"1788654371-1741","https://kil.gserp.id/goods-manage","","BJD00793","REVISI CURL CREAM","0.00","1741","-","Barang Jadi","pcs","https://kil.gserp.id/uploads/default.png"
"1788654371-1742","https://kil.gserp.id/goods-manage","","BJD00794","Brightening Repair Serum","0.00","1742","-","Barang Jadi","pcs","https://kil.gserp.id/uploads/default.png"
"1788654371-1743","https://kil.gserp.id/goods-manage","","BJD00795","Brightening Repair Serum","0.00","1743","-","Barang Jadi","pcs","https://kil.gserp.id/uploads/default.png"
"1788654371-1744","https://kil.gserp.id/goods-manage","","BJD00796","REVISI CURL CREAM","0.00","1744","-","Barang Jadi","pcs","https://kil.gserp.id/uploads/default.png"
"1788654371-1745","https://kil.gserp.id/goods-manage","","BJD00797","BODY SERUM (OEM )","0.00","1745","-","Barang Jadi","pcs","https://kil.gserp.id/uploads/default.png"
"1788654371-1746","https://kil.gserp.id/goods-manage","","BJD00798","Deal Extrait Parfum My Way","0.00","1746","-","Barang Jadi","pcs","https://kil.gserp.id/uploads/default.png"
"1788654371-1747","https://kil.gserp.id/goods-manage","","BJD00799","Deal Extrait Parfume Japan Tobacco","0.00","1747","-","Barang Jadi","pcs","https://kil.gserp.id/uploads/default.png"
"1788654371-1748","https://kil.gserp.id/goods-manage","","BJD00800","Deal Extrait Mysteriosa","0.00","1748","-","Barang Jadi","pcs","https://kil.gserp.id/uploads/default.png"
"1788654371-1749","https://kil.gserp.id/goods-manage","","BJD00801","BODY WASH BRIGHTENING","0.00","1749","-","Barang Jadi","pcs","https://kil.gserp.id/uploads/default.png"
"1788654371-1750","https://kil.gserp.id/goods-manage","","BJD00802","Toner","0.00","1750","-","Barang Jadi","pcs","https://kil.gserp.id/uploads/default.png"
"1788654371-1751","https://kil.gserp.id/goods-manage","","BJD00803","LIP CREAM (SHADE 10)","0.00","1751","-","Barang Jadi","pcs","https://kil.gserp.id/uploads/default.png"
"1788654371-1752","https://kil.gserp.id/goods-manage","","BJD00804","LIP CREAM (SHADE 17)","0.00","1752","-","Barang Jadi","pcs","https://kil.gserp.id/uploads/default.png"
"1788654371-1753","https://kil.gserp.id/goods-manage","","BJD00805","LIP CREAM (SHADE 18)","0.00","1753","-","Barang Jadi","pcs","https://kil.gserp.id/uploads/default.png"
"1788654371-1754","https://kil.gserp.id/goods-manage","","BJD00806","EDP (Mysteriosa)","0.00","1754","-","Barang Jadi","pcs","https://kil.gserp.id/uploads/default.png"
"1788654371-1755","https://kil.gserp.id/goods-manage","","BJD00807","EDP (Lacoste Sport)","0.00","1755","-","Barang Jadi","pcs","https://kil.gserp.id/uploads/default.png"
"1788654371-1756","https://kil.gserp.id/goods-manage","","BJD00808","EDP (Dior Sauvage)","0.00","1756","-","Barang Jadi","pcs","https://kil.gserp.id/uploads/default.png"
"1788654371-1757","https://kil.gserp.id/goods-manage","","BJD00809","EDP (Vanila Ice)","0.00","1757","-","Barang Jadi","pcs","https://kil.gserp.id/uploads/default.png"
"1788654371-1758","https://kil.gserp.id/goods-manage","","BJD00810","HAIR MASK","0.00","1758","-","Barang Jadi","pcs","https://kil.gserp.id/uploads/default.png"
"1788654371-1759","https://kil.gserp.id/goods-manage","","BJD00811","DEO SPRAY TAWAS (Unisex Rekomendasi RnD)","0.00","1759","-","Barang Jadi","pcs","https://kil.gserp.id/uploads/default.png"
"1788654371-1760","https://kil.gserp.id/goods-manage","","BJD00812","DEAL - BALM PARFUME / ROMANTIC ROMANCE (Maloni)","0.00","1760","-","Barang Jadi","pcs","https://kil.gserp.id/uploads/default.png"
"1788654371-1761","https://kil.gserp.id/goods-manage","","BJD00813","REVISI CURL CREAM","0.00","1761","-","Barang Jadi","pcs","https://kil.gserp.id/uploads/default.png"
"1788654371-1762","https://kil.gserp.id/goods-manage","","BJD00814","SERUM EXFOLIATE AHA - Mandelic Acid 8%","0.00","1762","-","Barang Jadi","pcs","https://kil.gserp.id/uploads/default.png"
"1788654371-1763","https://kil.gserp.id/goods-manage","","BJD00815","DEAL - SLEEPING MASK","0.00","1763","-","Barang Jadi","pcs","https://kil.gserp.id/uploads/default.png"
"1788654371-1764","https://kil.gserp.id/goods-manage","","BJD00816","DEAL - EXTRAIT DE PARFUME (DIOR BLOOMING)","0.00","1764","-","Barang Jadi","pcs","https://kil.gserp.id/uploads/default.png"
"1788654371-1765","https://kil.gserp.id/goods-manage","","BJD00817","DEAL - EXTRAIT DE PARFUME (DIOR SAUVAGE)","0.00","1765","-","Barang Jadi","pcs","https://kil.gserp.id/uploads/default.png"
"1788654371-1766","https://kil.gserp.id/goods-manage","","BJD00818","DEAL - EXTRAIT DE PARFUME (212 MAN)","0.00","1766","-","Barang Jadi","pcs","https://kil.gserp.id/uploads/default.png"
"1788654371-1767","https://kil.gserp.id/goods-manage","","BJD00819","Prio day cream","0.00","1767","-","Barang Jadi","pcs","https://kil.gserp.id/uploads/default.png"
"1788654371-1768","https://kil.gserp.id/goods-manage","","BJD00820","PRIO NIGHT CREAM","0.00","1768","-","Barang Jadi","pcs","https://kil.gserp.id/uploads/default.png"
"1788654371-1769","https://kil.gserp.id/goods-manage","","BJD00821","PRIO FACE WASH","0.00","1769","-","Barang Jadi","pcs","https://kil.gserp.id/uploads/default.png"
"1788654371-1770","https://kil.gserp.id/goods-manage","","BJD00822","PRIO FACE TONER","0.00","1770","-","Barang Jadi","pcs","https://kil.gserp.id/uploads/default.png"
"1788654371-1771","https://kil.gserp.id/goods-manage","","BJD00823","PRIO NIGHT CREAM","0.00","1771","-","Barang Jadi","pcs","https://kil.gserp.id/uploads/default.png"
"1788654371-1772","https://kil.gserp.id/goods-manage","","BJD00824","PRIO DAY CREAM","0.00","1772","-","Barang Jadi","pcs","https://kil.gserp.id/uploads/default.png"
"1788654371-1773","https://kil.gserp.id/goods-manage","","BJD00825","PRIO face serum","0.00","1773","-","Barang Jadi","pcs","https://kil.gserp.id/uploads/default.png"
"1788654371-1774","https://kil.gserp.id/goods-manage","","BJD00826","VIT C BODY SERUM","0.00","1774","-","Barang Jadi","pcs","https://kil.gserp.id/uploads/default.png"
"1788654371-1775","https://kil.gserp.id/goods-manage","","BJD00827","BRIGHTENING BODY LOTION","0.00","1775","-","Barang Jadi","pcs","https://kil.gserp.id/uploads/default.png"
"1788654371-1776","https://kil.gserp.id/goods-manage","","BJD00828","BRIGHTENING BODY LOTION","0.00","1776","-","Barang Jadi","pcs","https://kil.gserp.id/uploads/default.png"
"1788654371-1777","https://kil.gserp.id/goods-manage","","BJD00829","REV 3 SLEEPING MASK","0.00","1777","-","Barang Jadi","pcs","https://kil.gserp.id/uploads/default.png"
"1788654371-1778","https://kil.gserp.id/goods-manage","","BJD00830","DEAL EXTRAIT PARFUM V-LUST","0.00","1778","-","Barang Jadi","pcs","https://kil.gserp.id/uploads/default.png"
"1788654371-1779","https://kil.gserp.id/goods-manage","","BJD00831","DEAL EXTRAIT PARFUM SUNSHINE","0.00","1779","-","Barang Jadi","pcs","https://kil.gserp.id/uploads/default.png"
"1788654371-1780","https://kil.gserp.id/goods-manage","","BJD00832","DEAL EXTRAIT PARFUM AIGNER BLUE","0.00","1780","-","Barang Jadi","pcs","https://kil.gserp.id/uploads/default.png"
"1788654371-1781","https://kil.gserp.id/goods-manage","","BJD00833","SUNSCREEN SPRAY UNTUK HAJI DAN UMROH","0.00","1781","-","Barang Jadi","pcs","https://kil.gserp.id/uploads/default.png"
"1788654371-1782","https://kil.gserp.id/goods-manage","","BJD00834","SUNSCREEN SPRAY UNTUK HAJI DAN UMROH","0.00","1782","-","Barang Jadi","pcs","https://kil.gserp.id/uploads/default.png"
"1788654371-1783","https://kil.gserp.id/goods-manage","","BJD00835","DEAL - INTIMATE FOAM","0.00","1783","-","Barang Jadi","pcs","https://kil.gserp.id/uploads/default.png"
"1788654371-1784","https://kil.gserp.id/goods-manage","","BJD00836","DEAL - INTIMATE SERUM","0.00","1784","-","Barang Jadi","pcs","https://kil.gserp.id/uploads/default.png"
"1788654371-1785","https://kil.gserp.id/goods-manage","","BJD00837","DEAL - INTIMATE CREAM","0.00","1785","-","Barang Jadi","pcs","https://kil.gserp.id/uploads/default.png"
"1788654371-1786","https://kil.gserp.id/goods-manage","","BJD00838","DARKSPOT CREAM","0.00","1786","-","Barang Jadi","pcs","https://kil.gserp.id/uploads/default.png"
"1788654371-1787","https://kil.gserp.id/goods-manage","","BJD00839","BODY SERUM (OEM )","0.00","1787","-","Barang Jadi","pcs","https://kil.gserp.id/uploads/default.png"
"1788654371-1788","https://kil.gserp.id/goods-manage","","BJD00840","BODY BOOSTER WHITENING","0.00","1788","-","Barang Jadi","pcs","https://kil.gserp.id/uploads/default.png"
"1788654371-1789","https://kil.gserp.id/goods-manage","","BJD00841","DEAL FACIAL WASH","0.00","1789","-","Barang Jadi","pcs","https://kil.gserp.id/uploads/default.png"
"1788654371-1790","https://kil.gserp.id/goods-manage","","BJD00842","DEAL GLOW MOISTURIZER","0.00","1790","-","Barang Jadi","pcs","https://kil.gserp.id/uploads/default.png"
"1788654371-1791","https://kil.gserp.id/goods-manage","","BJD00843","Deal Cream Sunscreen","0.00","1791","-","Barang Jadi","pcs","https://kil.gserp.id/uploads/default.png"
"1788654371-1792","https://kil.gserp.id/goods-manage","","BJD00844","DEAL FACE TONER","0.00","1792","-","Barang Jadi","pcs","https://kil.gserp.id/uploads/default.png"
"1788654371-1793","https://kil.gserp.id/goods-manage","","BJD00845","DEAL - EXTRAIT 35% NAGITAVI / CELEBRITY CHARM (Memories)","0.00","1793","-","Barang Jadi","pcs","https://kil.gserp.id/uploads/default.png"
"1788654371-1794","https://kil.gserp.id/goods-manage","","BJD00846","DEAL - EXTRAIT 35% CREED ADVENTUS / AVENT (Magical)","0.00","1794","-","Barang Jadi","pcs","https://kil.gserp.id/uploads/default.png"
"1788654371-1795","https://kil.gserp.id/goods-manage","","BJD00847","DEA - EXTRAIT 35% BLACK OPIUM (Treasure)","0.00","1795","-","Barang Jadi","pcs","https://kil.gserp.id/uploads/default.png"
"1788654371-1796","https://kil.gserp.id/goods-manage","","BJD00848","DEAL - EXTRAIT 35% ROMANTIC WISH (Imagination)","0.00","1796","-","Barang Jadi","pcs","https://kil.gserp.id/uploads/default.png"
"1788654371-1797","https://kil.gserp.id/goods-manage","","BJD00849","DEAL - EXTRAIT 35% AIGNER BLUE / AZURE (Peachfull)","0.00","1797","-","Barang Jadi","pcs","https://kil.gserp.id/uploads/default.png"
"1788654371-1798","https://kil.gserp.id/goods-manage","","BJD00850","DEAL DAY CREAM","0.00","1798","-","Barang Jadi","pcs","https://kil.gserp.id/uploads/default.png"
"1788654371-1799","https://kil.gserp.id/goods-manage","","BJD00851","Deal Face Serum Whitening","0.00","1799","-","Barang Jadi","pcs","https://kil.gserp.id/uploads/default.png"
"1788654371-1800","https://kil.gserp.id/goods-manage","","BJD00852","Deal Face Wash","0.00","1800","-","Barang Jadi","pcs","https://kil.gserp.id/uploads/default.png"
"1788654371-1801","https://kil.gserp.id/goods-manage","","BJD00853","DEAL FACE Toner","0.00","1801","-","Barang Jadi","pcs","https://kil.gserp.id/uploads/default.png"
"1788654371-1802","https://kil.gserp.id/goods-manage","","BJD00854","WHITENING NIGHT CREAM","0.00","1802","-","Barang Jadi","pcs","https://kil.gserp.id/uploads/default.png"
"1788654371-1803","https://kil.gserp.id/goods-manage","","BJD00855","Deal Parfum odate","0.00","1803","-","Barang Jadi","pcs","https://kil.gserp.id/uploads/default.png"
"1788654371-1804","https://kil.gserp.id/goods-manage","","BJD00856","DEAL PARFUM ANJO","0.00","1804","-","Barang Jadi","pcs","https://kil.gserp.id/uploads/default.png"
"1788654371-1805","https://kil.gserp.id/goods-manage","","BJD00857","DEAL PARFUM OKINAWA","0.00","1805","-","Barang Jadi","pcs","https://kil.gserp.id/uploads/default.png"
"1788654371-1806","https://kil.gserp.id/goods-manage","","BJD00858","DEAL PARFUM KYOTO","0.00","1806","-","Barang Jadi","pcs","https://kil.gserp.id/uploads/default.png"
"1788654371-1807","https://kil.gserp.id/goods-manage","","BJD00859","Body Serum Aha","0.00","1807","-","Barang Jadi","pcs","https://kil.gserp.id/uploads/default.png"
"1788654371-1808","https://kil.gserp.id/goods-manage","","BJD00860","FACE WASH","0.00","1808","-","Barang Jadi","pcs","https://kil.gserp.id/uploads/default.png"
"1788654371-1809","https://kil.gserp.id/goods-manage","","BJD00861","FACE TONER","0.00","1809","-","Barang Jadi","pcs","https://kil.gserp.id/uploads/default.png"
"1788654371-1810","https://kil.gserp.id/goods-manage","","BJD00862","FACE SERUM (LANJUTAN NPF SEBELUMNYA)","0.00","1810","-","Barang Jadi","pcs","https://kil.gserp.id/uploads/default.png"
"1788654371-1811","https://kil.gserp.id/goods-manage","","BJD00863","DAY CREAM","0.00","1811","-","Barang Jadi","pcs","https://kil.gserp.id/uploads/default.png"
"1788654371-1812","https://kil.gserp.id/goods-manage","","BJD00864","FACE SERUM (LANJUTAN NPF SEBELUMNYA)","0.00","1812","-","Barang Jadi","pcs","https://kil.gserp.id/uploads/default.png"
"1788654371-1813","https://kil.gserp.id/goods-manage","","BJD00865","DEAL - DAY LOTION With UV","0.00","1813","-","Barang Jadi","pcs","https://kil.gserp.id/uploads/default.png"
"1788654371-1814","https://kil.gserp.id/goods-manage","","BJD00866","DEAL - WHITENING NIGHT LOTIO With AHA","0.00","1814","-","Barang Jadi","pcs","https://kil.gserp.id/uploads/default.png"
"1788654371-1815","https://kil.gserp.id/goods-manage","","BJD00867","DEAL - CALM SOOTHING BODY SERUM","0.00","1815","-","Barang Jadi","pcs","https://kil.gserp.id/uploads/default.png"
"1788654371-1816","https://kil.gserp.id/goods-manage","","BJD00868","DEAL - BODY MIST With ALOEVERA EXTRACT","0.00","1816","-","Barang Jadi","pcs","https://kil.gserp.id/uploads/default.png"
"1788654371-1817","https://kil.gserp.id/goods-manage","","BJD00869","Cream Dark Spot","0.00","1817","-","Barang Jadi","pcs","https://kil.gserp.id/uploads/default.png"
"1788654371-1818","https://kil.gserp.id/goods-manage","","BJD00870","Serum","0.00","1818","-","Barang Jadi","pcs","https://kil.gserp.id/uploads/default.png"
"1788654371-1819","https://kil.gserp.id/goods-manage","","BJD00871","Serum","0.00","1819","-","Barang Jadi","pcs","https://kil.gserp.id/uploads/default.png"
"1788654371-1820","https://kil.gserp.id/goods-manage","","BJD00872","DEAL PARFUM EMBER LUSH","0.00","1820","-","Barang Jadi","pcs","https://kil.gserp.id/uploads/default.png"
"1788654371-1821","https://kil.gserp.id/goods-manage","","BJD00873","DEAL PARFUM ARDENT NOIR","0.00","1821","-","Barang Jadi","pcs","https://kil.gserp.id/uploads/default.png"
"1788654371-1822","https://kil.gserp.id/goods-manage","","BJD00874","DEAL PARFUM NOCTIS BLOOM","0.00","1822","-","Barang Jadi","pcs","https://kil.gserp.id/uploads/default.png"
"1788654371-1823","https://kil.gserp.id/goods-manage","","BJD00875","facial foam","0.00","1823","-","Barang Jadi","pcs","https://kil.gserp.id/uploads/default.png"
"1788654371-1824","https://kil.gserp.id/goods-manage","","BJD00876","Redence Hair Therapy Serum 3% (Labbol)","0.00","1824","-","Barang Jadi","pcs","https://kil.gserp.id/uploads/default.png"
"1788654371-1825","https://kil.gserp.id/goods-manage","","BJD00877","Redence Hair Growth Serum 5% (Labbol)","0.00","1825","-","Barang Jadi","pcs","https://kil.gserp.id/uploads/default.png"
"1788654371-1826","https://kil.gserp.id/goods-manage","","BJD00878","Hair Tonic (Labbol)","0.00","1826","-","Barang Jadi","pcs","https://kil.gserp.id/uploads/default.png"
"1788654371-1827","https://kil.gserp.id/goods-manage","","BJD00879","Hair Growth Shampo With Keratin (Labbol)","0.00","1827","-","Barang Jadi","pcs","https://kil.gserp.id/uploads/default.png"
"1788654371-1828","https://kil.gserp.id/goods-manage","","BJD00880","DEAL - SHAMPOO SIGVIOLET","0.00","1828","-","Barang Jadi","pcs","https://kil.gserp.id/uploads/default.png"
"1788654371-1829","https://kil.gserp.id/goods-manage","","BJD00881","phytonutrient scalp oil","0.00","1829","-","Barang Jadi","pcs","https://kil.gserp.id/uploads/default.png"
"1788654371-1830","https://kil.gserp.id/goods-manage","","BJD00882","whitwning sunscreen cream","0.00","1830","-","Barang Jadi","pcs","https://kil.gserp.id/uploads/default.png"
"1788654371-1831","https://kil.gserp.id/goods-manage","","BJD00883","Extrait (Dior Sauvage)","0.00","1831","-","Barang Jadi","pcs","https://kil.gserp.id/uploads/default.png"
"1788654371-1832","https://kil.gserp.id/goods-manage","","BJD00884","Extrait (Oria Scand)","0.00","1832","-","Barang Jadi","pcs","https://kil.gserp.id/uploads/default.png"
"1788654371-1833","https://kil.gserp.id/goods-manage","","BJD00885","face and body BRIGHT peeling spray","0.00","1833","-","Barang Jadi","pcs","https://kil.gserp.id/uploads/default.png"
"1788654371-1834","https://kil.gserp.id/goods-manage","","BJD00886","Deal Extrait Dior Sauvage","0.00","1834","-","Barang Jadi","pcs","https://kil.gserp.id/uploads/default.png"
"1788654371-1835","https://kil.gserp.id/goods-manage","","BJD00887","Deal Extrait My Way","0.00","1835","-","Barang Jadi","pcs","https://kil.gserp.id/uploads/default.png"
"1788654371-1836","https://kil.gserp.id/goods-manage","","BJD00888","Deal Extrait Vanilla Ice","0.00","1836","-","Barang Jadi","pcs","https://kil.gserp.id/uploads/default.png"
"1788654371-1837","https://kil.gserp.id/goods-manage","","BJD00889","Deal Extrait Nomaden","0.00","1837","-","Barang Jadi","pcs","https://kil.gserp.id/uploads/default.png"
"1788654371-1838","https://kil.gserp.id/goods-manage","","BJD00890","Deal Extrait V-Lust","0.00","1838","-","Barang Jadi","pcs","https://kil.gserp.id/uploads/default.png"
"1788654371-1839","https://kil.gserp.id/goods-manage","","BJD00891","DAY CREAM *3 (Formula Deal)","0.00","1839","-","Barang Jadi","pcs","https://kil.gserp.id/uploads/default.png"
"1788654371-1840","https://kil.gserp.id/goods-manage","","BJD00892","NIGHT CREAM *3 (Formula Deal)","0.00","1840","-","Barang Jadi","pcs","https://kil.gserp.id/uploads/default.png"
"1788654371-1841","https://kil.gserp.id/goods-manage","","BJD00893","FACE WASH (Formula Aurea)","0.00","1841","-","Barang Jadi","pcs","https://kil.gserp.id/uploads/default.png"
"1788654371-1842","https://kil.gserp.id/goods-manage","","BJD00894","DEAL - FACE SERUM FORMULA I CARE B (ACNE SERIES)","0.00","1842","-","Barang Jadi","pcs","https://kil.gserp.id/uploads/default.png"
"1788654371-1843","https://kil.gserp.id/goods-manage","","BJD00895","DEAL - FACE TONER FORMULA I CARE B (ACNE SERIES)","0.00","1843","-","Barang Jadi","pcs","https://kil.gserp.id/uploads/default.png"
"1788654371-1844","https://kil.gserp.id/goods-manage","","BJD00896","DEAL - EXTRAIT ELC (Fairy Lady)","0.00","1844","-","Barang Jadi","pcs","https://kil.gserp.id/uploads/default.png"
"1788654371-1845","https://kil.gserp.id/goods-manage","","BJD00897","DEAL - EXTRAIT NIGHT CLUB (Mountain Legend)","0.00","1845","-","Barang Jadi","pcs","https://kil.gserp.id/uploads/default.png"
"1788654371-1846","https://kil.gserp.id/goods-manage","","BJD00898","DEAL - EXTRAIT MADEMOIZE (Choco Madmoiselle)","0.00","1846","-","Barang Jadi","pcs","https://kil.gserp.id/uploads/default.png"
"1788654371-1847","https://kil.gserp.id/goods-manage","","BJD00899","DEAL - EXTRAIT 5.4.0 (Baccarat / Bacardi)","0.00","1847","-","Barang Jadi","pcs","https://kil.gserp.id/uploads/default.png"
"1788654371-1848","https://kil.gserp.id/goods-manage","","BJD00900","DEAL - EXTRAIT Billion Man (One Million / Billion Shif)","0.00","1848","-","Barang Jadi","pcs","https://kil.gserp.id/uploads/default.png"
"1788654371-1849","https://kil.gserp.id/goods-manage","","BJD00901","DEAL - EXTRAIT LUST (V- Lust / Eros Men)","0.00","1849","-","Barang Jadi","pcs","https://kil.gserp.id/uploads/default.png"
"1788654371-1850","https://kil.gserp.id/goods-manage","","BJD00902","DEAL - EXTRAIT GOOD GIRL (Carolina Herrera Good Girl V1 (F))","0.00","1850","-","Barang Jadi","pcs","https://kil.gserp.id/uploads/default.png"
"1788654371-1851","https://kil.gserp.id/goods-manage","","BJD00903","DEAL - EXTRAIT DARK OPIUM (Black Opium / Opium Givaudan)","0.00","1851","-","Barang Jadi","pcs","https://kil.gserp.id/uploads/default.png"
"1788654371-1852","https://kil.gserp.id/goods-manage","","BJD00904","DEAL - EXTRAIT XAPPHIRE (Omnia Amethyst V1 (F))","0.00","1852","-","Barang Jadi","pcs","https://kil.gserp.id/uploads/default.png"
"1788654371-1853","https://kil.gserp.id/goods-manage","","BJD00905","DEAL - EXTRAIT SCURILOUS (Scandal Vica Macbrame)","0.00","1853","-","Barang Jadi","pcs","https://kil.gserp.id/uploads/default.png"
"1788654371-1854","https://kil.gserp.id/goods-manage","","BJD00906","DEAL - EXTRAIT ROMANTIC PASSION (candy Love (thousand Wishes senses))","0.00","1854","-","Barang Jadi","pcs","https://kil.gserp.id/uploads/default.png"
"1788654371-1855","https://kil.gserp.id/goods-manage","","BJD00907","DEAL - EXTRAIT MIDNIGHT OUD (Amsterdam 2 (custom Brian))","0.00","1855","-","Barang Jadi","pcs","https://kil.gserp.id/uploads/default.png"
"1788654371-1856","https://kil.gserp.id/goods-manage","","BJD00908","facial foam","0.00","1856","-","Barang Jadi","pcs","https://kil.gserp.id/uploads/default.png"
"1788654371-1857","https://kil.gserp.id/goods-manage","","BJD00909","Japan Tobaco","0.00","1857","-","Barang Jadi","pcs","https://kil.gserp.id/uploads/default.png"
"1788654371-1858","https://kil.gserp.id/goods-manage","","BJD00910","Fairy tale parfum","0.00","1858","-","Barang Jadi","pcs","https://kil.gserp.id/uploads/default.png"
"1788654371-1859","https://kil.gserp.id/goods-manage","","BJD00911","Valary Parfume","0.00","1859","-","Barang Jadi","pcs","https://kil.gserp.id/uploads/default.png"
"1788654371-1860","https://kil.gserp.id/goods-manage","","BJD00912","FORMULA UNTUK RO (HAND CREAM FRANGIPANI)","0.00","1860","-","Barang Jadi","pcs","https://kil.gserp.id/uploads/default.png"
"1788654371-1861","https://kil.gserp.id/goods-manage","","BJD00913","DEAL - HAIR TONIC SIGVIOLET","0.00","1861","-","Barang Jadi","pcs","https://kil.gserp.id/uploads/default.png"
"1788654371-1862","https://kil.gserp.id/goods-manage","","BJD00914","DEAL - HAIR TONIC SIGVIOLET","0.00","1862","-","Barang Jadi","pcs","https://kil.gserp.id/uploads/default.png"
"1788654371-1863","https://kil.gserp.id/goods-manage","","BJD00915","DEAL - SHAMPOO SIGVIOLET","0.00","1863","-","Barang Jadi","pcs","https://kil.gserp.id/uploads/default.png"
"1788654371-1864","https://kil.gserp.id/goods-manage","","BJD00916","Body lotion bagus","0.00","1864","-","Barang Jadi","pcs","https://kil.gserp.id/uploads/default.png"
"1788654371-1865","https://kil.gserp.id/goods-manage","","BJD00917","Hair Tonic anti dandruff & Anti Hair fall","0.00","1865","-","Barang Jadi","pcs","https://kil.gserp.id/uploads/default.png"
"1788654371-1866","https://kil.gserp.id/goods-manage","","BJD00918","DARKSPOT CREAM","0.00","1866","-","Barang Jadi","pcs","https://kil.gserp.id/uploads/default.png"
"1788654371-1867","https://kil.gserp.id/goods-manage","","BJD00919","EXTRAIT PARFUM MY WAY","0.00","1867","-","Barang Jadi","pcs","https://kil.gserp.id/uploads/default.png"
"1788654371-1868","https://kil.gserp.id/goods-manage","","BJD00920","EXTRAIT PARFUM AQUAKISS","0.00","1868","-","Barang Jadi","pcs","https://kil.gserp.id/uploads/default.png"
"1788654371-1869","https://kil.gserp.id/goods-manage","","BJD00921","EXTRAIT PARFUM AQUAKISS","0.00","1869","-","Barang Jadi","pcs","https://kil.gserp.id/uploads/default.png"
"1788654371-1870","https://kil.gserp.id/goods-manage","","BJD00922","facial foam","0.00","1870","-","Barang Jadi","pcs","https://kil.gserp.id/uploads/default.png"
"1788654371-1871","https://kil.gserp.id/goods-manage","","BJD00923","DEAL - HAIR TONIC SIGVIOLET","0.00","1871","-","Barang Jadi","pcs","https://kil.gserp.id/uploads/default.png"
"1788654371-1872","https://kil.gserp.id/goods-manage","","BJD00924","EYELASH SERUM","0.00","1872","-","Barang Jadi","pcs","https://kil.gserp.id/uploads/default.png"
"1788654371-1873","https://kil.gserp.id/goods-manage","","BJD00925","DEAL - BODY LOTION BOOSTER","0.00","1873","-","Barang Jadi","pcs","https://kil.gserp.id/uploads/default.png"
"1788654371-1874","https://kil.gserp.id/goods-manage","","BJD00926","CALM DOWN MOISTURIZER","0.00","1874","-","Barang Jadi","pcs","https://kil.gserp.id/uploads/default.png"
"1788654371-1875","https://kil.gserp.id/goods-manage","","BJD00927","Facial Wash ( Aurajune )","0.00","1875","-","Barang Jadi","pcs","https://kil.gserp.id/uploads/default.png"
"1788654371-1876","https://kil.gserp.id/goods-manage","","BJD00928","SERUM ( AURAJUNE )","0.00","1876","-","Barang Jadi","pcs","https://kil.gserp.id/uploads/default.png"
"1788654371-1877","https://kil.gserp.id/goods-manage","","BJD00929","DEAL - NIGHTCREAM (FORMULA DARKSPOT CREAM LA'WO)","0.00","1877","-","Barang Jadi","pcs","https://kil.gserp.id/uploads/default.png"
"1788654371-1878","https://kil.gserp.id/goods-manage","","BJD00930","SUNSCREEN ( AURAJUNE )","0.00","1878","-","Barang Jadi","pcs","https://kil.gserp.id/uploads/default.png"
"1788654371-1879","https://kil.gserp.id/goods-manage","","BJD00931","parfum angel schlesser deep leather","0.00","1879","-","Barang Jadi","pcs","https://kil.gserp.id/uploads/default.png"
"1788654371-1880","https://kil.gserp.id/goods-manage","","BJD00932","parfum tous 1920 teh origin","0.00","1880","-","Barang Jadi","pcs","https://kil.gserp.id/uploads/default.png"
"1788654371-1881","https://kil.gserp.id/goods-manage","","BJD00933","parfum jean paul gaultier scandal","0.00","1881","-","Barang Jadi","pcs","https://kil.gserp.id/uploads/default.png"
"1788654371-1882","https://kil.gserp.id/goods-manage","","BJD00934","Moisturizer Gel ( MILMICHA GLOW )","0.00","1882","-","Barang Jadi","pcs","https://kil.gserp.id/uploads/default.png"
"1788654371-1883","https://kil.gserp.id/goods-manage","","BJD00935","EYELASH & EYEBROW SERUM","0.00","1883","-","Barang Jadi","pcs","https://kil.gserp.id/uploads/default.png"
"1788654371-1884","https://kil.gserp.id/goods-manage","","BJD00936","DEAL - NAGITAVI EDP 25%","0.00","1884","-","Barang Jadi","pcs","https://kil.gserp.id/uploads/default.png"
"1788654371-1885","https://kil.gserp.id/goods-manage","","BJD00937","DEAL - CALM WHITE EDP 25%","0.00","1885","-","Barang Jadi","pcs","https://kil.gserp.id/uploads/default.png"
"1788654371-1886","https://kil.gserp.id/goods-manage","","BJD00938","DEAL - DIOR SAUVAGE EDP 25%","0.00","1886","-","Barang Jadi","pcs","https://kil.gserp.id/uploads/default.png"
"1788654371-1887","https://kil.gserp.id/goods-manage","","BJD00939","DEAL - BALI TRIP EDP 25%","0.00","1887","-","Barang Jadi","pcs","https://kil.gserp.id/uploads/default.png"
"1788654371-1888","https://kil.gserp.id/goods-manage","","BJD00940","DEAL - COSTA SPORT/LACOSTE EDP 25%","0.00","1888","-","Barang Jadi","pcs","https://kil.gserp.id/uploads/default.png"
"1788654371-1889","https://kil.gserp.id/goods-manage","","BJD00941","Cologne baby baby doll","0.00","1889","-","Barang Jadi","pcs","https://kil.gserp.id/uploads/default.png"
"1788654371-1890","https://kil.gserp.id/goods-manage","","BJD00942","cologne baby Vanilla ice","0.00","1890","-","Barang Jadi","pcs","https://kil.gserp.id/uploads/default.png"
"1788654371-1891","https://kil.gserp.id/goods-manage","","BJD00943","PRIO FACE WASH","0.00","1891","-","Barang Jadi","pcs","https://kil.gserp.id/uploads/default.png"
"1788654371-1892","https://kil.gserp.id/goods-manage","","BJD00944","PRIO FACE TONER EKSFOLIASI","0.00","1892","-","Barang Jadi","pcs","https://kil.gserp.id/uploads/default.png"
"1788654371-1893","https://kil.gserp.id/goods-manage","","BJD00945","PRIO DAY CREAM TONE UP","0.00","1893","-","Barang Jadi","pcs","https://kil.gserp.id/uploads/default.png"
"1788654371-1894","https://kil.gserp.id/goods-manage","","BJD00946","PRIO NIGHT CREAM","0.00","1894","-","Barang Jadi","pcs","https://kil.gserp.id/uploads/default.png"
"1788654371-1895","https://kil.gserp.id/goods-manage","","BJD00947","PRIO FACE SERUM","0.00","1895","-","Barang Jadi","pcs","https://kil.gserp.id/uploads/default.png"
"1788654371-1896","https://kil.gserp.id/goods-manage","","BJD00948","DEAL - SHAMPOO SIGVIOLET","0.00","1896","-","Barang Jadi","pcs","https://kil.gserp.id/uploads/default.png"
"1788654371-1897","https://kil.gserp.id/goods-manage","","BJD00949","DEAL - FINAL EXTRAIT ""LUXE AMOUR""","0.00","1897","-","Barang Jadi","pcs","https://kil.gserp.id/uploads/default.png"
"1788654371-1898","https://kil.gserp.id/goods-manage","","BJD00950","DEAL - EXTRAIT 35% ""GIRLY""","0.00","1898","-","Barang Jadi","pcs","https://kil.gserp.id/uploads/default.png"
"1788654371-1899","https://kil.gserp.id/goods-manage","","BJD00951","DEAL - EXTRAIT 35% ""HEAVEN ME/SCANDAL MEN""","0.00","1899","-","Barang Jadi","pcs","https://kil.gserp.id/uploads/default.png"
"1788654371-1900","https://kil.gserp.id/goods-manage","","BJD00952","FACE FOAM","0.00","1900","-","Barang Jadi","pcs","https://kil.gserp.id/uploads/default.png"
"1788654371-1901","https://kil.gserp.id/goods-manage","","BJD00953","DEAL - EXTRAIT 35% DIOR SAUVAGE (NOIR)","0.00","1901","-","Barang Jadi","pcs","https://kil.gserp.id/uploads/default.png"
"1788654371-1902","https://kil.gserp.id/goods-manage","","BJD00954","DEAL - EXTRAIT 35% VANILA ICE (VELVET)","0.00","1902","-","Barang Jadi","pcs","https://kil.gserp.id/uploads/default.png"
"1788654371-1903","https://kil.gserp.id/goods-manage","","BJD00955","DEAL - EXTRAIT 35% ZAHRAT HAWAI (TROPICALE)","0.00","1903","-","Barang Jadi","pcs","https://kil.gserp.id/uploads/default.png"
"1788654371-1904","https://kil.gserp.id/goods-manage","","BJD00956","Serum Whitening untuk Flek","0.00","1904","-","Barang Jadi","pcs","https://kil.gserp.id/uploads/default.png"
"1788654371-1905","https://kil.gserp.id/goods-manage","","BJD00957","FACIAL WASH MOJO AYU","0.00","1905","-","Barang Jadi","pcs","https://kil.gserp.id/uploads/default.png"
"1788654371-1906","https://kil.gserp.id/goods-manage","","BJD00958","day cream revisi","0.00","1906","-","Barang Jadi","pcs","https://kil.gserp.id/uploads/default.png"
"1788654371-1907","https://kil.gserp.id/goods-manage","","BJD00959","acne night cream","0.00","1907","-","Barang Jadi","pcs","https://kil.gserp.id/uploads/default.png"
"1788654371-1908","https://kil.gserp.id/goods-manage","","BJD00960","Whitening Night cream","0.00","1908","-","Barang Jadi","pcs","https://kil.gserp.id/uploads/default.png"
"1788654371-1909","https://kil.gserp.id/goods-manage","","BJD00961","DEAL - FINAL EXTRAIT ""LUXE AMOUR""","0.00","1909","-","Barang Jadi","pcs","https://kil.gserp.id/uploads/default.png"
"1788654371-1910","https://kil.gserp.id/goods-manage","","BJD00962","DEAL - FINAL EXTRAIT ""ROX""","0.00","1910","-","Barang Jadi","pcs","https://kil.gserp.id/uploads/default.png"
"1788654371-1911","https://kil.gserp.id/goods-manage","","BJD00963","DEAL - DAY CREAM (SIIRN)","0.00","1911","-","Barang Jadi","pcs","https://kil.gserp.id/uploads/default.png"
"1788654371-1912","https://kil.gserp.id/goods-manage","","BJD00964","DEAL - NIGHT CRREAM (SIRIN)","0.00","1912","-","Barang Jadi","pcs","https://kil.gserp.id/uploads/default.png"
"1788654371-1913","https://kil.gserp.id/goods-manage","","BJD00965","DEAL - FACE TONER (SIRIN)","0.00","1913","-","Barang Jadi","pcs","https://kil.gserp.id/uploads/default.png"
"1788654371-1914","https://kil.gserp.id/goods-manage","","BJD00966","BODY BOOSTER","0.00","1914","-","Barang Jadi","pcs","https://kil.gserp.id/uploads/default.png"
"1788654371-1915","https://kil.gserp.id/goods-manage","","BJD00967","NIGHT LOTION","0.00","1915","-","Barang Jadi","pcs","https://kil.gserp.id/uploads/default.png"
"1788654371-1916","https://kil.gserp.id/goods-manage","","BJD00968","DEAL - FACE TONER","0.00","1916","-","Barang Jadi","pcs","https://kil.gserp.id/uploads/default.png"
"1788654371-1917","https://kil.gserp.id/goods-manage","","BJD00969","DEAL - FACE WASH","0.00","1917","-","Barang Jadi","pcs","https://kil.gserp.id/uploads/default.png"
"1788654371-1918","https://kil.gserp.id/goods-manage","","BJD00970","DEAL - DAY CREAM","0.00","1918","-","Barang Jadi","pcs","https://kil.gserp.id/uploads/default.png"
"1788654371-1919","https://kil.gserp.id/goods-manage","","BJD00971","DEAL - NIGHT CREAM","0.00","1919","-","Barang Jadi","pcs","https://kil.gserp.id/uploads/default.png"
"1788654371-1920","https://kil.gserp.id/goods-manage","","BJD00972","Tone Up body lotion","0.00","1920","-","Barang Jadi","pcs","https://kil.gserp.id/uploads/default.png"
"1788654371-1921","https://kil.gserp.id/goods-manage","","BJD00973","INTIMATTE MASK","0.00","1921","-","Barang Jadi","pcs","https://kil.gserp.id/uploads/default.png"
"1788654371-1922","https://kil.gserp.id/goods-manage","","BJD00974","PRIO DAY LOTION","0.00","1922","-","Barang Jadi","pcs","https://kil.gserp.id/uploads/default.png"
"1788654371-1923","https://kil.gserp.id/goods-manage","","BJD00975","Brightening Body Lotion","0.00","1923","-","Barang Jadi","pcs","https://kil.gserp.id/uploads/default.png"
"1788654371-1924","https://kil.gserp.id/goods-manage","","BJD00976","DEAL - EXTRAIT YSL LIBRE (TORIBIO)","0.00","1924","-","Barang Jadi","pcs","https://kil.gserp.id/uploads/default.png"
"1788654371-1925","https://kil.gserp.id/goods-manage","","BJD00977","DEAL - EXTRAIT DIOR BLOOMING (TORIBIO)","0.00","1925","-","Barang Jadi","pcs","https://kil.gserp.id/uploads/default.png"
"1788654371-1926","https://kil.gserp.id/goods-manage","","BJD00978","DEAL - NOMADEN / OMBRE NOMAD (TORIBIO)","0.00","1926","-","Barang Jadi","pcs","https://kil.gserp.id/uploads/default.png"
"1788654371-1927","https://kil.gserp.id/goods-manage","","BJD00979","DEAL - EXTRAIT ZAHRAT HAWAI (DREAMLAB)","0.00","1927","-","Barang Jadi","pcs","https://kil.gserp.id/uploads/default.png"
"1788654371-1928","https://kil.gserp.id/goods-manage","","BJD00980","NPF FINAL (DEAL) - Extrait Black Opium","0.00","1928","-","Barang Jadi","pcs","https://kil.gserp.id/uploads/default.png"
"1788654371-1929","https://kil.gserp.id/goods-manage","","BJD00981","NPF FINAL (DEAL) - Extrait Dior Sauvage","0.00","1929","-","Barang Jadi","pcs","https://kil.gserp.id/uploads/default.png"
"1788654371-1930","https://kil.gserp.id/goods-manage","","BJD00982","DEO Spray Papermint","0.00","1930","-","Barang Jadi","pcs","https://kil.gserp.id/uploads/default.png"
"1788654371-1931","https://kil.gserp.id/goods-manage","","BJD00983","DEO Spray Papermint","0.00","1931","-","Barang Jadi","pcs","https://kil.gserp.id/uploads/default.png"
"1788654371-1932","https://kil.gserp.id/goods-manage","","BJD00984","Extrait (Mysteriosa)","0.00","1932","-","Barang Jadi","pcs","https://kil.gserp.id/uploads/default.png"
"1788654371-1933","https://kil.gserp.id/goods-manage","","BJD00985","Extrait (Oria Scand)","0.00","1933","-","Barang Jadi","pcs","https://kil.gserp.id/uploads/default.png"
"1788654371-1934","https://kil.gserp.id/goods-manage","","BJD00986","Extrait (V-Lust)","0.00","1934","-","Barang Jadi","pcs","https://kil.gserp.id/uploads/default.png"
"1788654371-1935","https://kil.gserp.id/goods-manage","","BJD00987","Extrait (Sunshine)","0.00","1935","-","Barang Jadi","pcs","https://kil.gserp.id/uploads/default.png"
"1788654371-1936","https://kil.gserp.id/goods-manage","","BJD00988","Extrait (Boss Elegance)","0.00","1936","-","Barang Jadi","pcs","https://kil.gserp.id/uploads/default.png"
"1788654371-1937","https://kil.gserp.id/goods-manage","","BJD00989","Extrait (Choco Chanel)","0.00","1937","-","Barang Jadi","pcs","https://kil.gserp.id/uploads/default.png"
"1788654371-1938","https://kil.gserp.id/goods-manage","","BJD00990","PRIO DAY CREAM","0.00","1938","-","Barang Jadi","pcs","https://kil.gserp.id/uploads/default.png"
"1788654371-1939","https://kil.gserp.id/goods-manage","","BJD00991","DEO Spray Jasmine","0.00","1939","-","Barang Jadi","pcs","https://kil.gserp.id/uploads/default.png"
"1788654371-1940","https://kil.gserp.id/goods-manage","","BJD00992","DEO Spray Jasmine","0.00","1940","-","Barang Jadi","pcs","https://kil.gserp.id/uploads/default.png"
"1788654371-1941","https://kil.gserp.id/goods-manage","","BJD00993","DEAL PARFUM OKINAWA","0.00","1941","-","Barang Jadi","pcs","https://kil.gserp.id/uploads/default.png"
"1788654371-1942","https://kil.gserp.id/goods-manage","","BJD00994","Parfum Intense","0.00","1942","-","Barang Jadi","pcs","https://kil.gserp.id/uploads/default.png"
"1788654371-1943","https://kil.gserp.id/goods-manage","","BJD00995","PARFUM KHARISMA","0.00","1943","-","Barang Jadi","pcs","https://kil.gserp.id/uploads/default.png"
"1788654371-1944","https://kil.gserp.id/goods-manage","","BJD00996","PARFUM BLOSSOM","0.00","1944","-","Barang Jadi","pcs","https://kil.gserp.id/uploads/default.png"
"1788654371-1945","https://kil.gserp.id/goods-manage","","BJD00997","DEAL - DEODRANT SPRAY VANILA","0.00","1945","-","Barang Jadi","pcs","https://kil.gserp.id/uploads/default.png"
"1788654371-1946","https://kil.gserp.id/goods-manage","","BJD00998","DEAL - DEODRANT SPRAY VANILA","0.00","1946","-","Barang Jadi","pcs","https://kil.gserp.id/uploads/default.png"
"1788654371-1947","https://kil.gserp.id/goods-manage","","BJD00999","DEAL - EXTRAIT 35% ""THE DUTCHES""","0.00","1947","-","Barang Jadi","pcs","https://kil.gserp.id/uploads/default.png"
"1788654371-1948","https://kil.gserp.id/goods-manage","","BJD01000","CUSTOMER PARFUME (RAIN)","0.00","1948","-","Barang Jadi","pcs","https://kil.gserp.id/uploads/default.png"
"1788654371-1949","https://kil.gserp.id/goods-manage","","BJD01001","DEAL - EXTRAIT 40% NOMADEN / OMBRE NOMADE (OPSI TERRE)","0.00","1949","-","Barang Jadi","pcs","https://kil.gserp.id/uploads/default.png"
"1788654371-1950","https://kil.gserp.id/goods-manage","","BJD01002","DARKSPOT CREAM","0.00","1950","-","Barang Jadi","pcs","https://kil.gserp.id/uploads/default.png"
"1788654371-1951","https://kil.gserp.id/goods-manage","","BJD01003","castrol oil","0.00","1951","-","Barang Jadi","pcs","https://kil.gserp.id/uploads/default.png"
"1788654371-1952","https://kil.gserp.id/goods-manage","","BJD01004","minyak kemiri original","0.00","1952","-","Barang Jadi","pcs","https://kil.gserp.id/uploads/default.png"
"1788654371-1953","https://kil.gserp.id/goods-manage","","BJD01005","minyak kemiri bakar","0.00","1953","-","Barang Jadi","pcs","https://kil.gserp.id/uploads/default.png"
"1788654371-1954","https://kil.gserp.id/goods-manage","","BJD01006","REVISI CURL CREAM","0.00","1954","-","Barang Jadi","pcs","https://kil.gserp.id/uploads/default.png"
"1788654371-1955","https://kil.gserp.id/goods-manage","","BJD01007","facial foam","0.00","1955","-","Barang Jadi","pcs","https://kil.gserp.id/uploads/default.png"
"1788654371-1956","https://kil.gserp.id/goods-manage","","BJD01008","BRIGHTENING TONE UP LOTION","0.00","1956","-","Barang Jadi","pcs","https://kil.gserp.id/uploads/default.png"
"1788654371-1957","https://kil.gserp.id/goods-manage","","BJD01009","curl cream kids","0.00","1957","-","Barang Jadi","pcs","https://kil.gserp.id/uploads/default.png"
"1788654371-1958","https://kil.gserp.id/goods-manage","","BJD01010","EXTRAIT PARFUM LEGATUS","0.00","1958","-","Barang Jadi","pcs","https://kil.gserp.id/uploads/default.png"
"1788654371-1959","https://kil.gserp.id/goods-manage","","BJD01011","EXTRAIT PARFUM LUMORA","0.00","1959","-","Barang Jadi","pcs","https://kil.gserp.id/uploads/default.png"
"1788654371-1960","https://kil.gserp.id/goods-manage","","BJD01012","EXTRAIT PARFUM ROSVARA","0.00","1960","-","Barang Jadi","pcs","https://kil.gserp.id/uploads/default.png"
"1788654371-1961","https://kil.gserp.id/goods-manage","","BJD01013","EXTRAIT PARFUM FELIX","0.00","1961","-","Barang Jadi","pcs","https://kil.gserp.id/uploads/default.png"
"1788654371-1962","https://kil.gserp.id/goods-manage","","BJD01014","Redence Hair Therapy Serum 3% (Labbol)","0.00","1962","-","Barang Jadi","pcs","https://kil.gserp.id/uploads/default.png"
"1788654371-1963","https://kil.gserp.id/goods-manage","","BJD01015","Redence Hair Growth Serum 5% (Labbol)","0.00","1963","-","Barang Jadi","pcs","https://kil.gserp.id/uploads/default.png"
"1788654371-1964","https://kil.gserp.id/goods-manage","","BJD01016","Rev 3 Hair serum baby","0.00","1964","-","Barang Jadi","pcs","https://kil.gserp.id/uploads/default.png"
"1788654371-1965","https://kil.gserp.id/goods-manage","","BJD01017","Micellar Water","0.00","1965","-","Barang Jadi","pcs","https://kil.gserp.id/uploads/default.png"
"1788654371-1966","https://kil.gserp.id/goods-manage","","BJD01018","DARKSPOT CREAM","0.00","1966","-","Barang Jadi","pcs","https://kil.gserp.id/uploads/default.png"
"1788654371-1967","https://kil.gserp.id/goods-manage","","BJD01019","BODY LOTION BOOSTER","0.00","1967","-","Barang Jadi","pcs","https://kil.gserp.id/uploads/default.png"
"1788654371-1968","https://kil.gserp.id/goods-manage","","BJD01020","FACE FOAM","0.00","1968","-","Barang Jadi","pcs","https://kil.gserp.id/uploads/default.png"
"1788654371-1969","https://kil.gserp.id/goods-manage","","BJD01021","Body Lotion Tone Up","0.00","1969","-","Barang Jadi","pcs","https://kil.gserp.id/uploads/default.png"
"1788654371-1970","https://kil.gserp.id/goods-manage","","BJD01022","cusom parfum 1","0.00","1970","-","Barang Jadi","pcs","https://kil.gserp.id/uploads/default.png"
"1788654371-1971","https://kil.gserp.id/goods-manage","","BJD01023","Extrait A Blue","0.00","1971","-","Barang Jadi","pcs","https://kil.gserp.id/uploads/default.png"
"1788654371-1972","https://kil.gserp.id/goods-manage","","BJD01024","Extrait Parfum Luxury","0.00","1972","-","Barang Jadi","pcs","https://kil.gserp.id/uploads/default.png"
"1788654371-1973","https://kil.gserp.id/goods-manage","","BJD01025","EXTRAIT PARFUM FAIRY LADY","0.00","1973","-","Barang Jadi","pcs","https://kil.gserp.id/uploads/default.png"
"1788654371-1974","https://kil.gserp.id/goods-manage","","BJD01026","Extrait Trusardi donna","0.00","1974","-","Barang Jadi","pcs","https://kil.gserp.id/uploads/default.png"
"1788654371-1975","https://kil.gserp.id/goods-manage","","BJD01027","EXTRAIT MY WAY","0.00","1975","-","Barang Jadi","pcs","https://kil.gserp.id/uploads/default.png"
"1788654371-1976","https://kil.gserp.id/goods-manage","","BJD01028","DEAL PARFUM ANJO","0.00","1976","-","Barang Jadi","pcs","https://kil.gserp.id/uploads/default.png"
"1788654371-1977","https://kil.gserp.id/goods-manage","","BJD01029","Deal Parfum odate","0.00","1977","-","Barang Jadi","pcs","https://kil.gserp.id/uploads/default.png"
"1788654371-1978","https://kil.gserp.id/goods-manage","","BJD01030","Whitening Body Lotion","0.00","1978","-","Barang Jadi","pcs","https://kil.gserp.id/uploads/default.png"
"1788654371-1979","https://kil.gserp.id/goods-manage","","BJD01031","DARKSPOT CREAM","0.00","1979","-","Barang Jadi","pcs","https://kil.gserp.id/uploads/default.png"
"1788654371-1980","https://kil.gserp.id/goods-manage","","BJD01032","Redence Hair Growth Serum 5% (Labbol)","0.00","1980","-","Barang Jadi","pcs","https://kil.gserp.id/uploads/default.png"
"1788654371-1981","https://kil.gserp.id/goods-manage","","BJD01033","Sunscreen Spray Tone Up SPF 50","0.00","1981","-","Barang Jadi","pcs","https://kil.gserp.id/uploads/default.png"
"1788654371-1982","https://kil.gserp.id/goods-manage","","BJD01034","Sunscreen Spray Tone Up SPF 50","0.00","1982","-","Barang Jadi","pcs","https://kil.gserp.id/uploads/default.png"
"1788654371-1983","https://kil.gserp.id/goods-manage","","BJD01035","MAGIC LIP SERUM","0.00","1983","-","Barang Jadi","pcs","https://kil.gserp.id/uploads/default.png"
"1788654371-1984","https://kil.gserp.id/goods-manage","","BJD01036","Redence Hair Growth Serum 5% (Labbol)","0.00","1984","-","Barang Jadi","pcs","https://kil.gserp.id/uploads/default.png"
"1788654371-1985","https://kil.gserp.id/goods-manage","","BJD01037","DARKSPOT CREAM","0.00","1985","-","Barang Jadi","pcs","https://kil.gserp.id/uploads/default.png"
"1788654371-1986","https://kil.gserp.id/goods-manage","","BJD01038","Moisturizer Gel ( MILMICHA GLOW )","0.00","1986","-","Barang Jadi","pcs","https://kil.gserp.id/uploads/default.png"
"1788654371-1987","https://kil.gserp.id/goods-manage","","BJD01039","DEAL - BALM PARFUME / ROMANTIC ROMANCE (Maloni)","0.00","1987","-","Barang Jadi","pcs","https://kil.gserp.id/uploads/default.png"
"1788654371-1988","https://kil.gserp.id/goods-manage","","BJD01040","Facial Wash All Skin Type","0.00","1988","-","Barang Jadi","pcs","https://kil.gserp.id/uploads/default.png"
"1788654371-1989","https://kil.gserp.id/goods-manage","","BJD01041","GLOW BRIGHT FACE MIST SPRAY","0.00","1989","-","Barang Jadi","pcs","https://kil.gserp.id/uploads/default.png"
"1788654371-1990","https://kil.gserp.id/goods-manage","","BJD01042","Moisturizer Gel","0.00","1990","-","Barang Jadi","pcs","https://kil.gserp.id/uploads/default.png"
"1788654371-1991","https://kil.gserp.id/goods-manage","","BJD01043","SUNSCREEN TONE UP SPF 40++ (REVISI 5)","0.00","1991","-","Barang Jadi","pcs","https://kil.gserp.id/uploads/default.png"
"1788654371-1992","https://kil.gserp.id/goods-manage","","BJD01044","curl Cream","0.00","1992","-","Barang Jadi","pcs","https://kil.gserp.id/uploads/default.png"
"1788654371-1993","https://kil.gserp.id/goods-manage","","BJD01045","EXTRAIT MYSTERIOSA","0.00","1993","-","Barang Jadi","pcs","https://kil.gserp.id/uploads/default.png"
"1788654371-1994","https://kil.gserp.id/goods-manage","","BJD01046","EDP WITH PHEROMONT MYSTERIOSA (KLAIM FEROMONT)","0.00","1994","-","Barang Jadi","pcs","https://kil.gserp.id/uploads/default.png"
"1788654371-1995","https://kil.gserp.id/goods-manage","","BJD01047","EDP WITH PHEROMONT ICY VANILLA (KLAIM FEROMONT)","0.00","1995","-","Barang Jadi","pcs","https://kil.gserp.id/uploads/default.png"
"1788654371-1996","https://kil.gserp.id/goods-manage","","BJD01048","hair serum baby and kids","0.00","1996","-","Barang Jadi","pcs","https://kil.gserp.id/uploads/default.png"
"1788654371-1997","https://kil.gserp.id/goods-manage","","BJD01049","DARKSPOT CREAM","0.00","1997","-","Barang Jadi","pcs","https://kil.gserp.id/uploads/default.png"
"1788654371-1998","https://kil.gserp.id/goods-manage","","BJD01050","Day Cream","0.00","1998","-","Barang Jadi","pcs","https://kil.gserp.id/uploads/default.png"
"1788654371-1999","https://kil.gserp.id/goods-manage","","BJD01051","Night Cream","0.00","1999","-","Barang Jadi","pcs","https://kil.gserp.id/uploads/default.png"
"1788654371-2000","https://kil.gserp.id/goods-manage","","BJD01052","PRIO BODY LOTION OEM","0.00","2000","-","Barang Jadi","pcs","https://kil.gserp.id/uploads/default.png"
"1788654371-2001","https://kil.gserp.id/goods-manage","","BJD01053","PRIO BODY WASH OEM","0.00","2001","-","Barang Jadi","pcs","https://kil.gserp.id/uploads/default.png"
"1788654371-2002","https://kil.gserp.id/goods-manage","","BJD01054","Body toner Exfoliate","0.00","2002","-","Barang Jadi","pcs","https://kil.gserp.id/uploads/default.png"
"1788654371-2003","https://kil.gserp.id/goods-manage","","BJD01055","Balm Parfume peony","0.00","2003","-","Barang Jadi","pcs","https://kil.gserp.id/uploads/default.png"
"1788654371-2004","https://kil.gserp.id/goods-manage","","BJD01056","PRIORITAS EAU DE PARFUM IMOZU PINK CHIFFON","0.00","2004","-","Barang Jadi","pcs","https://kil.gserp.id/uploads/default.png"
"1788654371-2005","https://kil.gserp.id/goods-manage","","BJD01057","EDP IMOZU - Scandalous","0.00","2005","-","Barang Jadi","pcs","https://kil.gserp.id/uploads/default.png"
"1788654371-2006","https://kil.gserp.id/goods-manage","","BJD01058","Eau de Perfume IMOZU - Vanilla Red Parfum","0.00","2006","-","Barang Jadi","pcs","https://kil.gserp.id/uploads/default.png"
"1788654371-2007","https://kil.gserp.id/goods-manage","","BJD01059","EAU DE PARFUM IMOZU ORCHIDLY","0.00","2007","-","Barang Jadi","pcs","https://kil.gserp.id/uploads/default.png"
"1788654371-2008","https://kil.gserp.id/goods-manage","","BJD01060","EDP IMOZU - Baby Fresh","0.00","2008","-","Barang Jadi","pcs","https://kil.gserp.id/uploads/default.png"
"1788654371-2009","https://kil.gserp.id/goods-manage","","BJD01061","Eau de Perfume IMOZU – PRAMUGARI","0.00","2009","-","Barang Jadi","pcs","https://kil.gserp.id/uploads/default.png"
"1788654371-2010","https://kil.gserp.id/goods-manage","","BJD01062","Redence Hair Growth Serum 5% (Labbol)","0.00","2010","-","Barang Jadi","pcs","https://kil.gserp.id/uploads/default.png"
"1788654371-2011","https://kil.gserp.id/goods-manage","","BJD01063","Moisturizer Gel ( MILMICHA GLOW )","0.00","2011","-","Barang Jadi","pcs","https://kil.gserp.id/uploads/default.png"
"1788654371-2012","https://kil.gserp.id/goods-manage","","BJD01064","Face wash mild","0.00","2012","-","Barang Jadi","pcs","https://kil.gserp.id/uploads/default.png"
"1788654371-2013","https://kil.gserp.id/goods-manage","","BJD01065","Whitening Serum For anti aging & Darkspot","0.00","2013","-","Barang Jadi","pcs","https://kil.gserp.id/uploads/default.png"
"1788654371-2014","https://kil.gserp.id/goods-manage","","BJD01066","Night Cream","0.00","2014","-","Barang Jadi","pcs","https://kil.gserp.id/uploads/default.png"
"1788654371-2015","https://kil.gserp.id/goods-manage","","BJD01067","Sunscreen Day Cream","0.00","2015","-","Barang Jadi","pcs","https://kil.gserp.id/uploads/default.png"
"1788654371-2016","https://kil.gserp.id/goods-manage","","BJD01068","Day cream tone up","0.00","2016","-","Barang Jadi","pcs","https://kil.gserp.id/uploads/default.png"
"1788654371-2017","https://kil.gserp.id/goods-manage","","BJD01069","DEAL PARFUM OKINAWA","0.00","2017","-","Barang Jadi","pcs","https://kil.gserp.id/uploads/default.png"
"1788654371-2018","https://kil.gserp.id/goods-manage","","BJD01070","PARFUM EDP (zara seoul 532 8 sinsa dong gangnam gu)","0.00","2018","-","Barang Jadi","pcs","https://kil.gserp.id/uploads/default.png"
"1788654371-2019","https://kil.gserp.id/goods-manage","","BJD01071","PARFUM EDP(YSL LIBRE Eau de Parfum Intense)","0.00","2019","-","Barang Jadi","pcs","https://kil.gserp.id/uploads/default.png"
"1788654371-2020","https://kil.gserp.id/goods-manage","","BJD01072","Moisturizer Gel ( MILMICHA GLOW )","0.00","2020","-","Barang Jadi","pcs","https://kil.gserp.id/uploads/default.png"
"1788654371-2021","https://kil.gserp.id/goods-manage","","BBK00441","bulk sabun orange china","0.00","2021","-","Bahan Baku","gr","https://kil.gserp.id/uploads/default.png"
"1788654371-2022","https://kil.gserp.id/goods-manage","","BJD01073","Whitening Night Cream Janan","0.00","2022","-","Barang Jadi","pcs","https://kil.gserp.id/uploads/default.png"
"1788654371-2023","https://kil.gserp.id/goods-manage","","BJD01074","Serum Brightening","0.00","2023","-","Barang Jadi","pcs","https://kil.gserp.id/uploads/default.png"
"1788654371-2024","https://kil.gserp.id/goods-manage","","BJD01075","Face wash","0.00","2024","-","Barang Jadi","pcs","https://kil.gserp.id/uploads/default.png"
"1788654371-2025","https://kil.gserp.id/goods-manage","","BJD01076","DEAL FACIAL WASH","0.00","2025","-","Barang Jadi","pcs","https://kil.gserp.id/uploads/default.png"
"1788654371-2026","https://kil.gserp.id/goods-manage","","KPR00302","Kemasan Lip Serum GMR 3.5ml","7,400.00","2026","-","Kemasan Primer","pcs","https://kil.gserp.id/uploads/common/202601/1768789294_d61dc13928d68ff36d8e.jpeg"
"1788654371-2027","https://kil.gserp.id/goods-manage","","BBK00443","DPG (Dipropylene Glycol)","85.00","2027","Base","Bahan Baku","gr","https://kil.gserp.id/uploads/default.png"
"1788654371-2028","https://kil.gserp.id/goods-manage","","BJD01077","Whitening Advance Night Cream DL.NC25-03","0.00","2028","-","Barang Jadi","pcs","https://kil.gserp.id/uploads/default.png"
"1788654371-2029","https://kil.gserp.id/goods-manage","","BJD01078","EAU DE PARFUM ENIGMA","0.00","2029","-","Barang Jadi","pcs","https://kil.gserp.id/uploads/default.png"
"1788654371-2030","https://kil.gserp.id/goods-manage","","BJD01079","EAU DE PARFUM MISTY","0.00","2030","-","Barang Jadi","pcs","https://kil.gserp.id/uploads/default.png"
"1788654371-2031","https://kil.gserp.id/goods-manage","","KPR00303","Botol Everest Tutup Bulat Gold","11,200.00","2031","-","Kemasan Primer","pcs","https://kil.gserp.id/uploads/common/202601/1769137221_05e9bdcb7785b3b4c643.jpeg"
"1788654371-2032","https://kil.gserp.id/goods-manage","","BJD01080","Moisturizer Gel ( MILMICHA GLOW )","0.00","2032","-","Barang Jadi","pcs","https://kil.gserp.id/uploads/default.png"
"1788654371-2033","https://kil.gserp.id/goods-manage","","KPR00304","Tube Sensesoul Curl Cream Kids 100ml","3,700.00","2033","","Kemasan Primer","pcs","https://kil.gserp.id/uploads/common/202601/1769401397_8e8074d76d982faed186.png"
"1788654371-2034","https://kil.gserp.id/goods-manage","","BJD01081","Serum bulu mata","0.00","2034","-","Barang Jadi","pcs","https://kil.gserp.id/uploads/default.png"
"1788654371-2035","https://kil.gserp.id/goods-manage","","BJD01082","EDP IMOZU - Scandalous","0.00","2035","-","Barang Jadi","pcs","https://kil.gserp.id/uploads/default.png"
"1788654371-2036","https://kil.gserp.id/goods-manage","","BJD01083","PRIORITAS EAU DE PARFUM IMOZU PINK CHIFFON","0.00","2036","-","Barang Jadi","pcs","https://kil.gserp.id/uploads/default.png"
"1788654371-2037","https://kil.gserp.id/goods-manage","","BJD01084","Eau de Perfume IMOZU – PRAMUGARI","0.00","2037","-","Barang Jadi","pcs","https://kil.gserp.id/uploads/default.png"
"1788654371-2038","https://kil.gserp.id/goods-manage","","KPR00305","Pet 100ml Putih","900.00","2038","-","Kemasan Primer","pcs","https://kil.gserp.id/uploads/default.png"
"1788654371-2039","https://kil.gserp.id/goods-manage","","KPR00306","Botol Oval 250ml Putih","1,800.00","2039","-","Kemasan Primer","pcs","https://kil.gserp.id/uploads/default.png"
"1788654371-2040","https://kil.gserp.id/goods-manage","","KPR00307","Botol Oval 250ml Clear","0.00","2040","-","Kemasan Primer","pcs","https://kil.gserp.id/uploads/default.png"
"1788654371-2041","https://kil.gserp.id/goods-manage","","KPR00308","POT ACRYLIC 10GR SQUARE HITAM","0.00","2041","-","Kemasan Primer","pcs","https://kil.gserp.id/uploads/default.png"
"1788654371-2042","https://kil.gserp.id/goods-manage","","KPR00309","Pot plastik 15gr Ptih Tutup Gold","5,700.00","2042","-","Kemasan Primer","pcs","https://kil.gserp.id/uploads/common/202601/1769663221_bec19ac4d3df0879422e.jpeg"
"1788654371-2043","https://kil.gserp.id/goods-manage","","KPR00310","Pot Cream Plastik 15gr Putih Tutup Gold","5,700.00","2043","-","Kemasan Primer","pcs","https://kil.gserp.id/uploads/common/202601/1769663441_5de1a770b37aabcff5dd.jpeg"
"1788654371-2044","https://kil.gserp.id/goods-manage","","KPR00311","Pot Cream Plastik 15gr Putih Tutup Silver","5,700.00","2044","-","Kemasan Primer","pcs","https://kil.gserp.id/uploads/common/202601/1769663870_151af8968b2f8120815a.jpeg"
"1788654371-2045","https://kil.gserp.id/goods-manage","","BBK00444","Ferulic Acid (Bericos)","3,000.00","2045","-","Bahan Baku","gr","https://kil.gserp.id/uploads/default.png"
"1788654371-2046","https://kil.gserp.id/goods-manage","","BJD01085","PRIORITAS EAU DE PARFUM IMOZU PINK CHIFFON","0.00","2046","-","Barang Jadi","pcs","https://kil.gserp.id/uploads/default.png"
"1788654371-2047","https://kil.gserp.id/goods-manage","","BBK00445","Angel Share - Fragrance","0.00","2047","-","Bahan Baku","gr","https://kil.gserp.id/uploads/default.png"
"1788654371-2048","https://kil.gserp.id/goods-manage","","BBK00446","Delina - Fragrance","0.00","2048","-","Bahan Baku","gr","https://kil.gserp.id/uploads/default.png"
"1788654371-2049","https://kil.gserp.id/goods-manage","","BBK00447","Gaultier Divine - Fragrance","0.00","2049","-","Bahan Baku","gr","https://kil.gserp.id/uploads/default.png"
"1788654371-2050","https://kil.gserp.id/goods-manage","","BBK00448","Imperial Valley - Fragrance","0.00","2050","-","Bahan Baku","gr","https://kil.gserp.id/uploads/default.png"
"1788654371-2051","https://kil.gserp.id/goods-manage","","BJD01086","DEAL - EXTRAIT 35% ""HEAVEN ME/SCANDAL MEN""","0.00","2051","-","Barang Jadi","pcs","https://kil.gserp.id/uploads/default.png"
"1788654371-2052","https://kil.gserp.id/goods-manage","","BJD01087","DEAL - EXTRAIT 35% ""HEAVEN ME/SCANDAL MEN""","0.00","2052","-","Barang Jadi","pcs","https://kil.gserp.id/uploads/default.png"
"1788654371-2053","https://kil.gserp.id/goods-manage","","BJD01088","DEAL - EXTRAIT 35% ""THE DUTCHES""","0.00","2053","-","Barang Jadi","pcs","https://kil.gserp.id/uploads/default.png"
"1788654371-2054","https://kil.gserp.id/goods-manage","","BJD01089","DEAL - EXTRAIT 35% ""GIRLY""","0.00","2054","-","Barang Jadi","pcs","https://kil.gserp.id/uploads/default.png"
"1788654371-2055","https://kil.gserp.id/goods-manage","","BJD01090","LUXURIOUS WHITENING BOOSTER, 250 ML","0.00","2055","-","Barang Jadi","pcs","https://kil.gserp.id/uploads/default.png"
"1788654371-2056","https://kil.gserp.id/goods-manage","","BJD01091","REVISI CURL CREAM","0.00","2056","-","Barang Jadi","pcs","https://kil.gserp.id/uploads/default.png"
"1788654371-2057","https://kil.gserp.id/goods-manage","","BJD01092","curl cream kids","0.00","2057","-","Barang Jadi","pcs","https://kil.gserp.id/uploads/default.png"
"1788654371-2058","https://kil.gserp.id/goods-manage","","BJD01093","REVISI CURL CREAM","0.00","2058","-","Barang Jadi","pcs","https://kil.gserp.id/uploads/default.png"
"1788654371-2059","https://kil.gserp.id/goods-manage","","BJD01094","DARKSPOT CREAM","0.00","2059","-","Barang Jadi","pcs","https://kil.gserp.id/uploads/default.png"
"1788654371-2060","https://kil.gserp.id/goods-manage","","KPR00312","Pot Cream Pastel Doff 20gr Hitam (Klien)","0.00","2060","-","Kemasan Primer","pcs","https://kil.gserp.id/uploads/common/202602/1770175706_6a5441566b36dad08c3e.jpg"
"1788654371-2061","https://kil.gserp.id/goods-manage","","KPR00313","Pot Cream Pastel Doff 20gr Putih (Klien)","0.00","2061","-","Kemasan Primer","pcs","https://kil.gserp.id/uploads/common/202602/1770175751_f96bdf2790a6a3af4e54.jpg"
"1788654371-2062","https://kil.gserp.id/goods-manage","","KPR00314","Botol Kaca RF 20ml Frosted Tutup Pump Double Step Putih (Klien)","0.00","2062","-","Kemasan Primer","pcs","https://kil.gserp.id/uploads/common/202602/1770175838_288671584784157bacc5.jpg"
"1788654371-2063","https://kil.gserp.id/goods-manage","","KPR00315","Box ChromaLine (Dari Klien)","0.00","2063","-","Kemasan Primer","pcs","https://kil.gserp.id/uploads/default.png"
"1788654371-2064","https://kil.gserp.id/goods-manage","","KPR00316","Box ChromaLine (Dari Klien)","0.00","2064","-","Kemasan Primer","pcs","https://kil.gserp.id/uploads/default.png"
"1788654371-2065","https://kil.gserp.id/goods-manage","","BBK00449","ACH - Aluminum Clorohydrate 50%","90.35","2065","Base","Bahan Baku","gr","https://kil.gserp.id/uploads/default.png"
"1788654371-2066","https://kil.gserp.id/goods-manage","","BBK00450","Natrosol HHR 250 PC - HEC","485.00","2066","Active","Bahan Baku","gr","https://kil.gserp.id/uploads/default.png"
"1788654371-2067","https://kil.gserp.id/goods-manage","","KSR00209","Printing Tazzi Face Mist","1,200.00","2067","-","Kemasan Sekunder","pcs","https://kil.gserp.id/uploads/common/202602/1770192115_81c8bb1074ec924c7ce2.jpeg"
"1788654371-2068","https://kil.gserp.id/goods-manage","","KPR00317","Botol Bredo Clear 30ml Cap Bulat Gold","8,900.00","2068","-","Kemasan Primer","pcs","https://kil.gserp.id/uploads/common/202602/1770605200_3e31c40dac1f496319d5.png"
"1788654371-2069","https://kil.gserp.id/goods-manage","","BBK00451","Span 80","0.00","2069","-","Bahan Baku","ml","https://kil.gserp.id/uploads/default.png"
"1788654371-2070","https://kil.gserp.id/goods-manage","","BBK00452","Steatric Acid","0.00","2070","-","Bahan Baku","ml","https://kil.gserp.id/uploads/default.png"
"1788654371-2071","https://kil.gserp.id/goods-manage","","BBK00453","Myristic Acid","0.00","2071","-","Bahan Baku","ml","https://kil.gserp.id/uploads/default.png"
"1788654371-2072","https://kil.gserp.id/goods-manage","","BBK00454","Palmitic Acid","0.00","2072","-","Bahan Baku","ml","https://kil.gserp.id/uploads/default.png"
"1788654371-2073","https://kil.gserp.id/goods-manage","","BBK00455","Lauric Acid","80.00","2073","Base","Bahan Baku","gr","https://kil.gserp.id/uploads/default.png"
"1788654371-2074","https://kil.gserp.id/goods-manage","","BBK00456","BRB PTM 20","600.00","2074","","Bahan Baku","ml","https://kil.gserp.id/uploads/default.png"
"1788654371-2075","https://kil.gserp.id/goods-manage","","BBK00457","Bold Base Saffron","0.00","2075","-","Bahan Baku","ml","https://kil.gserp.id/uploads/default.png"
"1788654371-2076","https://kil.gserp.id/goods-manage","","BBK00458","Wyncare 7100","393.30","2076","-","Bahan Baku","gr","https://kil.gserp.id/uploads/default.png"
"1788654371-2077","https://kil.gserp.id/goods-manage","","BBK00459","SiCare 201-100 (Dimethicone)","88.40","2077","","Bahan Baku","gr","https://kil.gserp.id/uploads/default.png"
"1788654371-2078","https://kil.gserp.id/goods-manage","","BBK00460","Liptin With Strawberry Flavour","0.00","2078","-","Bahan Baku","ml","https://kil.gserp.id/uploads/default.png"
"1788654371-2079","https://kil.gserp.id/goods-manage","","BBK00461","Hydrolized Oat","0.00","2079","-","Bahan Baku","ml","https://kil.gserp.id/uploads/default.png"
"1788654371-2080","https://kil.gserp.id/goods-manage","","BBK00462","Propolis Gold Ekstrak","0.00","2080","-","Bahan Baku","ml","https://kil.gserp.id/uploads/default.png"
"1788654371-2081","https://kil.gserp.id/goods-manage","","BBK00463","Indiex Centella Asiatica Extract","0.00","2081","-","Bahan Baku","ml","https://kil.gserp.id/uploads/default.png"
"1788654371-2082","https://kil.gserp.id/goods-manage","","BBK00464","Striover","0.00","2082","-","Bahan Baku","ml","https://kil.gserp.id/uploads/default.png"
"1788654371-2083","https://kil.gserp.id/goods-manage","","BBK00465","Zinc Pyrithione","0.00","2083","-","Bahan Baku","ml","https://kil.gserp.id/uploads/default.png"
"1788654371-2084","https://kil.gserp.id/goods-manage","","BBK00466","Clove Bud Oil","1,000.00","2084","Essential Oil","Bahan Baku","gr","https://kil.gserp.id/uploads/default.png"
"1788654371-2085","https://kil.gserp.id/goods-manage","","BBK00467","Bio Capigen VEG","3,800.00","2085","","Bahan Baku","gr","https://kil.gserp.id/uploads/default.png"
"1788654371-2086","https://kil.gserp.id/goods-manage","","BBK00468","Minyak Kemiri Bakar","170.00","2086","","Bahan Baku","gr","https://kil.gserp.id/uploads/default.png"
"1788654371-2087","https://kil.gserp.id/goods-manage","","BBK00469","Dior Blooming Bouque (Dreamlab)","0.00","2087","-","Bahan Baku","ml","https://kil.gserp.id/uploads/default.png"
"1788654371-2088","https://kil.gserp.id/goods-manage","","BBK00470","212 VIP Men Carolina Herrera (Dreamlab)","0.00","2088","-","Bahan Baku","ml","https://kil.gserp.id/uploads/default.png"
"1788654371-2089","https://kil.gserp.id/goods-manage","","BBK00471","Gravitation (Dreamlab)","0.00","2089","-","Bahan Baku","ml","https://kil.gserp.id/uploads/default.png"
"1788654371-2090","https://kil.gserp.id/goods-manage","","BBK00472","Maritime M (Dreamlab)","0.00","2090","-","Bahan Baku","ml","https://kil.gserp.id/uploads/default.png"
"1788654371-2091","https://kil.gserp.id/goods-manage","","BBK00473","Snow Musk (Dreamlab)","0.00","2091","-","Bahan Baku","ml","https://kil.gserp.id/uploads/default.png"
"1788654371-2092","https://kil.gserp.id/goods-manage","","BBK00474","Orbit (Dreamlab)","0.00","2092","-","Bahan Baku","ml","https://kil.gserp.id/uploads/default.png"
"1788654371-2093","https://kil.gserp.id/goods-manage","","BBK00475","Turbulence (Dreamlab)","0.00","2093","-","Bahan Baku","ml","https://kil.gserp.id/uploads/default.png"
"1788654371-2094","https://kil.gserp.id/goods-manage","","BBK00476","Concorde (Dreamlab)","0.00","2094","-","Bahan Baku","ml","https://kil.gserp.id/uploads/default.png"
"1788654371-2095","https://kil.gserp.id/goods-manage","","BBK00477","Coco Lee (Dreamlab)","0.00","2095","-","Bahan Baku","ml","https://kil.gserp.id/uploads/default.png"
"1788654371-2096","https://kil.gserp.id/goods-manage","","BBK00478","Pop Corn Caramel (Dreamlab)","0.00","2096","-","Bahan Baku","ml","https://kil.gserp.id/uploads/default.png"
"1788654371-2097","https://kil.gserp.id/goods-manage","","BBK00479","Legion Red (Dreamlab)","0.00","2097","-","Bahan Baku","ml","https://kil.gserp.id/uploads/default.png"
"1788654371-2098","https://kil.gserp.id/goods-manage","","BBK00480","Trendy (Dreamlab)","0.00","2098","-","Bahan Baku","ml","https://kil.gserp.id/uploads/default.png"
"1788654371-2099","https://kil.gserp.id/goods-manage","","BBK00481","The Man World (Dreamlab)","0.00","2099","-","Bahan Baku","ml","https://kil.gserp.id/uploads/default.png"
"1788654371-2100","https://kil.gserp.id/goods-manage","","BBK00482","Gladys (Dreamlab)","0.00","2100","-","Bahan Baku","ml","https://kil.gserp.id/uploads/default.png"
"1788654371-2101","https://kil.gserp.id/goods-manage","","BBK00483","Grand Royal (Dreamlab)","0.00","2101","-","Bahan Baku","ml","https://kil.gserp.id/uploads/default.png"
"1788654371-2102","https://kil.gserp.id/goods-manage","","BBK00484","Victoria Passion (Dreamlab)","1,320.00","2102","Fragrance","Bahan Baku","gr","https://kil.gserp.id/uploads/default.png"
"1788654371-2103","https://kil.gserp.id/goods-manage","","BBK00485","Scandalus (Dreamlab)","0.00","2103","-","Bahan Baku","ml","https://kil.gserp.id/uploads/default.png"
"1788654371-2104","https://kil.gserp.id/goods-manage","","BBK00486","Vanilla Pink (Dreamlab)","0.00","2104","-","Bahan Baku","ml","https://kil.gserp.id/uploads/default.png"
"1788654371-2105","https://kil.gserp.id/goods-manage","","BBK00487","Viva La Juicy (Dreamlab)","0.00","2105","-","Bahan Baku","ml","https://kil.gserp.id/uploads/default.png"
"1788654371-2106","https://kil.gserp.id/goods-manage","","BBK00488","My Way (Dreamlab)","0.00","2106","-","Bahan Baku","ml","https://kil.gserp.id/uploads/default.png"
"1788654371-2107","https://kil.gserp.id/goods-manage","","BBK00489","Aqua Kiss (Dreamlab)","0.00","2107","-","Bahan Baku","ml","https://kil.gserp.id/uploads/default.png"
"1788654371-2108","https://kil.gserp.id/goods-manage","","BBK00490","Slavina (Dreamlab)","0.00","2108","-","Bahan Baku","ml","https://kil.gserp.id/uploads/default.png"
"1788654371-2109","https://kil.gserp.id/goods-manage","","BBK00491","Amber Romance (Dreamlab)","0.00","2109","-","Bahan Baku","ml","https://kil.gserp.id/uploads/default.png"
"1788654371-2110","https://kil.gserp.id/goods-manage","","BBK00492","New Bacardi (Dreamlab)","0.00","2110","-","Bahan Baku","ml","https://kil.gserp.id/uploads/default.png"
"1788654371-2111","https://kil.gserp.id/goods-manage","","BBK00493","Ombre Nomade (Dreamlab)","0.00","2111","-","Bahan Baku","ml","https://kil.gserp.id/uploads/default.png"
"1788654371-2112","https://kil.gserp.id/goods-manage","","BBK00494","Lovely Sarah Jessica Parker (Dreamlab)","0.00","2112","-","Bahan Baku","ml","https://kil.gserp.id/uploads/default.png"
"1788654371-2113","https://kil.gserp.id/goods-manage","","BBK00495","Zwitzal Baby (Dreamlab)","1,000.00","2113","-","Bahan Baku","ml","https://kil.gserp.id/uploads/default.png"
"1788654371-2114","https://kil.gserp.id/goods-manage","","BBK00496","Viscandal (Dreamlab)","0.00","2114","-","Bahan Baku","ml","https://kil.gserp.id/uploads/default.png"
"1788654371-2115","https://kil.gserp.id/goods-manage","","BBK00497","Glow Blue (Dreamlab)","0.00","2115","-","Bahan Baku","ml","https://kil.gserp.id/uploads/default.png"
"1788654371-2116","https://kil.gserp.id/goods-manage","","BBK00498","Omnia Amethyst (Dreamlab)","0.00","2116","-","Bahan Baku","ml","https://kil.gserp.id/uploads/default.png"
"1788654371-2117","https://kil.gserp.id/goods-manage","","BBK00499","Bali Kenz (Dreamlab)","0.00","2117","-","Bahan Baku","ml","https://kil.gserp.id/uploads/default.png"
"1788654371-2118","https://kil.gserp.id/goods-manage","","BBK00500","Japan Tobacco (Dreamlab)","0.00","2118","-","Bahan Baku","ml","https://kil.gserp.id/uploads/default.png"
"1788654371-2119","https://kil.gserp.id/goods-manage","","BBK00501","Byredo Rose (Dreamlab)","0.00","2119","-","Bahan Baku","ml","https://kil.gserp.id/uploads/default.png"
"1788654371-2120","https://kil.gserp.id/goods-manage","","BBK00502","Romantic Wish Victoria Secret (Dreamlab)","0.00","2120","-","Bahan Baku","ml","https://kil.gserp.id/uploads/default.png"
"1788654371-2121","https://kil.gserp.id/goods-manage","","BBK00503","One Million Lucky EDT For Men Paco Rabanne (Dreamlab)","0.00","2121","-","Bahan Baku","ml","https://kil.gserp.id/uploads/default.png"
"1788654371-2122","https://kil.gserp.id/goods-manage","","BBK00504","Oud Lancome (Dreamlab)","0.00","2122","-","Bahan Baku","ml","https://kil.gserp.id/uploads/default.png"
"1788654371-2123","https://kil.gserp.id/goods-manage","","BBK00505","Lacoste Sport (Dreamlab)","0.00","2123","-","Bahan Baku","ml","https://kil.gserp.id/uploads/default.png"
"1788654371-2124","https://kil.gserp.id/goods-manage","","BBK00506","Avril Forbidden Rose (Dreamlab)","0.00","2124","-","Bahan Baku","ml","https://kil.gserp.id/uploads/default.png"
"1788654371-2125","https://kil.gserp.id/goods-manage","","BBK00507","Azzaro Pour Home (Dreamlab)","0.00","2125","-","Bahan Baku","ml","https://kil.gserp.id/uploads/default.png"
"1788654371-2126","https://kil.gserp.id/goods-manage","","BBK00508","Tom Ford Bitter Peach (Dreanlab)","0.00","2126","-","Bahan Baku","ml","https://kil.gserp.id/uploads/default.png"
"1788654371-2127","https://kil.gserp.id/goods-manage","","BBK00509","Tommy Jeans (Dreamlab)","0.00","2127","-","Bahan Baku","ml","https://kil.gserp.id/uploads/default.png"
"1788654371-2128","https://kil.gserp.id/goods-manage","","BBK00510","Lovely Nagita (Dreamlab)","0.00","2128","-","Bahan Baku","ml","https://kil.gserp.id/uploads/default.png"
"1788654371-2129","https://kil.gserp.id/goods-manage","","BBK00511","Hayati (Dreamlab)","0.00","2129","-","Bahan Baku","ml","https://kil.gserp.id/uploads/default.png"
"1788654371-2130","https://kil.gserp.id/goods-manage","","BBK00512","Ameer Out (Dreamlab)","0.00","2130","-","Bahan Baku","ml","https://kil.gserp.id/uploads/default.png"
"1788654371-2131","https://kil.gserp.id/goods-manage","","BBK00513","Mistaharah (Dreamlab)","0.00","2131","-","Bahan Baku","ml","https://kil.gserp.id/uploads/default.png"
"1788654371-2132","https://kil.gserp.id/goods-manage","","BBK00514","Herod De Marley (Dreamlab)","0.00","2132","-","Bahan Baku","ml","https://kil.gserp.id/uploads/default.png"
"1788654371-2133","https://kil.gserp.id/goods-manage","","BBK00515","Zaza Jap V/F (Dreamlab)","0.00","2133","-","Bahan Baku","ml","https://kil.gserp.id/uploads/default.png"
"1788654371-2134","https://kil.gserp.id/goods-manage","","BBK00516","Clasilux (Dreamlab)","300.00","2134","Fragrance","Bahan Baku","gr","https://kil.gserp.id/uploads/default.png"
"1788654371-2135","https://kil.gserp.id/goods-manage","","KPR00318","Spray Putih Neck 24 Gold Full Cap Muda","0.00","2135","-","Kemasan Primer","pcs","https://kil.gserp.id/uploads/default.png"
"1788654371-2136","https://kil.gserp.id/goods-manage","","KPR00319","Half Pump Putih Neck 24 Gold Sedang Full Cap","0.00","2136","-","Kemasan Primer","pcs","https://kil.gserp.id/uploads/default.png"
"1788654371-2137","https://kil.gserp.id/goods-manage","","KPR00320","Pump Clip Gold Muda Kecil","0.00","2137","-","Kemasan Primer","pcs","https://kil.gserp.id/uploads/default.png"
"1788654371-2138","https://kil.gserp.id/goods-manage","","KPR00321","Pump Clip Gold Tua","0.00","2138","-","Kemasan Primer","pcs","https://kil.gserp.id/uploads/default.png"
"1788654371-2139","https://kil.gserp.id/goods-manage","","KPR00322","Tutup TORIBIO PREMIUM 50 ML PRINTING","0.00","2139","-","Kemasan Primer","pcs","https://kil.gserp.id/uploads/default.png"
"1788654371-2140","https://kil.gserp.id/goods-manage","","KPR00323","Spray ZAZA TUTUP SILVER","0.00","2140","-","Kemasan Primer","pcs","https://kil.gserp.id/uploads/default.png"
"1788654371-2141","https://kil.gserp.id/goods-manage","","KPR00324","BOTOL CHANNEL 50ML TUTUP KAYU","0.00","2141","-","Kemasan Primer","pcs","https://kil.gserp.id/uploads/default.png"
"1788654371-2142","https://kil.gserp.id/goods-manage","","KPR00325","SPRAY DIPTYQUE","0.00","2142","-","Kemasan Primer","pcs","https://kil.gserp.id/uploads/default.png"
"1788654371-2143","https://kil.gserp.id/goods-manage","","KPR00326","La Bonetta Naughty Sauvage","0.00","2143","-","Kemasan Primer","pcs","https://kil.gserp.id/uploads/default.png"
"1788654371-2144","https://kil.gserp.id/goods-manage","","KPR00327","La Bonetta Middle Earth","0.00","2144","-","Kemasan Primer","pcs","https://kil.gserp.id/uploads/default.png"
"1788654371-2145","https://kil.gserp.id/goods-manage","","KPR00328","Arkala Tutup Kayu 50ml","0.00","2145","-","Kemasan Primer","pcs","https://kil.gserp.id/uploads/default.png"
"1788654371-2146","https://kil.gserp.id/goods-manage","","KPR00329","Sunlukse 50ml","0.00","2146","-","Kemasan Primer","pcs","https://kil.gserp.id/uploads/default.png"
"1788654371-2147","https://kil.gserp.id/goods-manage","","KPR00330","Jennifer 100ml","0.00","2147","-","Kemasan Primer","pcs","https://kil.gserp.id/uploads/default.png"
"1788654371-2148","https://kil.gserp.id/goods-manage","","KPR00331","Tube NPP 200ml","0.00","2148","-","Kemasan Primer","pcs","https://kil.gserp.id/uploads/default.png"
"1788654371-2149","https://kil.gserp.id/goods-manage","","KSR00210","Ibram Body Wash Shampoo","0.00","2149","-","Kemasan Sekunder","pcs","https://kil.gserp.id/uploads/default.png"
"1788654371-2150","https://kil.gserp.id/goods-manage","","KSR00211","Lawo Dermabright Cream","0.00","2150","-","Kemasan Sekunder","pcs","https://kil.gserp.id/uploads/default.png"
"1788654371-2151","https://kil.gserp.id/goods-manage","","KSR00212","Ckel Brightcare Daily Cream","0.00","2151","-","Kemasan Sekunder","pcs","https://kil.gserp.id/uploads/default.png"
"1788654371-2152","https://kil.gserp.id/goods-manage","","KSR00213","Lvent Luxe Tropical","0.00","2152","-","Kemasan Sekunder","pcs","https://kil.gserp.id/uploads/default.png"
"1788654371-2153","https://kil.gserp.id/goods-manage","","KSR00214","Oem List Silver","0.00","2153","-","Kemasan Sekunder","pcs","https://kil.gserp.id/uploads/default.png"
"1788654371-2154","https://kil.gserp.id/goods-manage","","KSR00215","Almeena Polos 100ml","0.00","2154","-","Kemasan Sekunder","pcs","https://kil.gserp.id/uploads/default.png"
"1788654371-2155","https://kil.gserp.id/goods-manage","","KSR00216","Luxethinc Serum","0.00","2155","-","Kemasan Sekunder","pcs","https://kil.gserp.id/uploads/default.png"
"1788654371-2156","https://kil.gserp.id/goods-manage","","KSR00217","Almeena Baby Hair Vitamin 60ml","0.00","2156","-","Kemasan Sekunder","pcs","https://kil.gserp.id/uploads/default.png"
"1788654371-2157","https://kil.gserp.id/goods-manage","","KSR00218","Ibram Baby Hair Vitamin","0.00","2157","-","Kemasan Sekunder","pcs","https://kil.gserp.id/uploads/default.png"
"1788654371-2158","https://kil.gserp.id/goods-manage","","KSR00219","Tazzi Infused Whitenning Booster","0.00","2158","-","Kemasan Sekunder","pcs","https://kil.gserp.id/uploads/default.png"
"1788654371-2159","https://kil.gserp.id/goods-manage","","KSR00220","Lvent Luxe Velvet","0.00","2159","-","Kemasan Sekunder","pcs","https://kil.gserp.id/uploads/default.png"
"1788654371-2160","https://kil.gserp.id/goods-manage","","KSR00221","Oem List Gold","0.00","2160","-","Kemasan Sekunder","pcs","https://kil.gserp.id/uploads/default.png"
"1788654371-2161","https://kil.gserp.id/goods-manage","","KSR00222","Ibram Baby Body Lotion","0.00","2161","-","Kemasan Sekunder","pcs","https://kil.gserp.id/uploads/default.png"
"1788654371-2162","https://kil.gserp.id/goods-manage","","KSR00223","Ckel Hydraglow Gentle","0.00","2162","-","Kemasan Sekunder","pcs","https://kil.gserp.id/uploads/default.png"
"1788654371-2163","https://kil.gserp.id/goods-manage","","KSR00224","Ckel Calm and Bright Essence Toner","0.00","2163","-","Kemasan Sekunder","pcs","https://kil.gserp.id/uploads/default.png"
"1788654371-2164","https://kil.gserp.id/goods-manage","","KSR00225","Hi Titi Queen Mask","0.00","2164","-","Kemasan Sekunder","pcs","https://kil.gserp.id/uploads/default.png"
"1788654371-2165","https://kil.gserp.id/goods-manage","","KSR00226","Labbol Serum 3%","0.00","2165","-","Kemasan Sekunder","pcs","https://kil.gserp.id/uploads/default.png"
"1788654371-2166","https://kil.gserp.id/goods-manage","","KSR00227","Ckel Hyaluna Barrier Moisturizer Gel","0.00","2166","-","Kemasan Sekunder","pcs","https://kil.gserp.id/uploads/default.png"
"1788654371-2167","https://kil.gserp.id/goods-manage","","KSR00228","Sdctve Parfume","0.00","2167","-","Kemasan Sekunder","pcs","https://kil.gserp.id/uploads/default.png"
"1788654371-2168","https://kil.gserp.id/goods-manage","","KSR00229","Labbol Hair Tonic","0.00","2168","-","Kemasan Sekunder","pcs","https://kil.gserp.id/uploads/default.png"
"1788654371-2169","https://kil.gserp.id/goods-manage","","KSR00230","Ckel Centabright","0.00","2169","-","Kemasan Sekunder","pcs","https://kil.gserp.id/uploads/default.png"
"1788654371-2170","https://kil.gserp.id/goods-manage","","KSR00231","Lasoge Parfume 30ml","0.00","2170","-","Kemasan Sekunder","pcs","https://kil.gserp.id/uploads/default.png"
"1788654371-2171","https://kil.gserp.id/goods-manage","","KSR00232","Lvent Luxe Noir","0.00","2171","-","Kemasan Sekunder","pcs","https://kil.gserp.id/uploads/default.png"
"1788654371-2172","https://kil.gserp.id/goods-manage","","KSR00233","Just Beauty Serum","0.00","2172","-","Kemasan Sekunder","pcs","https://kil.gserp.id/uploads/default.png"
"1788654371-2173","https://kil.gserp.id/goods-manage","","KSR00234","Just Beauty Essence","0.00","2173","-","Kemasan Sekunder","pcs","https://kil.gserp.id/uploads/default.png"
"1788654371-2174","https://kil.gserp.id/goods-manage","","KSR00235","Just Beauty Gel Low PH Cleanser","0.00","2174","-","Kemasan Sekunder","pcs","https://kil.gserp.id/uploads/default.png"
"1788654371-2175","https://kil.gserp.id/goods-manage","","KSR00236","Just Beauty Night Cream","0.00","2175","-","Kemasan Sekunder","pcs","https://kil.gserp.id/uploads/default.png"
"1788654371-2176","https://kil.gserp.id/goods-manage","","KSR00237","Sprezzata Eyelash & Eyebrow Serum","0.00","2176","-","Kemasan Sekunder","pcs","https://kil.gserp.id/uploads/default.png"
"1788654371-2177","https://kil.gserp.id/goods-manage","","KSR00238","Labbol Serum 5%","0.00","2177","-","Kemasan Sekunder","pcs","https://kil.gserp.id/uploads/default.png"
"1788654371-2178","https://kil.gserp.id/goods-manage","","KSR00239","Sigviolet Evander","0.00","2178","-","Kemasan Sekunder","pcs","https://kil.gserp.id/uploads/default.png"
"1788654371-2179","https://kil.gserp.id/goods-manage","","KSR00240","Kqq Brightening Serum","0.00","2179","-","Kemasan Sekunder","pcs","https://kil.gserp.id/uploads/default.png"
"1788654371-2180","https://kil.gserp.id/goods-manage","","KSR00241","2Ins Beauty Sunscreen Tinted","0.00","2180","-","Kemasan Sekunder","pcs","https://kil.gserp.id/uploads/default.png"
"1788654371-2181","https://kil.gserp.id/goods-manage","","KSR00242","Afqa Parfume","0.00","2181","-","Kemasan Sekunder","pcs","https://kil.gserp.id/uploads/default.png"
"1788654371-2182","https://kil.gserp.id/goods-manage","","KSR00243","Erganza Parfume","0.00","2182","-","Kemasan Sekunder","pcs","https://kil.gserp.id/uploads/default.png"
"1788654371-2183","https://kil.gserp.id/goods-manage","","KSR00244","Naqi Glow Cream","0.00","2183","-","Kemasan Sekunder","pcs","https://kil.gserp.id/uploads/default.png"
"1788654371-2184","https://kil.gserp.id/goods-manage","","KSR00245","Daivie Luxurious Scent 30ml","0.00","2184","-","Kemasan Sekunder","pcs","https://kil.gserp.id/uploads/default.png"
"1788654371-2185","https://kil.gserp.id/goods-manage","","KSR00246","Daivie Luxurious Scent 50ml","0.00","2185","-","Kemasan Sekunder","pcs","https://kil.gserp.id/uploads/default.png"
"1788654371-2186","https://kil.gserp.id/goods-manage","","KSR00247","Sixolic Parfume 30ml","0.00","2186","-","Kemasan Sekunder","pcs","https://kil.gserp.id/uploads/default.png"
"1788654371-2187","https://kil.gserp.id/goods-manage","","KSR00248","Guzel Noore Serum 20ml","0.00","2187","-","Kemasan Sekunder","pcs","https://kil.gserp.id/uploads/default.png"
"1788654371-2188","https://kil.gserp.id/goods-manage","","KSR00249","Shaby Parfume","0.00","2188","-","Kemasan Sekunder","pcs","https://kil.gserp.id/uploads/default.png"
"1788654371-2189","https://kil.gserp.id/goods-manage","","KSR00250","Meerand Parfume","0.00","2189","-","Kemasan Sekunder","pcs","https://kil.gserp.id/uploads/default.png"
"1788654371-2190","https://kil.gserp.id/goods-manage","","KSR00251","Baikins Bar Soap","0.00","2190","-","Kemasan Sekunder","pcs","https://kil.gserp.id/uploads/default.png"
"1788654371-2191","https://kil.gserp.id/goods-manage","","KSR00252","Eubelle Eyelash & Eyebrow","0.00","2191","-","Kemasan Sekunder","pcs","https://kil.gserp.id/uploads/default.png"
"1788654371-2192","https://kil.gserp.id/goods-manage","","KSR00253","Uwajie Lip Cream","0.00","2192","-","Kemasan Sekunder","pcs","https://kil.gserp.id/uploads/default.png"
"1788654371-2193","https://kil.gserp.id/goods-manage","","KSR00254","Filira Parfume","0.00","2193","-","Kemasan Sekunder","pcs","https://kil.gserp.id/uploads/default.png"
"1788654371-2194","https://kil.gserp.id/goods-manage","","KSR00255","Urizq Eyelash","0.00","2194","-","Kemasan Sekunder","pcs","https://kil.gserp.id/uploads/default.png"
"1788654371-2195","https://kil.gserp.id/goods-manage","","KSR00256","Sigviolet Hair Growth Serum","0.00","2195","-","Kemasan Sekunder","pcs","https://kil.gserp.id/uploads/default.png"
"1788654371-2196","https://kil.gserp.id/goods-manage","","KSR00257","Olivine Parfume","0.00","2196","-","Kemasan Sekunder","pcs","https://kil.gserp.id/uploads/default.png"
"1788654371-2197","https://kil.gserp.id/goods-manage","","KSR00258","Jvea Luxe Unwritten Parfum","0.00","2197","-","Kemasan Sekunder","pcs","https://kil.gserp.id/uploads/default.png"
"1788654371-2198","https://kil.gserp.id/goods-manage","","KSR00259","Just Beauty Day Cream","0.00","2198","-","Kemasan Sekunder","pcs","https://kil.gserp.id/uploads/default.png"
"1788654371-2199","https://kil.gserp.id/goods-manage","","KSR00260","Eyeslash Putih","0.00","2199","-","Kemasan Sekunder","pcs","https://kil.gserp.id/uploads/default.png"
"1788654371-2200","https://kil.gserp.id/goods-manage","","KSR00261","R2L Parfum","0.00","2200","-","Kemasan Sekunder","pcs","https://kil.gserp.id/uploads/default.png"
"1788654371-2201","https://kil.gserp.id/goods-manage","","KSR00262","Glamely Parfum","0.00","2201","-","Kemasan Sekunder","pcs","https://kil.gserp.id/uploads/default.png"
"1788654371-2202","https://kil.gserp.id/goods-manage","","KSR00263","Glowind Serum","0.00","2202","-","Kemasan Sekunder","pcs","https://kil.gserp.id/uploads/default.png"
"1788654371-2203","https://kil.gserp.id/goods-manage","","KSR00264","Sigviolet Helios Hair Tonic","0.00","2203","-","Kemasan Sekunder","pcs","https://kil.gserp.id/uploads/default.png"
"1788654371-2204","https://kil.gserp.id/goods-manage","","KSR00265","Filira Parfume (New)","0.00","2204","-","Kemasan Sekunder","pcs","https://kil.gserp.id/uploads/default.png"
"1788654371-2205","https://kil.gserp.id/goods-manage","","KSR00266","Sigviolet Foam Cleanser Kecil","0.00","2205","-","Kemasan Sekunder","pcs","https://kil.gserp.id/uploads/default.png"
"1788654371-2206","https://kil.gserp.id/goods-manage","","KSR00267","Sigviolet Foam Cleanser Besar","0.00","2206","-","Kemasan Sekunder","pcs","https://kil.gserp.id/uploads/default.png"
"1788654371-2207","https://kil.gserp.id/goods-manage","","KSR00268","Moriskincare","0.00","2207","-","Kemasan Sekunder","pcs","https://kil.gserp.id/uploads/default.png"
"1788654371-2208","https://kil.gserp.id/goods-manage","","KSR00269","ChicaSkin","0.00","2208","-","Kemasan Sekunder","pcs","https://kil.gserp.id/uploads/default.png"
"1788654371-2209","https://kil.gserp.id/goods-manage","","KSR00270","Elsme Brightening Cream","0.00","2209","-","Kemasan Sekunder","pcs","https://kil.gserp.id/uploads/default.png"
"1788654371-2210","https://kil.gserp.id/goods-manage","","KSR00271","Dj Glow Lotion","0.00","2210","-","Kemasan Sekunder","pcs","https://kil.gserp.id/uploads/default.png"
"1788654371-2211","https://kil.gserp.id/goods-manage","","KSR00272","Skincarela Cream","0.00","2211","-","Kemasan Sekunder","pcs","https://kil.gserp.id/uploads/default.png"
"1788654371-2212","https://kil.gserp.id/goods-manage","","KSR00273","Lashae Parfum","0.00","2212","-","Kemasan Sekunder","pcs","https://kil.gserp.id/uploads/default.png"
"1788654371-2213","https://kil.gserp.id/goods-manage","","KSR00274","ZBR Parfum","0.00","2213","-","Kemasan Sekunder","pcs","https://kil.gserp.id/uploads/default.png"
"1788654371-2214","https://kil.gserp.id/goods-manage","","KSR00275","Glowin Body Toner","0.00","2214","-","Kemasan Sekunder","pcs","https://kil.gserp.id/uploads/default.png"
"1788654371-2215","https://kil.gserp.id/goods-manage","","KSR00276","Sinar Whitening Serum","0.00","2215","-","Kemasan Sekunder","pcs","https://kil.gserp.id/uploads/default.png"
"1788654371-2216","https://kil.gserp.id/goods-manage","","KSR00277","Skintiya Cream","0.00","2216","-","Kemasan Sekunder","pcs","https://kil.gserp.id/uploads/default.png"
"1788654371-2217","https://kil.gserp.id/goods-manage","","KSR00278","Chloe","0.00","2217","-","Kemasan Sekunder","pcs","https://kil.gserp.id/uploads/default.png"
"1788654371-2218","https://kil.gserp.id/goods-manage","","KSR00279","Hada Parfum","0.00","2218","-","Kemasan Sekunder","pcs","https://kil.gserp.id/uploads/default.png"
"1788654371-2219","https://kil.gserp.id/goods-manage","","KSR00280","In The Name Of Bali Hand Cream","0.00","2219","-","Kemasan Sekunder","pcs","https://kil.gserp.id/uploads/default.png"
"1788654371-2220","https://kil.gserp.id/goods-manage","","KSR00281","Icare b Whitening Serum","0.00","2220","-","Kemasan Sekunder","pcs","https://kil.gserp.id/uploads/default.png"
"1788654371-2221","https://kil.gserp.id/goods-manage","","KSR00282","Icare b Acne & Bright Serum","0.00","2221","-","Kemasan Sekunder","pcs","https://kil.gserp.id/uploads/default.png"
"1788654371-2222","https://kil.gserp.id/goods-manage","","KSR00283","Elseme Eyelash","0.00","2222","-","Kemasan Sekunder","pcs","https://kil.gserp.id/uploads/default.png"
"1788654371-2223","https://kil.gserp.id/goods-manage","","KSR00284","Gimaro eyelash","0.00","2223","-","Kemasan Sekunder","pcs","https://kil.gserp.id/uploads/default.png"
"1788654371-2224","https://kil.gserp.id/goods-manage","","KSR00285","Sunluxe Parfum","0.00","2224","-","Kemasan Sekunder","pcs","https://kil.gserp.id/uploads/default.png"
"1788654371-2225","https://kil.gserp.id/goods-manage","","KSR00286","Jesui De Parfum","0.00","2225","-","Kemasan Sekunder","pcs","https://kil.gserp.id/uploads/default.png"
"1788654371-2226","https://kil.gserp.id/goods-manage","","KSR00287","Umar Chigemoy","0.00","2226","-","Kemasan Sekunder","pcs","https://kil.gserp.id/uploads/default.png"
"1788654371-2227","https://kil.gserp.id/goods-manage","","KSR00288","Umar Chimiit","0.00","2227","-","Kemasan Sekunder","pcs","https://kil.gserp.id/uploads/default.png"
"1788654371-2228","https://kil.gserp.id/goods-manage","","KSR00289","Rinea Hydra Lock Moisture Cream","0.00","2228","-","Kemasan Sekunder","pcs","https://kil.gserp.id/uploads/default.png"
"1788654371-2229","https://kil.gserp.id/goods-manage","","KSR00290","Rinea Dermasum Barrier","0.00","2229","-","Kemasan Sekunder","pcs","https://kil.gserp.id/uploads/default.png"
"1788654371-2230","https://kil.gserp.id/goods-manage","","KSR00291","Ghimarow Luxurius Whitening Booster","0.00","2230","-","Kemasan Sekunder","pcs","https://kil.gserp.id/uploads/default.png"
"1788654371-2231","https://kil.gserp.id/goods-manage","","KSR00292","Sprezzata Bright & Glow Box","0.00","2231","-","Kemasan Sekunder","pcs","https://kil.gserp.id/uploads/default.png"
"1788654371-2232","https://kil.gserp.id/goods-manage","","KSR00293","Skinjase Cleansing Foam","0.00","2232","-","Kemasan Sekunder","pcs","https://kil.gserp.id/uploads/default.png"
"1788654371-2233","https://kil.gserp.id/goods-manage","","KSR00294","Sprezzata Calm Essense","0.00","2233","-","Kemasan Sekunder","pcs","https://kil.gserp.id/uploads/default.png"
"1788654371-2234","https://kil.gserp.id/goods-manage","","KSR00295","Sprezzata Luminous White Night Lotion","0.00","2234","-","Kemasan Sekunder","pcs","https://kil.gserp.id/uploads/default.png"
"1788654371-2235","https://kil.gserp.id/goods-manage","","KSR00296","Vinoire","0.00","2235","-","Kemasan Sekunder","pcs","https://kil.gserp.id/uploads/default.png"
"1788654371-2236","https://kil.gserp.id/goods-manage","","KSR00297","TheMs Terre","0.00","2236","-","Kemasan Sekunder","pcs","https://kil.gserp.id/uploads/default.png"
"1788654371-2237","https://kil.gserp.id/goods-manage","","KSR00298","TheMs Rain","0.00","2237","-","Kemasan Sekunder","pcs","https://kil.gserp.id/uploads/default.png"
"1788654371-2238","https://kil.gserp.id/goods-manage","","KSR00299","C&D Fragance","0.00","2238","-","Kemasan Sekunder","pcs","https://kil.gserp.id/uploads/default.png"
"1788654371-2239","https://kil.gserp.id/goods-manage","","KSR00300","2 Ins Brightenning Cream","0.00","2239","-","Kemasan Sekunder","pcs","https://kil.gserp.id/uploads/default.png"
"1788654371-2240","https://kil.gserp.id/goods-manage","","KSR00301","Box Lawo Day Cream","1,900.00","2240","-","Kemasan Sekunder","pcs","https://kil.gserp.id/uploads/default.png"
"1788654371-2241","https://kil.gserp.id/goods-manage","","KSR00302","Box Lawo Night Cream","1,900.00","2241","-","Kemasan Sekunder","pcs","https://kil.gserp.id/uploads/default.png"
"1788654371-2242","https://kil.gserp.id/goods-manage","","KSR00303","Box Ghimarow Plumpy Glow Lip Cream","0.00","2242","-","Kemasan Sekunder","pcs","https://kil.gserp.id/uploads/default.png"
"1788654371-2243","https://kil.gserp.id/goods-manage","","KSR00304","Box Shiny Ghanium","0.00","2243","-","Kemasan Sekunder","pcs","https://kil.gserp.id/uploads/default.png"
"1788654371-2244","https://kil.gserp.id/goods-manage","","KSR00305","Sticker Lumira Daily Gentle Cleansing 100ml","0.00","2244","-","Kemasan Sekunder","pcs","https://kil.gserp.id/uploads/default.png"
"1788654371-2245","https://kil.gserp.id/goods-manage","","KSR00306","Sticker No Batch Lawo Derma Bright Cream","0.00","2245","-","Kemasan Sekunder","pcs","https://kil.gserp.id/uploads/default.png"
"1788654371-2246","https://kil.gserp.id/goods-manage","","KSR00307","Sticker Depan Sprezzata Night Lotion 100ml","0.00","2246","-","Kemasan Sekunder","pcs","https://kil.gserp.id/uploads/default.png"
"1788654371-2247","https://kil.gserp.id/goods-manage","","KSR00308","Sticker Belakang Sprezzata Night Lotion 100ml","0.00","2247","-","Kemasan Sekunder","pcs","https://kil.gserp.id/uploads/default.png"
"1788654371-2248","https://kil.gserp.id/goods-manage","","KSR00309","Sticker Depan Sprezzata Body Serum 60ml","0.00","2248","-","Kemasan Sekunder","pcs","https://kil.gserp.id/uploads/default.png"
"1788654371-2249","https://kil.gserp.id/goods-manage","","KSR00310","Sticker Labbol Serum 5% 30ml","0.00","2249","-","Kemasan Sekunder","pcs","https://kil.gserp.id/uploads/default.png"
"1788654371-2250","https://kil.gserp.id/goods-manage","","KSR00311","Sticker Depan Milmicha","0.00","2250","-","Kemasan Sekunder","pcs","https://kil.gserp.id/uploads/default.png"
"1788654371-2251","https://kil.gserp.id/goods-manage","","KSR00312","Sticker Belakang Milmicha","0.00","2251","-","Kemasan Sekunder","pcs","https://kil.gserp.id/uploads/default.png"
"1788654371-2252","https://kil.gserp.id/goods-manage","","KSR00313","Sticker Sprezzata Body Serum 30ml","0.00","2252","-","Kemasan Sekunder","pcs","https://kil.gserp.id/uploads/default.png"
"1788654371-2253","https://kil.gserp.id/goods-manage","","KSR00314","Sticker Bright & Glow","0.00","2253","-","Kemasan Sekunder","pcs","https://kil.gserp.id/uploads/default.png"
"1788654371-2254","https://kil.gserp.id/goods-manage","","KSR00315","Sticker Layyine Bright & Glow Depan Belakang Face Cleanser","0.00","2254","-","Kemasan Sekunder","pcs","https://kil.gserp.id/uploads/default.png"
"1788654371-2255","https://kil.gserp.id/goods-manage","","KSR00316","Sticker Ghimarow Luxurious Whitening Booster Depan","0.00","2255","-","Kemasan Sekunder","pcs","https://kil.gserp.id/uploads/default.png"
"1788654371-2256","https://kil.gserp.id/goods-manage","","KSR00317","Sticker Ghimarow Luxurious Whitening Booster Atas","0.00","2256","-","Kemasan Sekunder","pcs","https://kil.gserp.id/uploads/default.png"
"1788654371-2257","https://kil.gserp.id/goods-manage","","KSR00318","Sticker Ghimarow Luxurious Whitening Booster Belakang","0.00","2257","-","Kemasan Sekunder","pcs","https://kil.gserp.id/uploads/default.png"
"1788654371-2258","https://kil.gserp.id/goods-manage","","KSR00319","Sticker Depan Belakang Yasly Brightening Body Lotion","0.00","2258","-","Kemasan Sekunder","pcs","https://kil.gserp.id/uploads/default.png"
"1788654371-2259","https://kil.gserp.id/goods-manage","","KSR00320","Sticker Layinne Jar Atas","0.00","2259","-","Kemasan Sekunder","pcs","https://kil.gserp.id/uploads/default.png"
"1788654371-2260","https://kil.gserp.id/goods-manage","","KSR00321","Sticker Depan Belakang Layinne Day Cream","0.00","2260","-","Kemasan Sekunder","pcs","https://kil.gserp.id/uploads/default.png"
"1788654371-2261","https://kil.gserp.id/goods-manage","","KSR00322","Sticker Depan Belakang Layinne Essense toner","0.00","2261","-","Kemasan Sekunder","pcs","https://kil.gserp.id/uploads/default.png"
"1788654371-2262","https://kil.gserp.id/goods-manage","","KSR00323","Sticker Depan Belakang Layinne Night Cream","0.00","2262","-","Kemasan Sekunder","pcs","https://kil.gserp.id/uploads/default.png"
"1788654371-2263","https://kil.gserp.id/goods-manage","","KSR00324","Sticker Kemasan Lawo Derma Bright","0.00","2263","-","Kemasan Sekunder","pcs","https://kil.gserp.id/uploads/default.png"
"1788654371-2264","https://kil.gserp.id/goods-manage","","KSR00325","Sticker Dearfa Body Lotion","0.00","2264","-","Kemasan Sekunder","pcs","https://kil.gserp.id/uploads/default.png"
"1788654371-2265","https://kil.gserp.id/goods-manage","","KSR00326","Sticker Rinea Dermasum Barrier","0.00","2265","-","Kemasan Sekunder","pcs","https://kil.gserp.id/uploads/default.png"
"1788654371-2266","https://kil.gserp.id/goods-manage","","KSR00327","Sticker Rinea Moisture Cream","0.00","2266","-","Kemasan Sekunder","pcs","https://kil.gserp.id/uploads/default.png"
"1788654371-2267","https://kil.gserp.id/goods-manage","","KSR00328","Sticker TheMs Terre Parfum","0.00","2267","-","Kemasan Sekunder","pcs","https://kil.gserp.id/uploads/default.png"
"1788654371-2268","https://kil.gserp.id/goods-manage","","KSR00329","Sticker TheMs Rain Parfum","0.00","2268","-","Kemasan Sekunder","pcs","https://kil.gserp.id/uploads/default.png"
"1788654371-2269","https://kil.gserp.id/goods-manage","","KSR00330","Sticker Skinjase Cleansing Foam","0.00","2269","-","Kemasan Sekunder","pcs","https://kil.gserp.id/uploads/default.png"
"1788654371-2270","https://kil.gserp.id/goods-manage","","KSR00331","Sticker Sprezzata Body Mist","0.00","2270","-","Kemasan Sekunder","pcs","https://kil.gserp.id/uploads/default.png"
"1788654371-2271","https://kil.gserp.id/goods-manage","","KSR00332","Sticker Batch Sprezzata","0.00","2271","-","Kemasan Sekunder","pcs","https://kil.gserp.id/uploads/default.png"
"1788654371-2272","https://kil.gserp.id/goods-manage","","KSR00333","Sticker Batch Serum Sprezzata","0.00","2272","-","Kemasan Sekunder","pcs","https://kil.gserp.id/uploads/default.png"
"1788654371-2273","https://kil.gserp.id/goods-manage","","KSR00334","Sticker Batch Night Lotion Sprezzata","0.00","2273","-","Kemasan Sekunder","pcs","https://kil.gserp.id/uploads/default.png"
"1788654371-2274","https://kil.gserp.id/goods-manage","","KSR00335","Sticker Batch Lawo","0.00","2274","-","Kemasan Sekunder","pcs","https://kil.gserp.id/uploads/default.png"
"1788654371-2275","https://kil.gserp.id/goods-manage","","KSR00336","Sticker Depan La Bonneta Middle Earth","0.00","2275","-","Kemasan Sekunder","pcs","https://kil.gserp.id/uploads/default.png"
"1788654371-2276","https://kil.gserp.id/goods-manage","","KSR00337","Sticker C&D Frangance East Java","0.00","2276","-","Kemasan Sekunder","pcs","https://kil.gserp.id/uploads/default.png"
"1788654371-2277","https://kil.gserp.id/goods-manage","","KSR00338","Sticker Depan Belakang Vinoire Golden Desine","0.00","2277","-","Kemasan Sekunder","pcs","https://kil.gserp.id/uploads/default.png"
"1788654371-2278","https://kil.gserp.id/goods-manage","","KSR00339","Sticker Depan Belakang Vinoire Noctera","0.00","2278","-","Kemasan Sekunder","pcs","https://kil.gserp.id/uploads/default.png"
"1788654371-2279","https://kil.gserp.id/goods-manage","","KSR00340","Sticker Depan Blakang Vinoire Golden Whisper","0.00","2279","-","Kemasan Sekunder","pcs","https://kil.gserp.id/uploads/default.png"
"1788654371-2280","https://kil.gserp.id/goods-manage","","KSR00341","Sticker Catale Hairmush","0.00","2280","-","Kemasan Sekunder","pcs","https://kil.gserp.id/uploads/default.png"
"1788654371-2281","https://kil.gserp.id/goods-manage","","KSR00342","Sticker Depan Belakang Amberin Viniore","0.00","2281","-","Kemasan Sekunder","pcs","https://kil.gserp.id/uploads/default.png"
"1788654371-2282","https://kil.gserp.id/goods-manage","","KSR00343","Sticker Depan Belakang Vinoire Whispered Bloom","0.00","2282","-","Kemasan Sekunder","pcs","https://kil.gserp.id/uploads/default.png"
"1788654371-2283","https://kil.gserp.id/goods-manage","","KSR00344","Sticker Depan Belakang Aishavcare Parfum","0.00","2283","-","Kemasan Sekunder","pcs","https://kil.gserp.id/uploads/default.png"
"1788654371-2284","https://kil.gserp.id/goods-manage","","KSR00345","Sticker Belakang Catale","409.00","2284","","Kemasan Sekunder","pcs","https://kil.gserp.id/uploads/common/202606/1781499036_c24047a7a2e9600a49c5.png"
"1788654371-2285","https://kil.gserp.id/goods-manage","","KSR00346","Sticker No Batch Skinjase","0.00","2285","-","Kemasan Sekunder","pcs","https://kil.gserp.id/uploads/default.png"
"1788654371-2286","https://kil.gserp.id/goods-manage","","KSR00347","Sticker Hologram Skinjase","0.00","2286","-","Kemasan Sekunder","pcs","https://kil.gserp.id/uploads/default.png"
"1788654371-2287","https://kil.gserp.id/goods-manage","","KSR00348","Sticker Depan Sprezzata Bright & Glow Sample","0.00","2287","-","Kemasan Sekunder","pcs","https://kil.gserp.id/uploads/default.png"
"1788654371-2288","https://kil.gserp.id/goods-manage","","KSR00349","Sticker Blush Essense Bodymist Sample","0.00","2288","-","Kemasan Sekunder","pcs","https://kil.gserp.id/uploads/default.png"
"1788654371-2289","https://kil.gserp.id/goods-manage","","KSR00350","Sticker Batch Aishavcare","0.00","2289","-","Kemasan Sekunder","pcs","https://kil.gserp.id/uploads/default.png"
"1788654371-2290","https://kil.gserp.id/goods-manage","","KSR00351","Sticker Batch 2ins Brightening Cream","0.00","2290","-","Kemasan Sekunder","pcs","https://kil.gserp.id/uploads/default.png"
"1788654371-2291","https://kil.gserp.id/goods-manage","","KSR00352","Sticker 2ins Depan Belakang Brightening Cream","0.00","2291","-","Kemasan Sekunder","pcs","https://kil.gserp.id/uploads/default.png"
"1788654371-2292","https://kil.gserp.id/goods-manage","","KSR00353","Sticker Depan Milmicha Bright & Glow Red Jelly","0.00","2292","-","Kemasan Sekunder","pcs","https://kil.gserp.id/uploads/default.png"
"1788654371-2293","https://kil.gserp.id/goods-manage","","KSR00354","Sticker Milmicha Atas Bright & Glow Red Jely","0.00","2293","-","Kemasan Sekunder","pcs","https://kil.gserp.id/uploads/default.png"
"1788654371-2294","https://kil.gserp.id/goods-manage","","KSR00355","Sticker Belakang Milmicha Red Jely","0.00","2294","-","Kemasan Sekunder","pcs","https://kil.gserp.id/uploads/default.png"
"1788654371-2295","https://kil.gserp.id/goods-manage","","KSR00356","Sticker Halal 2Ins","0.00","2295","-","Kemasan Sekunder","pcs","https://kil.gserp.id/uploads/default.png"
"1788654371-2296","https://kil.gserp.id/goods-manage","","KSR00357","Sticker Batch Box Lawo Night Cream","0.00","2296","-","Kemasan Sekunder","pcs","https://kil.gserp.id/uploads/default.png"
"1788654371-2297","https://kil.gserp.id/goods-manage","","KSR00358","Sticker Batch Box Lawo Day Cream","0.00","2297","-","Kemasan Sekunder","pcs","https://kil.gserp.id/uploads/default.png"
"1788654371-2298","https://kil.gserp.id/goods-manage","","KSR00359","Sticker Belakang Lawo Night Cream & Komposisi","0.00","2298","-","Kemasan Sekunder","pcs","https://kil.gserp.id/uploads/default.png"
"1788654371-2299","https://kil.gserp.id/goods-manage","","KSR00360","Sticker Belakang Lawo Day Cream & Komposisi","0.00","2299","-","Kemasan Sekunder","pcs","https://kil.gserp.id/uploads/default.png"
"1788654371-2300","https://kil.gserp.id/goods-manage","","KSR00361","Sticker Lawo Atas","0.00","2300","-","Kemasan Sekunder","pcs","https://kil.gserp.id/uploads/default.png"
"1788654371-2301","https://kil.gserp.id/goods-manage","","KSR00362","Sticker Lawo Depan Night Cream","0.00","2301","-","Kemasan Sekunder","pcs","https://kil.gserp.id/uploads/default.png"
"1788654371-2302","https://kil.gserp.id/goods-manage","","KSR00363","Sticker Exp Date C&D Fragance","0.00","2302","-","Kemasan Sekunder","pcs","https://kil.gserp.id/uploads/default.png"
"1788654371-2303","https://kil.gserp.id/goods-manage","","KSR00364","Sticker N&Q Fresh Bloom Facial Wash","0.00","2303","-","Kemasan Sekunder","pcs","https://kil.gserp.id/uploads/default.png"
"1788654371-2304","https://kil.gserp.id/goods-manage","","KSR00365","Sticker Shiny Haniun","0.00","2304","-","Kemasan Sekunder","pcs","https://kil.gserp.id/uploads/default.png"
"1788654371-2305","https://kil.gserp.id/goods-manage","","KSR00366","Sticker Atas Alradoms","0.00","2305","-","Kemasan Sekunder","pcs","https://kil.gserp.id/uploads/default.png"
"1788654371-2306","https://kil.gserp.id/goods-manage","","KSR00367","Sticker Depan Belakang Alradoms","0.00","2306","-","Kemasan Sekunder","pcs","https://kil.gserp.id/uploads/default.png"
"1788654371-2307","https://kil.gserp.id/goods-manage","","KSR00368","Sticker Labbol Redence Revive Serum 3%","0.00","2307","-","Kemasan Sekunder","pcs","https://kil.gserp.id/uploads/default.png"
"1788654371-2308","https://kil.gserp.id/goods-manage","","KSR00369","Sticker Belakang NAD Face Serum","0.00","2308","-","Kemasan Sekunder","pcs","https://kil.gserp.id/uploads/default.png"
"1788654371-2309","https://kil.gserp.id/goods-manage","","KSR00370","Sticker NAD Botol Face Serum Depan","0.00","2309","-","Kemasan Sekunder","pcs","https://kil.gserp.id/uploads/default.png"
"1788654371-2310","https://kil.gserp.id/goods-manage","","KSR00371","Sticker NAD Box Depan Face Serum","0.00","2310","-","Kemasan Sekunder","pcs","https://kil.gserp.id/uploads/default.png"
"1788654371-2311","https://kil.gserp.id/goods-manage","","KSR00372","Sticker Belakang Face Serum Nad Transparant","0.00","2311","-","Kemasan Sekunder","pcs","https://kil.gserp.id/uploads/default.png"
"1788654371-2312","https://kil.gserp.id/goods-manage","","KSR00373","Sticker Atas NAD Glowing Series","0.00","2312","-","Kemasan Sekunder","pcs","https://kil.gserp.id/uploads/default.png"
"1788654371-2313","https://kil.gserp.id/goods-manage","","KSR00374","Sticker NAD Glowing Series Face Wash","0.00","2313","-","Kemasan Sekunder","pcs","https://kil.gserp.id/uploads/default.png"
"1788654371-2314","https://kil.gserp.id/goods-manage","","KSR00375","Sticker Depan Belakang NAD Night Cream","0.00","2314","-","Kemasan Sekunder","pcs","https://kil.gserp.id/uploads/default.png"
"1788654371-2315","https://kil.gserp.id/goods-manage","","KSR00376","Sticker Depan Belakang NAD Day Cream","0.00","2315","-","Kemasan Sekunder","pcs","https://kil.gserp.id/uploads/default.png"
"1788654371-2316","https://kil.gserp.id/goods-manage","","KSR00377","Sticker Depan Belakang SH Glow","0.00","2316","-","Kemasan Sekunder","pcs","https://kil.gserp.id/uploads/default.png"
"1788654371-2317","https://kil.gserp.id/goods-manage","","KSR00378","Sticker Depan Belakang Janan","0.00","2317","-","Kemasan Sekunder","pcs","https://kil.gserp.id/uploads/default.png"
"1788654371-2318","https://kil.gserp.id/goods-manage","","KSR00379","Shrink Ukuran 14cm","0.00","2318","-","Kemasan Sekunder","pcs","https://kil.gserp.id/uploads/default.png"
"1788654371-2319","https://kil.gserp.id/goods-manage","","KSR00380","Shrink Ukuran 13,5cm","0.00","2319","-","Kemasan Sekunder","pcs","https://kil.gserp.id/uploads/default.png"
"1788654371-2320","https://kil.gserp.id/goods-manage","","KSR00381","Shrink Ukuran 15cm","60,000.00","2320","","Kemasan Sekunder","gr","https://kil.gserp.id/uploads/default.png"
"1788654371-2321","https://kil.gserp.id/goods-manage","","KSR00382","Shrink Ukuran 8,5cm","103.00","2321","-","Kemasan Sekunder","pcs","https://kil.gserp.id/uploads/default.png"
"1788654371-2322","https://kil.gserp.id/goods-manage","","KSR00383","Shrink Ukuran 7,5cm","0.00","2322","-","Kemasan Sekunder","pcs","https://kil.gserp.id/uploads/default.png"
"1788654371-2323","https://kil.gserp.id/goods-manage","","KSR00384","Shrink Ukuran 7cm","49.00","2323","-","Kemasan Sekunder","pcs","https://kil.gserp.id/uploads/default.png"
"1788654371-2324","https://kil.gserp.id/goods-manage","","KSR00385","Shrink Ukuran 16,5cm","0.00","2324","-","Kemasan Sekunder","pcs","https://kil.gserp.id/uploads/default.png"
"1788654371-2325","https://kil.gserp.id/goods-manage","","KSR00386","Shrink Ukuran 16cm","0.00","2325","-","Kemasan Sekunder","pcs","https://kil.gserp.id/uploads/default.png"
"1788654371-2326","https://kil.gserp.id/goods-manage","","KSR00387","Shrink Ukuruan 19cm","0.00","2326","-","Kemasan Sekunder","pcs","https://kil.gserp.id/uploads/default.png"
"1788654371-2327","https://kil.gserp.id/goods-manage","","KSR00388","Shrink Ukuran 30cm","0.00","2327","-","Kemasan Sekunder","pcs","https://kil.gserp.id/uploads/default.png"
"1788654371-2328","https://kil.gserp.id/goods-manage","","KSR00389","Shrink Ukuran 20,5cm","0.00","2328","-","Kemasan Sekunder","pcs","https://kil.gserp.id/uploads/default.png"
"1788654371-2329","https://kil.gserp.id/goods-manage","","KSR00390","Shrink Ukuran 20cm","0.00","2329","-","Kemasan Sekunder","pcs","https://kil.gserp.id/uploads/default.png"
"1788654371-2330","https://kil.gserp.id/goods-manage","","KSR00391","Shrink Ukuran 24cm","0.00","2330","-","Kemasan Sekunder","pcs","https://kil.gserp.id/uploads/default.png"
"1788654371-2331","https://kil.gserp.id/goods-manage","","KSR00392","Shrink Ukuran 12,5cm","0.00","2331","-","Kemasan Sekunder","pcs","https://kil.gserp.id/uploads/default.png"
"1788654371-2332","https://kil.gserp.id/goods-manage","","KSR00393","Shrink Ukuran 8cm","0.00","2332","-","Kemasan Sekunder","pcs","https://kil.gserp.id/uploads/default.png"
"1788654371-2333","https://kil.gserp.id/goods-manage","","KSR00394","Shrink Ukuran 12cm","0.00","2333","-","Kemasan Sekunder","pcs","https://kil.gserp.id/uploads/default.png"
"1788654371-2334","https://kil.gserp.id/goods-manage","","KSR00395","Shrink Ukuran 18cm","240,000.00","2334","","Kemasan Sekunder","pcs","https://kil.gserp.id/uploads/default.png"
"1788654371-2335","https://kil.gserp.id/goods-manage","","KSR00396","Shrink Ukuran 5cm","0.00","2335","-","Kemasan Sekunder","pcs","https://kil.gserp.id/uploads/default.png"
"1788654371-2336","https://kil.gserp.id/goods-manage","","KSR00397","Shrink Ukuran 27cm","0.00","2336","-","Kemasan Sekunder","pcs","https://kil.gserp.id/uploads/default.png"
"1788654371-2337","https://kil.gserp.id/goods-manage","","KSR00398","Shrink Ukuran 6cm","0.00","2337","-","Kemasan Sekunder","pcs","https://kil.gserp.id/uploads/default.png"
"1788654371-2338","https://kil.gserp.id/goods-manage","","KSR00399","Shrink Ukuran 11cm","0.00","2338","-","Kemasan Sekunder","pcs","https://kil.gserp.id/uploads/default.png"
"1788654371-2339","https://kil.gserp.id/goods-manage","","KSR00400","Shrink Ukuran 9cm","0.00","2339","-","Kemasan Sekunder","pcs","https://kil.gserp.id/uploads/default.png"
"1788654371-2340","https://kil.gserp.id/goods-manage","","KSR00401","Shrink Ukuran 4cm","0.00","2340","-","Kemasan Sekunder","pcs","https://kil.gserp.id/uploads/default.png"
"1788654371-2341","https://kil.gserp.id/goods-manage","","KSR00402","Shrink Ukuran 10,5cm","0.00","2341","-","Kemasan Sekunder","pcs","https://kil.gserp.id/uploads/default.png"
"1788654371-2342","https://kil.gserp.id/goods-manage","","KSR00403","Shrink Ukuran 9,5cm","0.00","2342","-","Kemasan Sekunder","pcs","https://kil.gserp.id/uploads/default.png"
"1788654371-2343","https://kil.gserp.id/goods-manage","","KSR00404","Shrink Ukuran 5,5cm","0.00","2343","-","Kemasan Sekunder","pcs","https://kil.gserp.id/uploads/default.png"
"1788654371-2344","https://kil.gserp.id/goods-manage","","KSR00405","Shrink Ukuran 3cm","0.00","2344","-","Kemasan Sekunder","pcs","https://kil.gserp.id/uploads/default.png"
"1788654371-2345","https://kil.gserp.id/goods-manage","","KSR00406","Shrink Ukuran 10cm","0.00","2345","-","Kemasan Sekunder","pcs","https://kil.gserp.id/uploads/default.png"
"1788654371-2346","https://kil.gserp.id/goods-manage","","KSR00407","Shrink Ukuran 6,5cm","60.00","2346","-","Kemasan Sekunder","pcs","https://kil.gserp.id/uploads/default.png"
"1788654371-2347","https://kil.gserp.id/goods-manage","","KSR00408","Shrink Ukuran 18,5cm","0.00","2347","-","Kemasan Sekunder","pcs","https://kil.gserp.id/uploads/default.png"
"1788654371-2348","https://kil.gserp.id/goods-manage","","KSR00409","Shrink Ukuran 17,5cm","0.00","2348","-","Kemasan Sekunder","pcs","https://kil.gserp.id/uploads/default.png"
"1788654371-2349","https://kil.gserp.id/goods-manage","","KPR00332","Kemasan Lip Serum GMR 3.5ml","0.00","2349","-","Kemasan Primer","pcs","https://kil.gserp.id/uploads/default.png"
"1788654371-2350","https://kil.gserp.id/goods-manage","","BBK00517","Memo Paris Marfa - Fragrance","0.00","2350","-","Bahan Baku","gr","https://kil.gserp.id/uploads/default.png"
"1788654371-2351","https://kil.gserp.id/goods-manage","","BBK00518","White Petroleum Jelly","0.00","2351","-","Bahan Baku","gr","https://kil.gserp.id/uploads/default.png"
"1788654371-2352","https://kil.gserp.id/goods-manage","","BBK00519","Beeswax sp 422 p White","0.00","2352","-","Bahan Baku","gr","https://kil.gserp.id/uploads/default.png"
"1788654371-2353","https://kil.gserp.id/goods-manage","","BBK00520","Lychee Flavor","0.00","2353","-","Bahan Baku","gr","https://kil.gserp.id/uploads/default.png"
"1788654371-2354","https://kil.gserp.id/goods-manage","","BBK00521","Avocado Oil","0.00","2354","-","Bahan Baku","gr","https://kil.gserp.id/uploads/default.png"
"1788654371-2355","https://kil.gserp.id/goods-manage","","BBK00522","Antaron Soja","0.00","2355","-","Bahan Baku","gr","https://kil.gserp.id/uploads/default.png"
"1788654371-2356","https://kil.gserp.id/goods-manage","","KPR00333","POt Maccaron 10gr Ungu","3,500.00","2356","-","Kemasan Primer","pcs","https://kil.gserp.id/uploads/common/202602/1770866892_7c69ffa53bfa010c3a2a.jpeg"
"1788654371-2357","https://kil.gserp.id/goods-manage","","BJD01095","DEAL - EXTRAIT 35% ""THE DUTCHES""","0.00","2357","-","Barang Jadi","pcs","https://kil.gserp.id/uploads/default.png"
"1788654371-2358","https://kil.gserp.id/goods-manage","","BJD01096","DEAL - EXTRAIT 35% ""GIRLY""","0.00","2358","-","Barang Jadi","pcs","https://kil.gserp.id/uploads/default.png"
"1788654371-2359","https://kil.gserp.id/goods-manage","","BJD01097","DEAL - EXTRAIT 35% ""HEAVEN ME/SCANDAL MEN""","0.00","2359","-","Barang Jadi","pcs","https://kil.gserp.id/uploads/default.png"
"1788654371-2360","https://kil.gserp.id/goods-manage","","BBK00523","Miyopure Brown","0.00","2360","-","Bahan Baku","gr","https://kil.gserp.id/uploads/default.png"
"1788654371-2361","https://kil.gserp.id/goods-manage","","BBK00524","White Musk 27.133 - Fragrance","682.63","2361","-","Bahan Baku","gr","https://kil.gserp.id/uploads/default.png"
"1788654371-2362","https://kil.gserp.id/goods-manage","","BBK00525","Mon Way+ - Fragrance","800.00","2362","-","Bahan Baku","gr","https://kil.gserp.id/uploads/default.png"
"1788654371-2363","https://kil.gserp.id/goods-manage","","BJD01098","INFUSED WHITENING BOOSTER AHA SERUM","0.00","2363","-","Barang Jadi","pcs","https://kil.gserp.id/uploads/default.png"
"1788654371-2364","https://kil.gserp.id/goods-manage","","BJD01099","INFUSED WHITENING BOOSTER AHA SERUM","0.00","2364","-","Barang Jadi","pcs","https://kil.gserp.id/uploads/default.png"
"1788654371-2365","https://kil.gserp.id/goods-manage","","BJD01100","Sabie Intense Whitening Body Serum with 5% Niacinamide 3% Tranexamic acid 1% Alpha Arbutin","0.00","2365","-","Barang Jadi","pcs","https://kil.gserp.id/uploads/default.png"
"1788654371-2366","https://kil.gserp.id/goods-manage","","BJD01101","DARKSPOT CREAM","0.00","2366","-","Barang Jadi","pcs","https://kil.gserp.id/uploads/default.png"
"1788654371-2367","https://kil.gserp.id/goods-manage","","KPR00334","Tube 10ml  Putih Tutup Hitam","0.00","2367","-","Kemasan Primer","pcs","https://kil.gserp.id/uploads/common/202602/1771486082_190c71c285132379ab97.jpeg"
"1788654371-2368","https://kil.gserp.id/goods-manage","","BBK00526","Maxcel EAA (vit C)","4,804.30","2368","-","Bahan Baku","gr","https://kil.gserp.id/uploads/default.png"
"1788654371-2369","https://kil.gserp.id/goods-manage","","BJD01102","Extrait De Parfum Feeling Blue By SYD","0.00","2369","-","Barang Jadi","pcs","https://kil.gserp.id/uploads/default.png"
"1788654371-2370","https://kil.gserp.id/goods-manage","","BJD01103","Extrait De Parfum Feeling Blue By SYD","0.00","2370","-","Barang Jadi","pcs","https://kil.gserp.id/uploads/default.png"
"1788654371-2371","https://kil.gserp.id/goods-manage","","BJD01104","EDP IMOZU - Scandalous","0.00","2371","-","Barang Jadi","pcs","https://kil.gserp.id/uploads/default.png"
"1788654371-2372","https://kil.gserp.id/goods-manage","","BJD01105","Eau de Perfume IMOZU – PRAMUGARI","0.00","2372","-","Barang Jadi","pcs","https://kil.gserp.id/uploads/default.png"
"1788654371-2373","https://kil.gserp.id/goods-manage","","BJD01106","EDP IMOZU - Baby Fresh","0.00","2373","-","Barang Jadi","pcs","https://kil.gserp.id/uploads/default.png"
"1788654371-2374","https://kil.gserp.id/goods-manage","","BJD01107","EAU DE PARFUM IMOZU  ORCHIDLY","0.00","2374","-","Barang Jadi","pcs","https://kil.gserp.id/uploads/default.png"
"1788654371-2375","https://kil.gserp.id/goods-manage","","KSR00410","Box SH Glow Ocean Dew Sunscreen","0.00","2375","-","Kemasan Sekunder","pcs","https://kil.gserp.id/uploads/default.png"
"1788654371-2376","https://kil.gserp.id/goods-manage","","KSR00411","Box SH Glow Aqua Silk Moisturizer","0.00","2376","-","Kemasan Sekunder","pcs","https://kil.gserp.id/uploads/default.png"
"1788654371-2377","https://kil.gserp.id/goods-manage","","KSR00412","Sticker Batch Box SH Glow Moisturizer","0.00","2377","-","Kemasan Sekunder","pcs","https://kil.gserp.id/uploads/default.png"
"1788654371-2378","https://kil.gserp.id/goods-manage","","BJD01108","Night Cream","0.00","2378","-","Barang Jadi","pcs","https://kil.gserp.id/uploads/default.png"
"1788654371-2379","https://kil.gserp.id/goods-manage","","BJD01109","Day Cream","0.00","2379","-","Barang Jadi","pcs","https://kil.gserp.id/uploads/default.png"
"1788654371-2380","https://kil.gserp.id/goods-manage","","BBK00528","Bakuchiol CS","5,500.00","2380","-","Bahan Baku","gr","https://kil.gserp.id/uploads/default.png"
"1788654371-2381","https://kil.gserp.id/goods-manage","","KSR00413","Sticker Twersa Exfoliating Body Toner","0.00","2381","-","Kemasan Sekunder","pcs","https://kil.gserp.id/uploads/common/202602/1771989198_27f7f1a5961b06b71b4d.png"
"1788654371-2382","https://kil.gserp.id/goods-manage","","KSR00414","Sticker Twersa Glutamilk Purifying Body Wash","0.00","2382","-","Kemasan Sekunder","pcs","https://kil.gserp.id/uploads/common/202602/1771989288_abfdf469efa8a5986450.png"
"1788654371-2383","https://kil.gserp.id/goods-manage","","KSR00415","Sticker Twersa Mulberry Skin Veil Body Lotion","0.00","2383","-","Kemasan Sekunder","pcs","https://kil.gserp.id/uploads/common/202602/1771989355_775d7181f64fd36fc86f.png"
"1788654371-2384","https://kil.gserp.id/goods-manage","","KSR00416","Sticker Daivie Spring Nude 3ml","0.00","2384","-","Kemasan Sekunder","pcs","https://kil.gserp.id/uploads/common/202602/1771990299_60dfe58e1e4046e6404c.png"
"1788654371-2385","https://kil.gserp.id/goods-manage","","KSR00417","Sticker Daivie Fleur 3ml","826.00","2385","-","Kemasan Sekunder","pcs","https://kil.gserp.id/uploads/common/202602/1771990322_650102a900f7f7109bcd.png"
"1788654371-2386","https://kil.gserp.id/goods-manage","","KSR00418","Sticker Daivie Obsession 3ml","0.00","2386","-","Kemasan Sekunder","pcs","https://kil.gserp.id/uploads/common/202602/1771990363_543c523a37e0975f32db.png"
"1788654371-2387","https://kil.gserp.id/goods-manage","","KSR00419","Sticker Botol Daivie Obsession 50ml","0.00","2387","-","Kemasan Sekunder","pcs","https://kil.gserp.id/uploads/common/202602/1771990463_c230fd3feeaa3494ff8a.png"
"1788654371-2388","https://kil.gserp.id/goods-manage","","KSR00420","Sticker Parfum Bonnevette Middle Earth 55ml","0.00","2388","-","Kemasan Sekunder","pcs","https://kil.gserp.id/uploads/common/202603/1774407909_18e4b9fdd79a774e3ca1.png"
"1788654371-2389","https://kil.gserp.id/goods-manage","","BBK00529","Collapeptyl","0.00","2389","-","Bahan Baku","gr","https://kil.gserp.id/uploads/default.png"
"1788654371-2390","https://kil.gserp.id/goods-manage","","BBK00530","1995","0.00","2390","-","Bahan Baku","gr","https://kil.gserp.id/uploads/default.png"
"1788654371-2391","https://kil.gserp.id/goods-manage","","BBK00531","DK-PGT Paste R27 - Changing Color","0.00","2391","-","Bahan Baku","gr","https://kil.gserp.id/uploads/default.png"
"1788654371-2392","https://kil.gserp.id/goods-manage","","BBK00532","Salacos 5408","0.00","2392","-","Bahan Baku","gr","https://kil.gserp.id/uploads/default.png"
"1788654371-2393","https://kil.gserp.id/goods-manage","","BBK00533","Cosmol 222","0.00","2393","-","Bahan Baku","gr","https://kil.gserp.id/uploads/default.png"
"1788654371-2394","https://kil.gserp.id/goods-manage","","BBK00534","Mint Flavor","0.00","2394","-","Bahan Baku","gr","https://kil.gserp.id/uploads/default.png"
"1788654371-2395","https://kil.gserp.id/goods-manage","","BJD01110","EXTRAIT DE PARFUM FRESH NOIR","0.00","2395","-","Barang Jadi","pcs","https://kil.gserp.id/uploads/default.png"
"1788654371-2396","https://kil.gserp.id/goods-manage","","BJD01111","EXTRAIT DE PARFUM AMBER","0.00","2396","-","Barang Jadi","pcs","https://kil.gserp.id/uploads/default.png"
"1788654371-2397","https://kil.gserp.id/goods-manage","","KSR00421","Box Elios ZELS Hitam","0.00","2397","-","Kemasan Sekunder","pcs","https://kil.gserp.id/uploads/common/202602/1772088430_0fc2bede0080af09ad3c.jpeg"
"1788654371-2398","https://kil.gserp.id/goods-manage","","KSR00422","Box Elios YELS Putih","0.00","2398","-","Kemasan Sekunder","pcs","https://kil.gserp.id/uploads/common/202602/1772088520_ad8d32b9d7d654bc85fa.jpeg"
"1788654371-2399","https://kil.gserp.id/goods-manage","","BJD01112","Moisturizer","0.00","2399","-","Barang Jadi","pcs","https://kil.gserp.id/uploads/default.png"
"1788654371-2400","https://kil.gserp.id/goods-manage","","BBK00535","Anna Sui Fantasia Mermaid - Fragrance","1,254.00","2400","","Bahan Baku","gr","https://kil.gserp.id/uploads/default.png"
"1788654371-2401","https://kil.gserp.id/goods-manage","","BBK00536","LV Les Sables Roses - Fragrance","2,500.00","2401","-","Bahan Baku","gr","https://kil.gserp.id/uploads/default.png"
"1788654371-2402","https://kil.gserp.id/goods-manage","","BBK00537","YSL My Your Self - Fragrance","800.00","2402","-","Bahan Baku","gr","https://kil.gserp.id/uploads/default.png"
"1788654371-2403","https://kil.gserp.id/goods-manage","","BBK00538","Burberry Goddes - Fragrance","1,100.00","2403","-","Bahan Baku","gr","https://kil.gserp.id/uploads/default.png"
"1788654371-2404","https://kil.gserp.id/goods-manage","","BJD01113","EAU DE PARFUM RAMA SHINTA","0.00","2404","-","Barang Jadi","pcs","https://kil.gserp.id/uploads/default.png"
"1788654371-2405","https://kil.gserp.id/goods-manage","","BJD01114","EAU DE PARFUM ARJUNA","0.00","2405","-","Barang Jadi","pcs","https://kil.gserp.id/uploads/default.png"
"1788654371-2406","https://kil.gserp.id/goods-manage","","KSR00423","Box Tazzi Parfum LC Series","0.00","2406","-","Kemasan Sekunder","pcs","https://kil.gserp.id/uploads/common/202602/1772245119_7163906d497102f2021b.png"
"1788654371-2407","https://kil.gserp.id/goods-manage","","KSR00424","Box Tazzi Infused Whitening Booster","1,825.00","2407","-","Kemasan Sekunder","pcs","https://kil.gserp.id/uploads/common/202602/1772245929_f5dafd4e54bd1977d117.png"
"1788654371-2408","https://kil.gserp.id/goods-manage","","KSR00425","Sticker Box Imozu Orchidly","0.00","2408","-","Kemasan Sekunder","pcs","https://kil.gserp.id/uploads/common/202602/1772248083_40746f242c59155cee75.png"
"1788654371-2409","https://kil.gserp.id/goods-manage","","KSR00426","Sticker Box Imozu Baby Fresh","0.00","2409","-","Kemasan Sekunder","pcs","https://kil.gserp.id/uploads/common/202602/1772248114_1415fcc203560f91873a.png"
"1788654371-2410","https://kil.gserp.id/goods-manage","","BJD01115","DARKSPOT CREAM","0.00","2410","-","Barang Jadi","pcs","https://kil.gserp.id/uploads/default.png"
"1788654371-2411","https://kil.gserp.id/goods-manage","","KPR00335","Botol Tazzi Face Mist Printing","0.00","2411","-","Kemasan Primer","pcs","https://kil.gserp.id/uploads/common/202603/1772514202_2e584847332c98d9691e.jpeg"
"1788654371-2412","https://kil.gserp.id/goods-manage","","BJD01116","PRIORITAS EAU DE PARFUM IMOZU PINK CHIFFON","0.00","2412","-","Barang Jadi","pcs","https://kil.gserp.id/uploads/default.png"
"1788654371-2413","https://kil.gserp.id/goods-manage","","BJD01117","EDP IMOZU - Scandalous","0.00","2413","-","Barang Jadi","pcs","https://kil.gserp.id/uploads/default.png"
"1788654371-2414","https://kil.gserp.id/goods-manage","","BJD01118","Eau de Perfume IMOZU – PRAMUGARI","0.00","2414","-","Barang Jadi","pcs","https://kil.gserp.id/uploads/default.png"
"1788654371-2415","https://kil.gserp.id/goods-manage","","BJD01119","EDP IMOZU - Baby Fresh","0.00","2415","-","Barang Jadi","pcs","https://kil.gserp.id/uploads/default.png"
"1788654371-2416","https://kil.gserp.id/goods-manage","","BBK00539","E-stillo - fragrance (Client Silvia Darma)","1,500.00","2416","-","Bahan Baku","gr","https://kil.gserp.id/uploads/default.png"
"1788654371-2417","https://kil.gserp.id/goods-manage","","BJD01120","RASA Extrait De Parfum","0.00","2417","-","Barang Jadi","pcs","https://kil.gserp.id/uploads/default.png"
"1788654371-2418","https://kil.gserp.id/goods-manage","","BJD01121","Extrait De Parfum Etheris","0.00","2418","-","Barang Jadi","pcs","https://kil.gserp.id/uploads/default.png"
"1788654371-2419","https://kil.gserp.id/goods-manage","","BJD01122","Extrait De Parfum Nyara","0.00","2419","-","Barang Jadi","pcs","https://kil.gserp.id/uploads/default.png"
"1788654371-2420","https://kil.gserp.id/goods-manage","","BJD01123","Extrait De Parfum Noctivus","0.00","2420","-","Barang Jadi","pcs","https://kil.gserp.id/uploads/default.png"
"1788654371-2421","https://kil.gserp.id/goods-manage","","BBK00540","Afternoon Swim - Fragrance","2,500.00","2421","-","Bahan Baku","gr","https://kil.gserp.id/uploads/default.png"
"1788654371-2422","https://kil.gserp.id/goods-manage","","KPR00336","Continous Spray Silver","1,000.00","2422","-","Kemasan Primer","pcs","https://kil.gserp.id/uploads/common/202603/1772773692_5fe73848173833248853.png"
"1788654371-2423","https://kil.gserp.id/goods-manage","","KPR00337","Tube SH Glow Sun Screen 30ml","4,000.00","2423","-","Kemasan Primer","pcs","https://kil.gserp.id/uploads/common/202603/1772783320_da9bc792ceffef7efb2f.jpeg"
"1788654371-2424","https://kil.gserp.id/goods-manage","","BJD01124","SECRET GARDEN Extrait De Parfume","0.00","2424","-","Barang Jadi","pcs","https://kil.gserp.id/uploads/default.png"
"1788654371-2425","https://kil.gserp.id/goods-manage","","BJD01125","WHITE TOBACCO Extrait De Parfume","0.00","2425","-","Barang Jadi","pcs","https://kil.gserp.id/uploads/default.png"
"1788654371-2426","https://kil.gserp.id/goods-manage","","BJD01126","MIDNIGHT BERRY'S Extrait De Parfume","0.00","2426","-","Barang Jadi","pcs","https://kil.gserp.id/uploads/default.png"
"1788654371-2427","https://kil.gserp.id/goods-manage","","BJD01127","FRUIT PUNCH Extrait De Parfume","0.00","2427","-","Barang Jadi","pcs","https://kil.gserp.id/uploads/default.png"
"1788654371-2428","https://kil.gserp.id/goods-manage","","BBK00541","Versace Crystal Noir - Fragrance","3,000.00","2428","-","Bahan Baku","gr","https://kil.gserp.id/uploads/default.png"
"1788654371-2429","https://kil.gserp.id/goods-manage","","KPR00338","Tube SH Glow Silk Wave Bright Cleanser 60ml","3,450.00","2429","-","Kemasan Primer","pcs","https://kil.gserp.id/uploads/common/202603/1773043158_93bb8ab7d32767ee18db.jpeg"
"1788654371-2430","https://kil.gserp.id/goods-manage","","BJD01128","FORMULA UNTUK RO (HAND CREAM FRANGIPANI)","0.00","2430","-","Barang Jadi","pcs","https://kil.gserp.id/uploads/default.png"
"1788654371-2431","https://kil.gserp.id/goods-manage","","BBK00542","Alang -Alang Kering","2,000.00","2431","-","Bahan Baku","gr","https://kil.gserp.id/uploads/default.png"
"1788654371-2432","https://kil.gserp.id/goods-manage","","BBK00543","Yourself - Fragrance","1,000.00","2432","-","Bahan Baku","gr","https://kil.gserp.id/uploads/default.png"
"1788654371-2433","https://kil.gserp.id/goods-manage","","BJD01129","DEAL PARFUM OKINAWA","0.00","2433","-","Barang Jadi","pcs","https://kil.gserp.id/uploads/default.png"
"1788654371-2434","https://kil.gserp.id/goods-manage","","BBK00544","Frankincense Essential Oil","3,000.00","2434","-","Bahan Baku","gr","https://kil.gserp.id/uploads/default.png"
"1788654371-2435","https://kil.gserp.id/goods-manage","","KSR00427","Sticker Parfum Bonnevette Bold Noir 55ml","0.00","2435","-","Kemasan Sekunder","pcs","https://kil.gserp.id/uploads/common/202603/1774407755_abc59775cbfcb011717d.png"
"1788654371-2436","https://kil.gserp.id/goods-manage","","KSR00428","Sticker Parfum Bonnevette Naughty Savage","0.00","2436","-","Kemasan Sekunder","pcs","https://kil.gserp.id/uploads/common/202603/1774407956_82b9c7c2013333f54e40.png"
"1788654371-2437","https://kil.gserp.id/goods-manage","","KSR00429","Sticker Catale Enigma","0.00","2437","-","Kemasan Sekunder","pcs","https://kil.gserp.id/uploads/common/202603/1774416778_98a65eaf8d76135238d2.png"
"1788654371-2438","https://kil.gserp.id/goods-manage","","KSR00430","Sticker Catale Misty","0.00","2438","-","Kemasan Sekunder","pcs","https://kil.gserp.id/uploads/common/202603/1774416840_5793288a15fcf3321bfa.png"
"1788654371-2439","https://kil.gserp.id/goods-manage","","KPR00339","Botol PArfum Tazzi Sexoy 20ml","8,200.00","2439","-","Kemasan Primer","pcs","https://kil.gserp.id/uploads/common/202603/1774497785_aae66bf5aba5707e9991.png"
"1788654371-2440","https://kil.gserp.id/goods-manage","","KPR00340","Botol PArfum Tazzi Manjah 20ml","8,200.00","2440","-","Kemasan Primer","pcs","https://kil.gserp.id/uploads/common/202603/1774497836_b10e29f51ae05936a0e9.png"
"1788654371-2441","https://kil.gserp.id/goods-manage","","BBK00545","Resoft 3000 (pq10)","510.00","2441","-","Bahan Baku","gr","https://kil.gserp.id/uploads/default.png"
"1788654371-2442","https://kil.gserp.id/goods-manage","","BBK00546","Resoft 22 (Polyquaternium 22)","250.00","2442","-","Bahan Baku","gr","https://kil.gserp.id/uploads/default.png"
"1788654371-2443","https://kil.gserp.id/goods-manage","","BJD01130","Triple Bright & Protect Body Serum","0.00","2443","-","Barang Jadi","pcs","https://kil.gserp.id/uploads/default.png"
"1788654371-2444","https://kil.gserp.id/goods-manage","","BJD01131","DARKSPOT CREAM","0.00","2444","-","Barang Jadi","pcs","https://kil.gserp.id/uploads/default.png"
"1788654371-2445","https://kil.gserp.id/goods-manage","","BBK00547","Blue Passion (Dunhill Blue) - Fragrance","1,500.00","2445","-","Bahan Baku","gr","https://kil.gserp.id/uploads/default.png"
"1788654371-2446","https://kil.gserp.id/goods-manage","","BBK00548","Luxus Club -Fragrance","1,000.00","2446","-","Bahan Baku","gr","https://kil.gserp.id/uploads/default.png"
"1788654371-2447","https://kil.gserp.id/goods-manage","","BJD01132","HAPPY MIST! Cica Glow Face Mist, 100 mL","0.00","2447","-","Barang Jadi","pcs","https://kil.gserp.id/uploads/default.png"
"1788654371-2448","https://kil.gserp.id/goods-manage","","KSR00431","Stiker Tazzi Face Mist 100ml","450.00","2448","-","Kemasan Sekunder","pcs","https://kil.gserp.id/uploads/common/202604/1776156224_84baf9cb830b9ddc2a7d.png"
"1788654371-2449","https://kil.gserp.id/goods-manage","","BJD01133","PRIORITAS EAU DE PARFUM IMOZU PINK CHIFFON","0.00","2449","-","Barang Jadi","pcs","https://kil.gserp.id/uploads/default.png"
"1788654371-2450","https://kil.gserp.id/goods-manage","","BJD01134","Eau de Perfume IMOZU - Vanilla Red Parfum","0.00","2450","-","Barang Jadi","pcs","https://kil.gserp.id/uploads/default.png"
"1788654371-2451","https://kil.gserp.id/goods-manage","","BJD01135","EDP IMOZU - Baby Fresh","0.00","2451","-","Barang Jadi","pcs","https://kil.gserp.id/uploads/default.png"
"1788654371-2452","https://kil.gserp.id/goods-manage","","BJD01136","DEAL - DAY CREAM (I CARE B)","0.00","2452","-","Barang Jadi","pcs","https://kil.gserp.id/uploads/default.png"
"1788654371-2453","https://kil.gserp.id/goods-manage","","BJD01137","DEAL - NIGHT CREAM (AUREA)","0.00","2453","-","Barang Jadi","pcs","https://kil.gserp.id/uploads/default.png"
"1788654371-2454","https://kil.gserp.id/goods-manage","","BJD01138","DEAL - FACE SERUM (I CARE B - ACNE)","0.00","2454","-","Barang Jadi","pcs","https://kil.gserp.id/uploads/default.png"
"1788654371-2455","https://kil.gserp.id/goods-manage","","BJD01139","DEAL - FACE TONER - REVISI WARNA (SIRIN)","0.00","2455","-","Barang Jadi","pcs","https://kil.gserp.id/uploads/default.png"
"1788654371-2456","https://kil.gserp.id/goods-manage","","BJD01140","DEAL - FACE WASH (FORMULA AUREA)","0.00","2456","-","Barang Jadi","pcs","https://kil.gserp.id/uploads/default.png"
"1788654371-2457","https://kil.gserp.id/goods-manage","","KPR00341","Box Inner Bonnevette","0.00","2457","-","Kemasan Primer","pcs","https://kil.gserp.id/uploads/default.png"
"1788654371-2458","https://kil.gserp.id/goods-manage","","KPR00342","Box Slave Bonnevette Bold Noir 55ml","0.00","2458","-","Kemasan Primer","pcs","https://kil.gserp.id/uploads/default.png"
"1788654371-2459","https://kil.gserp.id/goods-manage","","KPR00343","Box Slave Bonnevette Middle Earth 55ml","0.00","2459","-","Kemasan Primer","pcs","https://kil.gserp.id/uploads/default.png"
"1788654371-2460","https://kil.gserp.id/goods-manage","","KPR00344","Box Slave Bonnevette Naughty Savage 55ml","0.00","2460","-","Kemasan Primer","pcs","https://kil.gserp.id/uploads/default.png"
"1788654371-2461","https://kil.gserp.id/goods-manage","","KPR00345","Box Catale Enigma Parfum","0.00","2461","-","Kemasan Primer","pcs","https://kil.gserp.id/uploads/default.png"
"1788654371-2462","https://kil.gserp.id/goods-manage","","KPR00346","Box Catale Misty Parfum","0.00","2462","-","Kemasan Primer","pcs","https://kil.gserp.id/uploads/default.png"
"1788654371-2463","https://kil.gserp.id/goods-manage","","KSR00432","Shrink Ukuran 14,5cm","0.00","2463","-","Kemasan Sekunder","pcs","https://kil.gserp.id/uploads/default.png"
"1788654371-2464","https://kil.gserp.id/goods-manage","","KSR00433","Shrink Ukuran 13cm","60.00","2464","-","Kemasan Sekunder","pcs","https://kil.gserp.id/uploads/default.png"
"1788654371-2465","https://kil.gserp.id/goods-manage","","KPR00347","Jar 250ml Hijau Tutup Cream","16,000.00","2465","-","Kemasan Primer","pcs","https://kil.gserp.id/uploads/common/202604/1776414819_d006a5249c50cc42cd21.jpeg"
"1788654371-2466","https://kil.gserp.id/goods-manage","","BJD01141","Hair Lotion Cotton Cloud","0.00","2466","-","Barang Jadi","pcs","https://kil.gserp.id/uploads/default.png"
"1788654371-2467","https://kil.gserp.id/goods-manage","","BJD01142","Sunscreen","0.00","2467","-","Barang Jadi","pcs","https://kil.gserp.id/uploads/default.png"
"1788654371-2468","https://kil.gserp.id/goods-manage","","KPR00348","Tube Sensesoul Curl Cream Kids 12ml","0.00","2468","-","Kemasan Primer","pcs","https://kil.gserp.id/uploads/default.png"
"1788654371-2469","https://kil.gserp.id/goods-manage","","KPR00349","Pot Chromaline Hitam 20Gr","0.00","2469","-","Kemasan Primer","pcs","https://kil.gserp.id/uploads/default.png"
"1788654371-2470","https://kil.gserp.id/goods-manage","","KPR00350","Pot Chromaline Putih 20Gr","0.00","2470","-","Kemasan Primer","pcs","https://kil.gserp.id/uploads/default.png"
"1788654371-2471","https://kil.gserp.id/goods-manage","","KSR00434","Stiker Botol IMOZU Pink Chiffon","212.00","2471","-","Kemasan Sekunder","pcs","https://kil.gserp.id/uploads/common/202604/1776999241_de7da29fc04b4a1a305b.png"
"1788654371-2472","https://kil.gserp.id/goods-manage","","KSR00435","Stiker DALANG Botol RAMA SHINTA","229.00","2472","-","Kemasan Sekunder","pcs","https://kil.gserp.id/uploads/common/202604/1776999644_53a858738654562552ee.png"
"1788654371-2473","https://kil.gserp.id/goods-manage","","KSR00436","Stiker DALANG Botol ARJUNA","229.00","2473","-","Kemasan Sekunder","pcs","https://kil.gserp.id/uploads/common/202604/1776999714_d5f0bb4f43b634b72f3d.png"
"1788654371-2474","https://kil.gserp.id/goods-manage","","KSR00437","Stiker DALANG Box RAMA SHINTA","1,348.00","2474","-","Kemasan Sekunder","pcs","https://kil.gserp.id/uploads/common/202604/1776999770_ac3af6f62261552b28eb.png"
"1788654371-2475","https://kil.gserp.id/goods-manage","","KSR00438","Stiker DALANG Box ARJUNA","1,348.00","2475","-","Kemasan Sekunder","pcs","https://kil.gserp.id/uploads/common/202604/1776999818_f2cf12302a322a840d11.png"
"1788654371-2476","https://kil.gserp.id/goods-manage","","KSR00439","Printing Pot SYD","1,100.00","2476","-","Kemasan Sekunder","pcs","https://kil.gserp.id/uploads/common/202604/1777001101_10abe3b251690c9f12f4.png"
"1788654371-2477","https://kil.gserp.id/goods-manage","","KPR00351","Tube 150ml D40 Full Hitam","3,300.00","2477","-","Kemasan Primer","pcs","https://kil.gserp.id/uploads/common/202604/1777013938_4beefeefa7139d82bac6.png"
"1788654371-2478","https://kil.gserp.id/goods-manage","","BJD01143","Extrait De Parfum Elan RomantiQué","0.00","2478","-","Barang Jadi","pcs","https://kil.gserp.id/uploads/default.png"
"1788654371-2479","https://kil.gserp.id/goods-manage","","BJD01144","Extrait De Parfum Ember Nocturné","0.00","2479","-","Barang Jadi","pcs","https://kil.gserp.id/uploads/default.png"
"1788654371-2480","https://kil.gserp.id/goods-manage","","BJD01145","oud","0.00","2480","-","Barang Jadi","pcs","https://kil.gserp.id/uploads/default.png"
"1788654371-2481","https://kil.gserp.id/goods-manage","","BBK00549","Sima Allantoin","145.00","2481","-","Bahan Baku","gr","https://kil.gserp.id/uploads/default.png"
"1788654371-2482","https://kil.gserp.id/goods-manage","","BBK00550","Mirasil CM5 A2","112.10","2482","-","Bahan Baku","gr","https://kil.gserp.id/uploads/default.png"
"1788654371-2483","https://kil.gserp.id/goods-manage","","BJD01146","Night Cream","0.00","2483","-","Barang Jadi","pcs","https://kil.gserp.id/uploads/default.png"
"1788654371-2484","https://kil.gserp.id/goods-manage","","BJD01147","Day Cream","0.00","2484","-","Barang Jadi","pcs","https://kil.gserp.id/uploads/default.png"
"1788654371-2485","https://kil.gserp.id/goods-manage","","KSR00440","Stiker DeptCare","1,373.00","2485","-","Kemasan Sekunder","pcs","https://kil.gserp.id/uploads/common/202605/1777880946_7f6472260d245a55d568.png"
"1788654371-2486","https://kil.gserp.id/goods-manage","","KSR00441","Stiker Azzaheera 150ml Depan new","556.00","2486","-","Kemasan Sekunder","pcs","https://kil.gserp.id/uploads/common/202605/1777881057_bdaf371ac546f39237e9.png"
"1788654371-2487","https://kil.gserp.id/goods-manage","","KSR00442","Stiker Azzaheera 150ml  Belakang new","556.00","2487","-","Kemasan Sekunder","pcs","https://kil.gserp.id/uploads/common/202605/1777881107_960c97c8a5bd473bbad2.png"
"1788654371-2488","https://kil.gserp.id/goods-manage","","KSKST0111","Stiker Permablend","652.00","2488","-","Kemasan Sekunder","pcs","https://kil.gserp.id/uploads/common/202605/1777882815_87fc6a719c18e326b85b.png"
"1788654371-2489","https://kil.gserp.id/goods-manage","","BJD01148","Balsem Bagus","0.00","2489","-","Barang Jadi","pcs","https://kil.gserp.id/uploads/default.png"
"1788654371-2490","https://kil.gserp.id/goods-manage","","BBK00701","Green Tea Senses - Fragrance","1,000.00","2490","-","Bahan Baku","gr","https://kil.gserp.id/uploads/default.png"
"1788654371-2491","https://kil.gserp.id/goods-manage","","BBK00702","Lv Rose (SIF) -Fragrance","1,000.00","2491","-","Bahan Baku","gr","https://kil.gserp.id/uploads/default.png"
"1788654371-2492","https://kil.gserp.id/goods-manage","","BBK00703","Prime Chloe w/0925/2 -fragrance","1,500.00","2492","-","Bahan Baku","gr","https://kil.gserp.id/uploads/default.png"
"1788654371-2493","https://kil.gserp.id/goods-manage","","BBK00704","Unclear Spirit fr -Fragrance","1,800.00","2493","-","Bahan Baku","gr","https://kil.gserp.id/uploads/default.png"
"1788654371-2494","https://kil.gserp.id/goods-manage","","KPR00352","Tube IMOZU","5,500.00","2494","-","Kemasan Primer","pcs","https://kil.gserp.id/uploads/common/202605/1778467417_0414f5fcc3c087b3e3eb.png"
"1788654371-2495","https://kil.gserp.id/goods-manage","","BJD01149","Dear Orchid Eau De Parfume","0.00","2495","-","Barang Jadi","pcs","https://kil.gserp.id/uploads/default.png"
"1788654371-2496","https://kil.gserp.id/goods-manage","","BJD01150","Pramugari Eau De Parfume","0.00","2496","-","Barang Jadi","pcs","https://kil.gserp.id/uploads/default.png"
"1788654371-2497","https://kil.gserp.id/goods-manage","","BJD01151","Scandals Eau De Parfume","0.00","2497","-","Barang Jadi","pcs","https://kil.gserp.id/uploads/default.png"
"1788654371-2498","https://kil.gserp.id/goods-manage","","BJD01152","Rose Chiffonne Eau De Parfume","0.00","2498","-","Barang Jadi","pcs","https://kil.gserp.id/uploads/default.png"
"1788654371-2499","https://kil.gserp.id/goods-manage","","BJD01153","The Elite Man Eau De Parfume","0.00","2499","-","Barang Jadi","pcs","https://kil.gserp.id/uploads/default.png"
"1788654371-2500","https://kil.gserp.id/goods-manage","","BJD01154","Bagus Hair Style Gel","0.00","2500","-","Barang Jadi","pcs","https://kil.gserp.id/uploads/default.png"
"1788654371-2501","https://kil.gserp.id/goods-manage","","KSR00443","Card Vial Parfum Feeling Blue","375.00","2501","-","Kemasan Sekunder","pcs","https://kil.gserp.id/uploads/common/202605/1778639090_042e807694b4a683c53b.png"
"1788654371-2502","https://kil.gserp.id/goods-manage","","KSR00444","Stiker Vial SYD Feeling Blue","38,000.00","2502","-","Kemasan Sekunder","pcs","https://kil.gserp.id/uploads/common/202605/1778639310_752c03c8a8f29b79c07b.png"
"1788654371-2503","https://kil.gserp.id/goods-manage","","BBK00705","secret love - fragrance","650.00","2503","-","Bahan Baku","gr","https://kil.gserp.id/uploads/default.png"
"1788654371-2504","https://kil.gserp.id/goods-manage","","BBK00706","scandal night - fragrance","2,000.00","2504","-","Bahan Baku","gr","https://kil.gserp.id/uploads/default.png"
"1788654371-2505","https://kil.gserp.id/goods-manage","","BBK00707","Valaya D'Marly - Fragrance","2,500.00","2505","-","Bahan Baku","gr","https://kil.gserp.id/uploads/default.png"
"1788654371-2506","https://kil.gserp.id/goods-manage","","BBK00708","Amouage Guidance (spirit awakening) - Fragrance","2,500.00","2506","-","Bahan Baku","gr","https://kil.gserp.id/uploads/default.png"
"1788654371-2507","https://kil.gserp.id/goods-manage","","BBK00709","The Distance (Punya Client Mahendra) -Fragrance","0.00","2507","-","Bahan Baku","gr","https://kil.gserp.id/uploads/default.png"
"1788654371-2508","https://kil.gserp.id/goods-manage","","BBK00710","Aftermoon (punya client Mahendra) -Fragrance","0.00","2508","-","Bahan Baku","gr","https://kil.gserp.id/uploads/default.png"
"1788654371-2509","https://kil.gserp.id/goods-manage","","BBK00711","Black Tea 29 ( The Noir le labo 29) - Fragrance","1,500.00","2509","-","Bahan Baku","gr","https://kil.gserp.id/uploads/default.png"
"1788654371-2510","https://kil.gserp.id/goods-manage","","BBK00712","Afnan Rebel + - Fragrance","650.00","2510","-","Bahan Baku","gr","https://kil.gserp.id/uploads/default.png"
"1788654371-2511","https://kil.gserp.id/goods-manage","","BBK00713","Olympia + - Fragrance","700.00","2511","-","Bahan Baku","gr","https://kil.gserp.id/uploads/default.png"
"1788654371-2512","https://kil.gserp.id/goods-manage","","BBK00714","Burberry Her -Fragrance","1,500.00","2512","-","Bahan Baku","gr","https://kil.gserp.id/uploads/default.png"
"1788654371-2513","https://kil.gserp.id/goods-manage","","BJD01155","DARKSPOT CREAM","0.00","2513","-","Barang Jadi","pcs","https://kil.gserp.id/uploads/default.png"
"1788654371-2514","https://kil.gserp.id/goods-manage","","BJD01156","Whitening Cream tekstur light (moist)","0.00","2514","-","Barang Jadi","pcs","https://kil.gserp.id/uploads/default.png"
"1788654371-2515","https://kil.gserp.id/goods-manage","","BJD01157","DryFresh Daily Protection Deo","0.00","2515","-","Barang Jadi","pcs","https://kil.gserp.id/uploads/default.png"
"1788654371-2516","https://kil.gserp.id/goods-manage","","BJD01158","Brightening Day Lotion with UV Protection","0.00","2516","-","Barang Jadi","pcs","https://kil.gserp.id/uploads/default.png"
"1788654371-2517","https://kil.gserp.id/goods-manage","","KPR00353","Botol Six Side Perfume 30 ml Vessius & Co","15,000.00","2517","-","Kemasan Primer","pcs","https://kil.gserp.id/uploads/default.png"
"1788654371-2518","https://kil.gserp.id/goods-manage","","BJD01159","PRIORITAS EAU DE PARFUM IMOZU PINK CHIFFON","0.00","2518","-","Barang Jadi","pcs","https://kil.gserp.id/uploads/default.png"
"1788654371-2519","https://kil.gserp.id/goods-manage","","BJD01160","EDP IMOZU - Baby Fresh","0.00","2519","-","Barang Jadi","pcs","https://kil.gserp.id/uploads/default.png"
"1788654371-2520","https://kil.gserp.id/goods-manage","","BJD01161","Eau de Perfume IMOZU – PRAMUGARI","0.00","2520","-","Barang Jadi","pcs","https://kil.gserp.id/uploads/default.png"
"1788654371-2521","https://kil.gserp.id/goods-manage","","BJD01162","EDP IMOZU - Scandalous","0.00","2521","-","Barang Jadi","pcs","https://kil.gserp.id/uploads/default.png"
"1788654371-2522","https://kil.gserp.id/goods-manage","","BJD01163","EAU DE PARFUM IMOZU  ORCHIDLY","0.00","2522","-","Barang Jadi","pcs","https://kil.gserp.id/uploads/default.png"
"1788654371-2523","https://kil.gserp.id/goods-manage","","BJD01164","Eau de Perfume IMOZU - Vanilla Red Parfum","0.00","2523","-","Barang Jadi","pcs","https://kil.gserp.id/uploads/default.png"
"1788654371-2524","https://kil.gserp.id/goods-manage","","BJD01165","DAY CREAM","0.00","2524","-","Barang Jadi","pcs","https://kil.gserp.id/uploads/default.png"
"1788654371-2525","https://kil.gserp.id/goods-manage","","BJD01166","MOISTURIZER GEL (LANJUTAN NPF SEBELUMNYA)","0.00","2525","-","Barang Jadi","pcs","https://kil.gserp.id/uploads/default.png"
"1788654371-2526","https://kil.gserp.id/goods-manage","","BJD01167","FACE SERUM (LANJUTAN NPF SEBELUMNYA)","0.00","2526","-","Barang Jadi","pcs","https://kil.gserp.id/uploads/default.png"
"1788654371-2527","https://kil.gserp.id/goods-manage","","BJD01168","FACE TONER","0.00","2527","-","Barang Jadi","pcs","https://kil.gserp.id/uploads/default.png"
"1788654371-2528","https://kil.gserp.id/goods-manage","","BJD01169","FACE WASH","0.00","2528","-","Barang Jadi","pcs","https://kil.gserp.id/uploads/default.png"
"1788654371-2529","https://kil.gserp.id/goods-manage","","BBK00715","Bericos Cysteamine","3,600.00","2529","Active","Bahan Baku","gr","https://kil.gserp.id/uploads/default.png"
"1788654371-2530","https://kil.gserp.id/goods-manage","","BBK00716","Belsil EG 7","848.80","2530","Base","Bahan Baku","gr","https://kil.gserp.id/uploads/default.png"
"1788654371-2531","https://kil.gserp.id/goods-manage","","KSR00445","Sticker MNTR SAVATO Depan","242.00","2531","Label/Stiker","Kemasan Sekunder","pcs","https://kil.gserp.id/uploads/common/202605/1779350657_bfc8431295763bdc8287.png"
"1788654371-2532","https://kil.gserp.id/goods-manage","","KSR00446","Sticker MNTR FIOR Depan","242.00","2532","Label/Stiker","Kemasan Sekunder","pcs","https://kil.gserp.id/uploads/common/202605/1779350707_d6dc647d99efbba35b3b.png"
"1788654371-2533","https://kil.gserp.id/goods-manage","","KSR00447","Sticker MNTR ORGEE Depan","242.00","2533","Label/Stiker","Kemasan Sekunder","pcs","https://kil.gserp.id/uploads/common/202605/1779350814_6bf40b250909782022a5.png"
"1788654371-2534","https://kil.gserp.id/goods-manage","","KSR00448","Sticker MNTR SAVATO  Box","356.00","2534","Label/Stiker","Kemasan Sekunder","pcs","https://kil.gserp.id/uploads/common/202605/1779350882_06306be74c56ed14b295.png"
"1788654371-2535","https://kil.gserp.id/goods-manage","","KSR00449","Sticker MNTR FIOR Belakang","356.00","2535","Label/Stiker","Kemasan Sekunder","pcs","https://kil.gserp.id/uploads/common/202605/1779350938_eb4b233c519810b9c4a3.png"
"1788654371-2536","https://kil.gserp.id/goods-manage","","KSR00450","Sticker MNTR ORGEE Box","356.00","2536","Label/Stiker","Kemasan Sekunder","pcs","https://kil.gserp.id/uploads/common/202605/1779350974_5b35b5ff9fbc620c079d.png"
"1788654371-2537","https://kil.gserp.id/goods-manage","","KSR00451","Sticker LAWO Dermabrightt","238.22","2537","Label/Stiker","Kemasan Sekunder","pcs","https://kil.gserp.id/uploads/common/202605/1779351332_dc762f8adc5819f05a9d.png"
"1788654371-2538","https://kil.gserp.id/goods-manage","","BBK00718","Baby Fresh (imozu)","0.00","2538","Fragrance","Bahan Baku","gr","https://kil.gserp.id/uploads/default.png"
"1788654371-2539","https://kil.gserp.id/goods-manage","","BBK00719","orchidly (imozu)","0.00","2539","Fragrance","Bahan Baku","gr","https://kil.gserp.id/uploads/default.png"
"1788654371-2540","https://kil.gserp.id/goods-manage","","BBK00720","Massimo Dutti Golden Bloom - Fragrance","2,000.00","2540","Fragrance","Bahan Baku","gr","https://kil.gserp.id/uploads/default.png"
"1788654371-2541","https://kil.gserp.id/goods-manage","","KPR00354","Botol 500ml Clear","2,000.00","2541","","Kemasan Primer","pcs","https://kil.gserp.id/uploads/default.png"
"1788654371-2542","https://kil.gserp.id/goods-manage","","BJD01170","REVISI CURL CREAM","0.00","2542","-","Barang Jadi","pcs","https://kil.gserp.id/uploads/default.png"
"1788654371-2543","https://kil.gserp.id/goods-manage","","BBK00721","Reshine TMS 100","877.26","2543","","Bahan Baku","gr","https://kil.gserp.id/uploads/default.png"
"1788654371-2544","https://kil.gserp.id/goods-manage","","BBK00722","Ercapeg 6000 DS","500.00","2544","Base","Bahan Baku","gr","https://kil.gserp.id/uploads/default.png"
"1788654371-2545","https://kil.gserp.id/goods-manage","","BBK00723","E.G Distearate","0.00","2545","Base","Bahan Baku","gr","https://kil.gserp.id/uploads/default.png"
"1788654371-2546","https://kil.gserp.id/goods-manage","","KSR00452","Box SYD Serum","0.00","2546","Box","Kemasan Sekunder","pcs","https://kil.gserp.id/uploads/common/202606/1780452139_33cf9821ee1862ab5a89.png"
"1788654371-2547","https://kil.gserp.id/goods-manage","","KSR00453","Box Permablend","0.00","2547","Box","Kemasan Sekunder","pcs","https://kil.gserp.id/uploads/common/202606/1780452259_776c3962cd1ffce7bfc8.png"
"1788654371-2548","https://kil.gserp.id/goods-manage","","BBK00724","Jajale Green  Avocado","2,400.00","2548","Coloring & Accessories","Bahan Baku","gr","https://kil.gserp.id/uploads/default.png"
"1788654371-2549","https://kil.gserp.id/goods-manage","","KSR00454","Sticker MEERAND  Midnight Out","0.00","2549","","Kemasan Sekunder","pcs","https://kil.gserp.id/uploads/common/202606/1780542577_64fe872f953b2f6be40e.png"
"1788654371-2550","https://kil.gserp.id/goods-manage","","KSR00455","Box SYD Parfum","0.00","2550","Box","Kemasan Sekunder","pcs","https://kil.gserp.id/uploads/common/202606/1780542783_ffa0bd5b659c49dcd773.png"
"1788654371-2551","https://kil.gserp.id/goods-manage","","KSR00456","Sticker Batch Sensesoul","0.00","2551","Label/Stiker","Kemasan Sekunder","pcs","https://kil.gserp.id/uploads/common/202606/1780542922_24deada0725d8dab36cc.png"
"1788654371-2552","https://kil.gserp.id/goods-manage","","KPR00355","Botol Parfum SYD","10,800.00","2552","Parfum","Kemasan Primer","pcs","https://kil.gserp.id/uploads/common/202606/1780543713_fe9fe2bd0ebf5a4e9f8e.png"
"1788654371-2553","https://kil.gserp.id/goods-manage","","BJD01171","Brightening Skin Micellar Water","0.00","2553","-","Barang Jadi","pcs","https://kil.gserp.id/uploads/default.png"
"1788654371-2554","https://kil.gserp.id/goods-manage","","BJD01172","Parfum Spring Nude","0.00","2554","-","Barang Jadi","pcs","https://kil.gserp.id/uploads/default.png"
"1788654371-2555","https://kil.gserp.id/goods-manage","","BJD01173","Parfum Obsession","0.00","2555","-","Barang Jadi","pcs","https://kil.gserp.id/uploads/default.png"
"1788654371-2556","https://kil.gserp.id/goods-manage","","BJD01174","Parfum Fleur","0.00","2556","-","Barang Jadi","pcs","https://kil.gserp.id/uploads/default.png"
"1788654371-2557","https://kil.gserp.id/goods-manage","","BJD01175","Body Lotion Tone Up","0.00","2557","-","Barang Jadi","pcs","https://kil.gserp.id/uploads/default.png"
"1788654371-2558","https://kil.gserp.id/goods-manage","","KSR00457","Box Pink Chiffon (Imozu)","0.00","2558","Box","Kemasan Sekunder","pcs","https://kil.gserp.id/uploads/default.png"
"1788654371-2559","https://kil.gserp.id/goods-manage","","KSR00458","Box Scandalous (Imozu)","0.00","2559","Box","Kemasan Sekunder","pcs","https://kil.gserp.id/uploads/default.png"
"1788654371-2560","https://kil.gserp.id/goods-manage","","KSR00459","Box Pramugari (Imozu)","0.00","2560","Box","Kemasan Sekunder","pcs","https://kil.gserp.id/uploads/default.png"
"1788654371-2561","https://kil.gserp.id/goods-manage","","KSR00460","Box Vanilla Red (Imozu)","0.00","2561","Box","Kemasan Sekunder","pcs","https://kil.gserp.id/uploads/default.png"
"1788654371-2562","https://kil.gserp.id/goods-manage","","KSR00461","Box Baby Fresh (Imozu)","0.00","2562","Box","Kemasan Sekunder","pcs","https://kil.gserp.id/uploads/default.png"
"1788654371-2563","https://kil.gserp.id/goods-manage","","KSR00462","Box Orchidly (Imozu)","0.00","2563","Box","Kemasan Sekunder","pcs","https://kil.gserp.id/uploads/default.png"
"1788654371-2564","https://kil.gserp.id/goods-manage","","KPR00356","Kemasan Eriqa 1 set","0.00","2564","Botol","Kemasan Primer","pcs","https://kil.gserp.id/uploads/common/202606/1780892946_06d811164127e95f6106.jpeg"
"1788654371-2565","https://kil.gserp.id/goods-manage","","KSR00463","Stiker Botol LUVENCE Fresh Noir","157.00","2565","Label/Stiker","Kemasan Sekunder","pcs","https://kil.gserp.id/uploads/common/202606/1780903304_e09672f3be07d91c1baf.png"
"1788654371-2566","https://kil.gserp.id/goods-manage","","KSR00464","Stiker Botol LUVENCE Amber","157.00","2566","Label/Stiker","Kemasan Sekunder","pcs","https://kil.gserp.id/uploads/common/202606/1780903350_1019bc198f5af97bb1de.png"
"1788654371-2567","https://kil.gserp.id/goods-manage","","KSR00465","Stiker Box LUVENCE Fresh Noir Belakang","412.00","2567","Label/Stiker","Kemasan Sekunder","pcs","https://kil.gserp.id/uploads/common/202606/1780903434_d20ee9d4180752fd6d6d.png"
"1788654371-2568","https://kil.gserp.id/goods-manage","","KSR00466","Stiker Box LUVENCE Amber Belakang","412.00","2568","Label/Stiker","Kemasan Sekunder","pcs","https://kil.gserp.id/uploads/common/202606/1780903486_366c90e8c16e129c109e.png"
"1788654371-2569","https://kil.gserp.id/goods-manage","","KSR00467","Stiker Box LUVENCE Fresh Noir Kecil","241.00","2569","Label/Stiker","Kemasan Sekunder","pcs","https://kil.gserp.id/uploads/common/202606/1780903544_7e95fc098e5920bfbd9f.png"
"1788654371-2570","https://kil.gserp.id/goods-manage","","KSR00468","Stiker Box LUVENCE Amber Kecil","241.00","2570","Label/Stiker","Kemasan Sekunder","pcs","https://kil.gserp.id/uploads/common/202606/1780903587_85a5a21e49bd8cec1342.png"
"1788654371-2571","https://kil.gserp.id/goods-manage","","BBK00726","AMP - 95","292.24","2571","Base","Bahan Baku","gr","https://kil.gserp.id/uploads/default.png"
"1788654371-2572","https://kil.gserp.id/goods-manage","","KSR00469","Box ARKALA Cakra","0.00","2572","Box","Kemasan Sekunder","pcs","https://kil.gserp.id/uploads/common/202606/1780980972_183c16147a4ffeb00163.jpeg"
"1788654371-2573","https://kil.gserp.id/goods-manage","","KSR00470","Box ARKALA Aksara","0.00","2573","Box","Kemasan Sekunder","pcs","https://kil.gserp.id/uploads/common/202606/1780981014_03fe454101f6f2b00e14.jpeg"
"1788654371-2574","https://kil.gserp.id/goods-manage","","KSR00471","Stiker CELEVA Pure Hair Lotion","1,385.00","2574","Label/Stiker","Kemasan Sekunder","pcs","https://kil.gserp.id/uploads/common/202606/1780998240_1844dfb8c984111e12af.png"
"1788654371-2575","https://kil.gserp.id/goods-manage","","KSR00472","Stiker SENSESOUL Litle Curl Cream 12ml Depan","244.00","2575","Label/Stiker","Kemasan Sekunder","pcs","https://kil.gserp.id/uploads/common/202606/1781062378_48242b121fc05ee0ebd6.png"
"1788654371-2576","https://kil.gserp.id/goods-manage","","KSR00473","Stiker SENSESOUL Curl Cream 12ml Depan","244.00","2576","Label/Stiker","Kemasan Sekunder","pcs","https://kil.gserp.id/uploads/common/202606/1781062426_874d5e64dbbb28ac3cf1.png"
"1788654371-2577","https://kil.gserp.id/goods-manage","","KSR00474","Stiker SENSESOUL Litle Curl Cream 12ml Belakang","244.00","2577","Label/Stiker","Kemasan Sekunder","pcs","https://kil.gserp.id/uploads/common/202606/1781062468_27b88f4b98945f455f22.png"
"1788654371-2578","https://kil.gserp.id/goods-manage","","KSR00475","Stiker SENSESOUL Curl Cream 12ml Belakang","244.00","2578","Label/Stiker","Kemasan Sekunder","pcs","https://kil.gserp.id/uploads/common/202606/1781062659_8dd5377ccc0bdec1823b.png"
"1788654371-2579","https://kil.gserp.id/goods-manage","","KPR00357","Spray Trigger N24 Putih","2,200.00","2579","Tutup","Kemasan Primer","pcs","https://kil.gserp.id/uploads/common/202606/1781065076_3ae9f9a409bc088314d3.jpeg"
"1788654371-2580","https://kil.gserp.id/goods-manage","","BBK00727","Pink Chiffon (macbrame)","616.00","2580","Fragrance","Bahan Baku","gr","https://kil.gserp.id/uploads/default.png"
"1788654371-2581","https://kil.gserp.id/goods-manage","","KSR00476","Stiker IMOZU Scandalous Botol","212.00","2581","Label/Stiker","Kemasan Sekunder","pcs","https://kil.gserp.id/uploads/common/202606/1781232491_13724f9ec4c512872197.png"
"1788654371-2582","https://kil.gserp.id/goods-manage","","KSR00477","Stiker IMOZU Vanilla Red Botol","212.00","2582","Label/Stiker","Kemasan Sekunder","pcs","https://kil.gserp.id/uploads/common/202606/1781232546_86a77f565b2bca21f28d.png"
"1788654371-2583","https://kil.gserp.id/goods-manage","","KSR00478","Stiker IMOZU Baby Fresh Botol","212.00","2583","Label/Stiker","Kemasan Sekunder","pcs","https://kil.gserp.id/uploads/common/202606/1781232628_cbf259b933acbac6c38b.png"
"1788654371-2584","https://kil.gserp.id/goods-manage","","KSR00479","Stiker IMOZU Pramugari Botol","212.00","2584","Label/Stiker","Kemasan Sekunder","pcs","https://kil.gserp.id/uploads/common/202606/1781232776_89b5346c5c167158d543.png"
"1788654371-2585","https://kil.gserp.id/goods-manage","","KSR00480","Stiker IMOZU Orchidly Botol","212.00","2585","Label/Stiker","Kemasan Sekunder","pcs","https://kil.gserp.id/uploads/common/202606/1781232837_9ce8e5b1df50b5eb589f.png"
"1788654371-2586","https://kil.gserp.id/goods-manage","","BJD01176","PRIORITAS EAU DE PARFUM IMOZU PINK CHIFFON","0.00","2586","-","Barang Jadi","pcs","https://kil.gserp.id/uploads/default.png"
"1788654371-2587","https://kil.gserp.id/goods-manage","","BJD01177","EDP IMOZU - Scandalous","0.00","2587","-","Barang Jadi","pcs","https://kil.gserp.id/uploads/default.png"
"1788654371-2588","https://kil.gserp.id/goods-manage","","BJD01178","Eau de Perfume IMOZU – PRAMUGARI","0.00","2588","-","Barang Jadi","pcs","https://kil.gserp.id/uploads/default.png"
"1788654371-2589","https://kil.gserp.id/goods-manage","","BJD01179","DARKSPOT CREAM","0.00","2589","-","Barang Jadi","pcs","https://kil.gserp.id/uploads/default.png"
"1788654371-2590","https://kil.gserp.id/goods-manage","","KSR00481","Sticker TWERSA Parfum Balm","317.00","2590","Label/Stiker","Kemasan Sekunder","pcs","https://kil.gserp.id/uploads/common/202606/1781499134_fc951040b1253484f0a2.png"
"1788654371-2591","https://kil.gserp.id/goods-manage","","KSR00482","Box TWERSA Parfum Balm","673.00","2591","Box","Kemasan Sekunder","pcs","https://kil.gserp.id/uploads/common/202606/1781499206_6ec03b4d700308abb520.png"
"1788654371-2592","https://kil.gserp.id/goods-manage","","KSR00483","Stiker TWERSA Parfum Balm Belakang","161.00","2592","Label/Stiker","Kemasan Sekunder","pcs","https://kil.gserp.id/uploads/common/202606/1781499305_12253becfa4ea3d982c5.png"
"1788654371-2593","https://kil.gserp.id/goods-manage","","KSR00484","Sticker QIANTE  Elan Romantique Botol","272.00","2593","Label/Stiker","Kemasan Sekunder","pcs","https://kil.gserp.id/uploads/common/202606/1781511967_4e4f9e6bc784177b70aa.png"
"1788654371-2594","https://kil.gserp.id/goods-manage","","KSR00485","Sticker QIANTE  Ember Nocturne Botol","272.00","2594","Label/Stiker","Kemasan Sekunder","pcs","https://kil.gserp.id/uploads/common/202606/1781512015_2da74a1f9e58c4b6bcf6.png"
"1788654371-2595","https://kil.gserp.id/goods-manage","","BBK00728","Slavina - Nilam Widuri","580.00","2595","Fragrance","Bahan Baku","gr","https://kil.gserp.id/uploads/default.png"
"1788654371-2596","https://kil.gserp.id/goods-manage","","BJD01180","Crystal Tone Booster","0.00","2596","-","Barang Jadi","pcs","https://kil.gserp.id/uploads/default.png"
"1788654371-2597","https://kil.gserp.id/goods-manage","","BJD01181","AHA Radiance Body Toner","0.00","2597","-","Barang Jadi","pcs","https://kil.gserp.id/uploads/default.png"
"1788654371-2598","https://kil.gserp.id/goods-manage","","BBK00729","Romantic Wish (Parfarome)","800.00","2598","Fragrance","Bahan Baku","gr","https://kil.gserp.id/uploads/default.png"
"1788654371-2599","https://kil.gserp.id/goods-manage","","BBK00730","Azzaro Pour Homme (mane)","618.00","2599","Fragrance","Bahan Baku","gr","https://kil.gserp.id/uploads/default.png"
"1788654371-2600","https://kil.gserp.id/goods-manage","","BBK00731","Tom Ford Bitter (Mane)","818.00","2600","Fragrance","Bahan Baku","gr","https://kil.gserp.id/uploads/default.png"
"1788654371-2601","https://kil.gserp.id/goods-manage","","BBK00732","Tommy Jeans (Mane)","759.00","2601","Fragrance","Bahan Baku","gr","https://kil.gserp.id/uploads/default.png"
"1788654371-2602","https://kil.gserp.id/goods-manage","","BBK00733","Gray Jayrose / One Million Lucky Pacorabanne (parfarome)","840.00","2602","Fragrance","Bahan Baku","gr","https://kil.gserp.id/uploads/default.png"
"1788654371-2603","https://kil.gserp.id/goods-manage","","BBK00734","Oud Bukiyah (bin Ali)","0.00","2603","Fragrance","Bahan Baku","gr","https://kil.gserp.id/uploads/default.png"
"1788654371-2604","https://kil.gserp.id/goods-manage","","BBK00735","Byredo Rose (Technicoflor)","0.00","2604","Fragrance","Bahan Baku","gr","https://kil.gserp.id/uploads/default.png"
"1788654371-2605","https://kil.gserp.id/goods-manage","","KSR00486","Stiker batch IMOZU Lotion","50.00","2605","Label/Stiker","Kemasan Sekunder","pcs","https://kil.gserp.id/uploads/common/202606/1782182292_f6782e0766f698bcf710.png"
"1788654371-2606","https://kil.gserp.id/goods-manage","","KSR00487","Box LUVENCE Parfum","2,950.00","2606","Box","Kemasan Sekunder","pcs","https://kil.gserp.id/uploads/common/202606/1782273558_fc2e388820b184f74514.png"
"1788654371-2607","https://kil.gserp.id/goods-manage","","KSR00488","Card DAIVIE Fleur Vial","1,950.00","2607","Box","Kemasan Sekunder","pcs","https://kil.gserp.id/uploads/common/202606/1782443952_beec666851f58cdb3e93.png"
"1788654371-2608","https://kil.gserp.id/goods-manage","","BBK00736","Bentone Luxe WN","2,500.00","2608","Base","Bahan Baku","gr","https://kil.gserp.id/uploads/default.png"
"1788654371-2609","https://kil.gserp.id/goods-manage","","KPR00358","Botol Hermes 50ml","4,250.00","2609","Parfum","Kemasan Primer","pcs","https://kil.gserp.id/uploads/common/202606/1782456522_ede54b15470b1f3453b2.jpeg"
"1788654371-2610","https://kil.gserp.id/goods-manage","","BJD01182","All In One Cream","0.00","2610","-","Barang Jadi","pcs","https://kil.gserp.id/uploads/default.png"
"1788654371-2611","https://kil.gserp.id/goods-manage","","BJD01183","PERFECT HAIR SERUM","0.00","2611","-","Barang Jadi","pcs","https://kil.gserp.id/uploads/default.png"
"1788654371-2612","https://kil.gserp.id/goods-manage","","BBK00737","88 Carats Black For Lady W/02138","1,800.00","2612","Fragrance","Bahan Baku","gr","https://kil.gserp.id/uploads/default.png"
"1788654371-2613","https://kil.gserp.id/goods-manage","","BBK00738","Resoft 80 (Quaternium 80)","500.00","2613","Base","Bahan Baku","gr","https://kil.gserp.id/uploads/default.png"
"1788654371-2614","https://kil.gserp.id/goods-manage","","BBK00739","Essenza 9977766 Intenscent","2,700.00","2614","Fragrance","Bahan Baku","gr","https://kil.gserp.id/uploads/default.png"
"1788654371-2615","https://kil.gserp.id/goods-manage","","BBK00740","Flora D'or Gardenia 9977751 Intenscent","3,200.00","2615","Fragrance","Bahan Baku","gr","https://kil.gserp.id/uploads/default.png"
"1788654371-2616","https://kil.gserp.id/goods-manage","","BBK00741","Miss Coco BBA 7777340","1,200.00","2616","Fragrance","Bahan Baku","gr","https://kil.gserp.id/uploads/default.png"
"1788654371-2617","https://kil.gserp.id/goods-manage","","KPR00359","Pot Putih 15gr Tutup Gold","4,500.00","2617","Jar","Kemasan Primer","pcs","https://kil.gserp.id/uploads/common/202606/1782723796_2514cc4f000dcb8ef3ce.jpeg"
"1788654371-2618","https://kil.gserp.id/goods-manage","","BBK00742","Vanilla Red+","10,001.00","2618","Fragrance","Bahan Baku","gr","https://kil.gserp.id/uploads/default.png"
"1788654371-2619","https://kil.gserp.id/goods-manage","","BBK00743","Le Male Elixir (Jean Paul Gaulthier)","2,500.00","2619","Fragrance","Bahan Baku","gr","https://kil.gserp.id/uploads/default.png"
"1788654371-2620","https://kil.gserp.id/goods-manage","","BJD01184","Glowface White All in One Cream","0.00","2620","-","Barang Jadi","pcs","https://kil.gserp.id/uploads/default.png"
"1788654371-2621","https://kil.gserp.id/goods-manage","","KSR00489","Card DAIVIE Spring Nude Vial","1,950.00","2621","Box","Kemasan Sekunder","pcs","https://kil.gserp.id/uploads/common/202607/1783049690_ae777e61899a41db3dd5.png"
"1788654371-2622","https://kil.gserp.id/goods-manage","","KSR00490","Card DAIVIE Obsession Vial","1,950.00","2622","Box","Kemasan Sekunder","pcs","https://kil.gserp.id/uploads/common/202607/1783049726_edc3949ae25704567479.png"
"1788654371-2623","https://kil.gserp.id/goods-manage","","KSR00491","Box QIANTE","2,850.00","2623","Box","Kemasan Sekunder","pcs","https://kil.gserp.id/uploads/common/202607/1783050241_d37d3b52fe28a8d458e8.png"
"1788654371-2624","https://kil.gserp.id/goods-manage","","BJD01185","DEODORANT KSATRIA","0.00","2624","-","Barang Jadi","pcs","https://kil.gserp.id/uploads/default.png"
"1788654371-2625","https://kil.gserp.id/goods-manage","","KSR00492","Stiker QIANTE Kecil Ember","187.00","2625","Label/Stiker","Kemasan Sekunder","pcs","https://kil.gserp.id/uploads/common/202607/1783306252_153b9fdebb008d7f2b42.png"
"1788654371-2626","https://kil.gserp.id/goods-manage","","KSR00493","Stiker QIANTE Kecil Elan","187.00","2626","Label/Stiker","Kemasan Sekunder","pcs","https://kil.gserp.id/uploads/common/202607/1783306323_22a961ea4bfb61a91ece.png"
"1788654371-2627","https://kil.gserp.id/goods-manage","","KSR00494","Stiker QIANTE Kecil Ember NA","146.00","2627","Label/Stiker","Kemasan Sekunder","pcs","https://kil.gserp.id/uploads/common/202607/1783306405_8253567333a715aca23e.png"
"1788654371-2628","https://kil.gserp.id/goods-manage","","KSR00495","Stiker QIANTE Kecil Elan NA","146.00","2628","Label/Stiker","Kemasan Sekunder","pcs","https://kil.gserp.id/uploads/common/202607/1783306454_fabfa442d7e3321e5ebe.png"
"1788654371-2629","https://kil.gserp.id/goods-manage","","BJD01186","CURLY CREAM FOR KIDS","0.00","2629","-","Barang Jadi","pcs","https://kil.gserp.id/uploads/default.png"
"1788654371-2630","https://kil.gserp.id/goods-manage","","BBK00744","NaOH","50.00","2630","Base","Bahan Baku","gr","https://kil.gserp.id/uploads/default.png"
"1788654371-2631","https://kil.gserp.id/goods-manage","","BJD01187","DEAL PARFUM OKINAWA","0.00","2631","-","Barang Jadi","pcs","https://kil.gserp.id/uploads/default.png"
"1788654371-2632","https://kil.gserp.id/goods-manage","","BJD01188","PRIORITAS EAU DE PARFUM IMOZU PINK CHIFFON","0.00","2632","-","Barang Jadi","pcs","https://kil.gserp.id/uploads/default.png"
"1788654371-2633","https://kil.gserp.id/goods-manage","","BJD01189","EDP IMOZU - Scandalous","0.00","2633","-","Barang Jadi","pcs","https://kil.gserp.id/uploads/default.png"
"1788654371-2634","https://kil.gserp.id/goods-manage","","BJD01190","Eau de Perfume IMOZU – PRAMUGARI","0.00","2634","-","Barang Jadi","pcs","https://kil.gserp.id/uploads/default.png"
"1788654371-2635","https://kil.gserp.id/goods-manage","","BJD01191","Eau de Perfume IMOZU - Vanilla Red Parfum","0.00","2635","-","Barang Jadi","pcs","https://kil.gserp.id/uploads/default.png"
"1788654371-2636","https://kil.gserp.id/goods-manage","","BJD01192","EDP IMOZU - Baby Fresh","0.00","2636","-","Barang Jadi","pcs","https://kil.gserp.id/uploads/default.png"
"1788654371-2637","https://kil.gserp.id/goods-manage","","BJD01193","EAU DE PARFUM IMOZU  ORCHIDLY","0.00","2637","-","Barang Jadi","pcs","https://kil.gserp.id/uploads/default.png"
"1788654371-2638","https://kil.gserp.id/goods-manage","","BJD01194","CAKRA","0.00","2638","-","Barang Jadi","pcs","https://kil.gserp.id/uploads/default.png"
"1788654371-2639","https://kil.gserp.id/goods-manage","","BJD01195","AKSARA","0.00","2639","-","Barang Jadi","pcs","https://kil.gserp.id/uploads/default.png"
"1788654371-2640","https://kil.gserp.id/goods-manage","","BJD01196","⁠UV Brightening Shield & Tone-Up","0.00","2640","-","Barang Jadi","pcs","https://kil.gserp.id/uploads/default.png"
"1788654371-2641","https://kil.gserp.id/goods-manage","","BJD01197","Active Shield UV Sun Spray","0.00","2641","-","Barang Jadi","pcs","https://kil.gserp.id/uploads/default.png"
"1788654371-2642","https://kil.gserp.id/goods-manage","","BJD01198","Active Shield UV Sun Spray","0.00","2642","-","Barang Jadi","pcs","https://kil.gserp.id/uploads/default.png"
"1788654371-2643","https://kil.gserp.id/goods-manage","","BJD01199","Forge","0.00","2643","-","Barang Jadi","pcs","https://kil.gserp.id/uploads/default.png"
"1788654371-2644","https://kil.gserp.id/goods-manage","","BJD01200","King Royale","0.00","2644","-","Barang Jadi","pcs","https://kil.gserp.id/uploads/default.png"
"1788654371-2645","https://kil.gserp.id/goods-manage","","BJD01201","Imperium","0.00","2645","-","Barang Jadi","pcs","https://kil.gserp.id/uploads/default.png"
"1788654371-2646","https://kil.gserp.id/goods-manage","","BJD01202","Signature","0.00","2646","-","Barang Jadi","pcs","https://kil.gserp.id/uploads/default.png"
"1788654371-2647","https://kil.gserp.id/goods-manage","","KPR00360","Tube CELEVA PURE Sunscreen 20ml","2,500.00","2647","Tube","Kemasan Primer","pcs","https://kil.gserp.id/uploads/common/202607/1783925645_426504ce727140f7ecaf.png"
"1788654371-2648","https://kil.gserp.id/goods-manage","","KPR00361","Tube GLAVEN Whitening Cream 20ml","2,300.00","2648","Tube","Kemasan Primer","pcs","https://kil.gserp.id/uploads/common/202607/1783925689_735ac8ce1fcf489c65d4.png"
"1788654371-2649","https://kil.gserp.id/goods-manage","","BJD01203","Multipurpose Spray For Man","0.00","2649","-","Barang Jadi","pcs","https://kil.gserp.id/uploads/default.png"
"1788654371-2650","https://kil.gserp.id/goods-manage","","KSR00496","Box CONSENTRA Nyara","0.00","2650","Box","Kemasan Sekunder","pcs","https://kil.gserp.id/uploads/common/202607/1783995438_3bc43fe897c1a247b47c.jpeg"
"1788654371-2651","https://kil.gserp.id/goods-manage","","KSR00497","Box CONSENTRA Noctivus","0.00","2651","Box","Kemasan Sekunder","pcs","https://kil.gserp.id/uploads/common/202607/1783995499_28e332cf33c70c4e13b2.jpeg"
"1788654371-2652","https://kil.gserp.id/goods-manage","","KSR00498","Box CONSENTRA Etheris","0.00","2652","Box","Kemasan Sekunder","pcs","https://kil.gserp.id/uploads/common/202607/1783995542_14faa1dca64ed4a33210.jpeg"
"1788654371-2653","https://kil.gserp.id/goods-manage","","KPR00362","Botol APPEUMARIE 30ML","0.00","2653","Parfum","Kemasan Primer","pcs","https://kil.gserp.id/uploads/common/202607/1783995623_9eba139c27466e2881af.jpeg"
"1788654371-2654","https://kil.gserp.id/goods-manage","","KSR00499","Stiker APPEUMARIE OKINAWA","0.00","2654","Label/Stiker","Kemasan Sekunder","pcs","https://kil.gserp.id/uploads/common/202607/1783995737_487633901fb5b19fcd9f.jpeg"
"1788654371-2655","https://kil.gserp.id/goods-manage","","KSR00500","Box APPEUMARIE Okinawa","0.00","2655","Box","Kemasan Sekunder","pcs","https://kil.gserp.id/uploads/common/202607/1783995783_656b24cb0261a123aa95.jpeg"
"1788654371-2656","https://kil.gserp.id/goods-manage","","BBK00745","Merquat PQ7","80.00","2656","Base","Bahan Baku","gr","https://kil.gserp.id/uploads/default.png"
"1788654371-2657","https://kil.gserp.id/goods-manage","","KSR00501","Gift Card CONSENTRA","0.00","2657","Box","Kemasan Sekunder","pcs","https://kil.gserp.id/uploads/common/202607/1784088624_fbd9ef1ec21617eaa38d.jpeg"
"1788654371-2658","https://kil.gserp.id/goods-manage","","KSR00502","Translucent Card CONSENTRA Noctivus","0.00","2658","Box","Kemasan Sekunder","pcs","https://kil.gserp.id/uploads/common/202607/1784088681_925c7334964be274348a.jpeg"
"1788654371-2659","https://kil.gserp.id/goods-manage","","KSR00503","Translucent Card CONSENTRA Nyara","0.00","2659","Box","Kemasan Sekunder","pcs","https://kil.gserp.id/uploads/common/202607/1784088721_6526e6415f566c076620.jpeg"
"1788654371-2660","https://kil.gserp.id/goods-manage","","KSR00504","Translucent Card CONSENTRA Etheris","0.00","2660","Box","Kemasan Sekunder","pcs","https://kil.gserp.id/uploads/common/202607/1784088853_36b441d85c7c08e3815f.jpeg"
"1788654371-2661","https://kil.gserp.id/goods-manage","","KSR00505","Stiker Belakang VESSIUS & CO Blissful","0.00","2661","Label/Stiker","Kemasan Sekunder","pcs","https://kil.gserp.id/uploads/common/202607/1784089305_bccbe27499771871cee1.jpeg"
"1788654371-2662","https://kil.gserp.id/goods-manage","","KSR00506","Stiker Belakang VESSIUS & CO Joyfull","0.00","2662","","Kemasan Sekunder","pcs","https://kil.gserp.id/uploads/common/202607/1784089347_cfe662fbc26f74511757.jpeg"
"1788654371-2663","https://kil.gserp.id/goods-manage","","KSR00507","Stiker Belakang VESSIUS & CO Passionate","0.00","2663","Label/Stiker","Kemasan Sekunder","pcs","https://kil.gserp.id/uploads/common/202607/1784089394_99332222ecad2a8df5e4.jpeg"
"1788654371-2664","https://kil.gserp.id/goods-manage","","KSR00508","Stiker Belakang VESSIUS & CO  Mystic Charm","0.00","2664","Label/Stiker","Kemasan Sekunder","pcs","https://kil.gserp.id/uploads/common/202607/1784089443_06fb71fa1cdabd3fb23e.jpeg"
"1788654371-2665","https://kil.gserp.id/goods-manage","","KSR00509","Stiker Belakang VESSIUS & CO Miracle Desire","0.00","2665","Label/Stiker","Kemasan Sekunder","pcs","https://kil.gserp.id/uploads/common/202607/1784089595_3cb1385638e1dceb65ac.jpeg"
"1788654371-2666","https://kil.gserp.id/goods-manage","","KSR00510","Stiker Belakang VESSIUS & CO Elegant Grace","0.00","2666","Label/Stiker","Kemasan Sekunder","pcs","https://kil.gserp.id/uploads/common/202607/1784089653_8bc9bf8ab4e213e409ef.jpeg"
"1788654371-2667","https://kil.gserp.id/goods-manage","","KSR00512","Stiker Depan VESSIUS & CO Mystic Charm","0.00","2667","Label/Stiker","Kemasan Sekunder","pcs","https://kil.gserp.id/uploads/common/202607/1784089757_5ba1aa38b2c60d6fb235.jpeg"
"1788654371-2668","https://kil.gserp.id/goods-manage","","KSR00513","Stiker Depan VESSIUS & CO Passionate","0.00","2668","Label/Stiker","Kemasan Sekunder","pcs","https://kil.gserp.id/uploads/common/202607/1784090901_67992b81552b6a4b4418.jpeg"
"1788654371-2669","https://kil.gserp.id/goods-manage","","KSR00514","Stiker Depan VESSIUS & CO Miracle Desire","0.00","2669","Label/Stiker","Kemasan Sekunder","pcs","https://kil.gserp.id/uploads/common/202607/1784089870_0358219963dd5ba4b312.jpeg"
"1788654371-2670","https://kil.gserp.id/goods-manage","","KSR00515","Stiker Depan VESSIUS & CO Joyfull","0.00","2670","Label/Stiker","Kemasan Sekunder","pcs","https://kil.gserp.id/uploads/common/202607/1784089908_f2976d9dae958ec639cf.jpeg"
"1788654371-2671","https://kil.gserp.id/goods-manage","","KSR00516","Stiker Depan VESSIUS & CO Elegant Grace","0.00","2671","Label/Stiker","Kemasan Sekunder","pcs","https://kil.gserp.id/uploads/common/202607/1784089943_0871c7179563e63f5811.jpeg"
"1788654371-2672","https://kil.gserp.id/goods-manage","","KSR00517","Stiker Depan VESSIUS & CO Blissfull","0.00","2672","Label/Stiker","Kemasan Sekunder","pcs","https://kil.gserp.id/uploads/common/202607/1784090061_abed806440675481b25a.jpeg"
"1788654371-2673","https://kil.gserp.id/goods-manage","","KSR00518","Inner Box VESSIUS & CO","0.00","2673","Box","Kemasan Sekunder","pcs","https://kil.gserp.id/uploads/common/202607/1784090183_ffe541fab9dca2e82056.jpeg"
"1788654371-2674","https://kil.gserp.id/goods-manage","","KSR00519","Sliding Box VESSIUS & CO","0.00","2674","","Kemasan Sekunder","pcs","https://kil.gserp.id/uploads/common/202607/1784090277_3abd99717cf9a01605ce.jpeg"
"1788654371-2675","https://kil.gserp.id/goods-manage","","BBK00746","Lady VS (GCF) -Fragrance","800.00","2675","Fragrance","Bahan Baku","gr","https://kil.gserp.id/uploads/default.png"
"1788654371-2676","https://kil.gserp.id/goods-manage","","BBK00747","Mochachino (Senses) - Fragrance","800.00","2676","Fragrance","Bahan Baku","gr","https://kil.gserp.id/uploads/default.png"
"1788654371-2677","https://kil.gserp.id/goods-manage","","BBK00748","Kasturi Putih / Sweet Teen (senses) - fragrance","800.00","2677","Fragrance","Bahan Baku","gr","https://kil.gserp.id/uploads/default.png"
"1788654371-2678","https://kil.gserp.id/goods-manage","","KSR00520","Box MJB  Scandals","3,850.00","2678","Box","Kemasan Sekunder","pcs","https://kil.gserp.id/uploads/common/202607/1784353958_53c71432ceea2f100ac9.png"
"1788654371-2679","https://kil.gserp.id/goods-manage","","KSR00521","Box MJB  Pramugari","3,850.00","2679","Box","Kemasan Sekunder","pcs","https://kil.gserp.id/uploads/common/202607/1784354019_a702d431a0418f48f621.png"
"1788654371-2680","https://kil.gserp.id/goods-manage","","KSR00522","Box MJB  Rose Chiffon","3,850.00","2680","Box","Kemasan Sekunder","pcs","https://kil.gserp.id/uploads/common/202607/1784354063_14850abd73a128a64bfc.png"
"1788654371-2681","https://kil.gserp.id/goods-manage","","KSR00523","Box MJB  Elite Man","3,850.00","2681","Box","Kemasan Sekunder","pcs","https://kil.gserp.id/uploads/common/202607/1784354123_908db3506a76e27e78e6.png"
"1788654371-2682","https://kil.gserp.id/goods-manage","","KSR00524","Box MJB  Orchid","3,850.00","2682","Box","Kemasan Sekunder","pcs","https://kil.gserp.id/uploads/common/202607/1784354165_30103d87dc179e9f6d49.png"
"1788654371-2683","https://kil.gserp.id/goods-manage","","KSR00525","Box MJB Inner & Busa","0.00","2683","","Kemasan Sekunder","pcs","https://kil.gserp.id/uploads/common/202607/1784354234_c23583b807753cb2efbf.png"
"1788654371-2684","https://kil.gserp.id/goods-manage","","BJD01204","DARKSPOT CREAM","0.00","2684","-","Barang Jadi","pcs","https://kil.gserp.id/uploads/default.png"
"1788654371-2685","https://kil.gserp.id/goods-manage","","KSR00526","Stiker ARKALA Botol Cakra","426.00","2685","Label/Stiker","Kemasan Sekunder","pcs","https://kil.gserp.id/uploads/common/202607/1784526713_7457e92d67a943ec27e8.png"
"1788654371-2686","https://kil.gserp.id/goods-manage","","KSR00527","Stiker ARKALA Botol Aksara","426.00","2686","Label/Stiker","Kemasan Sekunder","pcs","https://kil.gserp.id/uploads/common/202607/1784526748_7d1e704316091ce3850c.png"
"1788654371-2687","https://kil.gserp.id/goods-manage","","KSR00528","Stiker ARKALA Box Cakra","301.00","2687","Label/Stiker","Kemasan Sekunder","pcs","https://kil.gserp.id/uploads/common/202607/1784526800_b0cad623059070bd7816.png"
"1788654371-2688","https://kil.gserp.id/goods-manage","","KSR00529","Stiker ARKALA Box Aksara","301.00","2688","Label/Stiker","Kemasan Sekunder","pcs","https://kil.gserp.id/uploads/common/202607/1784526839_031ea7f20e98cfbf7a2d.png"
"1788654371-2689","https://kil.gserp.id/goods-manage","","BJD01205","LUXURIOUS WHITENING BOOSTER, 250 ML","0.00","2689","-","Barang Jadi","pcs","https://kil.gserp.id/uploads/default.png"
"1788654371-2690","https://kil.gserp.id/goods-manage","","KPR00363","Pot Putih Double Layer 50gr Putih Doff","4,275.00","2690","Jar","Kemasan Primer","pcs","https://kil.gserp.id/uploads/common/202607/1784622538_ed73b2f502a777d14318.png"
"1788654371-2691","https://kil.gserp.id/goods-manage","","BJD01206","Gentle Glow UV Protect","0.00","2691","-","Barang Jadi","pcs","https://kil.gserp.id/uploads/default.png"
"1788654371-2692","https://kil.gserp.id/goods-manage","","BBK00751","Gondopuro Essential Oil - Benberg","200.00","2692","Essential Oil","Bahan Baku","gr","https://kil.gserp.id/uploads/default.png"
"1788654371-2693","https://kil.gserp.id/goods-manage","","BBK00752","Frankincense / Kemeyan Essential Oil - Benberg","2,800.00","2693","Essential Oil","Bahan Baku","gr","https://kil.gserp.id/uploads/default.png"
"1788654371-2694","https://kil.gserp.id/goods-manage","","BBK00753","Minyak Kulit Lawang E.O - Benberg","12,001.00","2694","Essential Oil","Bahan Baku","gr","https://kil.gserp.id/uploads/default.png"
"1788654371-2695","https://kil.gserp.id/goods-manage","","BBK00754","Capsicum Oil (Hot Sensation) - INBI","1,000.00","2695","Essential Oil","Bahan Baku","gr","https://kil.gserp.id/uploads/default.png"
"1788654371-2696","https://kil.gserp.id/goods-manage","","BBK00755","Panax Ginseng Oil - INBI","2,000.00","2696","Active","Bahan Baku","gr","https://kil.gserp.id/uploads/default.png"
"1788654371-2697","https://kil.gserp.id/goods-manage","","BBK00756","Marula Oil - INBI","6,700.00","2697","Active","Bahan Baku","gr","https://kil.gserp.id/uploads/default.png"
"1788654371-2698","https://kil.gserp.id/goods-manage","","BBK00757","Procapil - Croda","9,500.00","2698","Active","Bahan Baku","gr","https://kil.gserp.id/uploads/default.png"
"1788654371-2699","https://kil.gserp.id/goods-manage","","BBK00758","Nothing Dream (lot A3 C) - NW","800.00","2699","Fragrance","Bahan Baku","gr","https://kil.gserp.id/uploads/default.png"
"1788654371-2700","https://kil.gserp.id/goods-manage","","BBK00759","SX-0909I","197.00","2700","Base","Bahan Baku","gr","https://kil.gserp.id/uploads/default.png"
"1788654371-2701","https://kil.gserp.id/goods-manage","","BBK00760","Musk Pomegranate -NW","900.00","2701","Fragrance","Bahan Baku","gr","https://kil.gserp.id/uploads/default.png"
"1788654371-2702","https://kil.gserp.id/goods-manage","","BBK00761","De Peau W/01908/X - Parfarome","1,360.00","2702","Fragrance","Bahan Baku","gr","https://kil.gserp.id/uploads/default.png"
"1788654371-2703","https://kil.gserp.id/goods-manage","","BJD01207","ALEXANDER Extrait De Parfum","0.00","2703","-","Barang Jadi","pcs","https://kil.gserp.id/uploads/default.png"
"1788654371-2704","https://kil.gserp.id/goods-manage","","BJD01208","CLEOPATRA Extrait De Parfum","0.00","2704","-","Barang Jadi","pcs","https://kil.gserp.id/uploads/default.png"
"1788654371-2705","https://kil.gserp.id/goods-manage","","KPR00364","Tube VIECERA 150ml","4,975.00","2705","Tube","Kemasan Primer","pcs","https://kil.gserp.id/uploads/common/202607/1785377620_3c3870bcc77a8022582f.jpeg"
"1788654371-2706","https://kil.gserp.id/goods-manage","","BJD01209","PRIORITAS EAU DE PARFUM IMOZU PINK CHIFFON","0.00","2706","-","Barang Jadi","pcs","https://kil.gserp.id/uploads/default.png"
"1788654371-2707","https://kil.gserp.id/goods-manage","","BJD01210","EDP IMOZU - Scandalous","0.00","2707","-","Barang Jadi","pcs","https://kil.gserp.id/uploads/default.png"
"1788654371-2708","https://kil.gserp.id/goods-manage","","BJD01211","EDP IMOZU - Baby Fresh","0.00","2708","-","Barang Jadi","pcs","https://kil.gserp.id/uploads/default.png"
"1788654371-2709","https://kil.gserp.id/goods-manage","","BJD01212","Lumière Bloom","0.00","2709","-","Barang Jadi","pcs","https://kil.gserp.id/uploads/default.png"
"1788654371-2710","https://kil.gserp.id/goods-manage","","BJD01213","Glow Refining Body Toner","0.00","2710","-","Barang Jadi","pcs","https://kil.gserp.id/uploads/default.png"
"1788654371-2711","https://kil.gserp.id/goods-manage","","BJD01214","Whitening Cream tekstur light (moist)","0.00","2711","-","Barang Jadi","pcs","https://kil.gserp.id/uploads/default.png"
"1788654371-2712","https://kil.gserp.id/goods-manage","","BJD01215","Whitening Cream tekstur light (moist)","0.00","2712","-","Barang Jadi","pcs","https://kil.gserp.id/uploads/default.png"
"1788654371-2713","https://kil.gserp.id/goods-manage","","BJD01216","UBUD ALABASTER Extrait De Parfum","0.00","2713","-","Barang Jadi","pcs","https://kil.gserp.id/uploads/default.png"
"1788654371-2714","https://kil.gserp.id/goods-manage","","BJD01217","Sky","0.00","2714","-","Barang Jadi","pcs","https://kil.gserp.id/uploads/default.png"
"1788654371-2715","https://kil.gserp.id/goods-manage","","BJD01218","Radiance Day Cream","0.00","2715","-","Barang Jadi","pcs","https://kil.gserp.id/uploads/default.png"
"1788654371-2716","https://kil.gserp.id/goods-manage","","BJD01219","Radiance Night Cream","0.00","2716","-","Barang Jadi","pcs","https://kil.gserp.id/uploads/default.png"
"1788654371-2717","https://kil.gserp.id/goods-manage","","BJD01220","Rosée Hydrating Toner","0.00","2717","-","Barang Jadi","pcs","https://kil.gserp.id/uploads/default.png"
"1788654371-2718","https://kil.gserp.id/goods-manage","","BJD01221","Lumière Gentle Cleanser","0.00","2718","-","Barang Jadi","pcs","https://kil.gserp.id/uploads/default.png"
"1788654371-2719","https://kil.gserp.id/goods-manage","","BJD01222","Moisturizer Gel ( MILMICHA GLOW )","0.00","2719","-","Barang Jadi","pcs","https://kil.gserp.id/uploads/default.png"
"1788654371-2720","https://kil.gserp.id/goods-manage","","BBK00762","Jasmine Delight - Fragrance","1,200.00","2720","Fragrance","Bahan Baku","gr","https://kil.gserp.id/uploads/default.png"
"1788654371-2721","https://kil.gserp.id/goods-manage","","BBK00763","Teh Keraton -Fragrance","1,000.00","2721","Fragrance","Bahan Baku","gr","https://kil.gserp.id/uploads/default.png"
"1788654371-2722","https://kil.gserp.id/goods-manage","","BJD01223","Etrient Brightening Serum","0.00","2722","-","Barang Jadi","pcs","https://kil.gserp.id/uploads/default.png"
"1788654371-2723","https://kil.gserp.id/goods-manage","","BJD01224","Astha Bright Serum","0.00","2723","-","Barang Jadi","pcs","https://kil.gserp.id/uploads/default.png"
"1788654371-2724","https://kil.gserp.id/goods-manage","","KPR00365","Botol Airless 15ml Gold","11,500.00","2724","","Kemasan Primer","pcs","https://kil.gserp.id/uploads/common/202608/1786586429_ed488c972557a3a7f352.jpeg"
"1788654371-2725","https://kil.gserp.id/goods-manage","","BJD01225","Radiance Serum","0.00","2725","-","Barang Jadi","pcs","https://kil.gserp.id/uploads/default.png"
"1788654371-2726","https://kil.gserp.id/goods-manage","","BBK00764","LEKWhite Alpha Arbutin Liposom","8,850.00","2726","Active","Bahan Baku","gr","https://kil.gserp.id/uploads/default.png"
"1788654371-2727","https://kil.gserp.id/goods-manage","","KPR00366","Botol Toner 100ml Frosted Tutup Pink","3,500.00","2727","Botol","Kemasan Primer","pcs","https://kil.gserp.id/uploads/common/202608/1787024949_e7a08a5053808807d049.png"
"1788654371-2728","https://kil.gserp.id/goods-manage","","KSR00530","BOX JO&LA PERFUME 30ml","0.00","2728","Box","Kemasan Sekunder","pcs","https://kil.gserp.id/uploads/default.png"
"1788654371-2729","https://kil.gserp.id/goods-manage","","KSR00531","BOX GLAVEN WHITENING CREAM TREATMENT FORMULA","0.00","2729","Box","Kemasan Sekunder","pcs","https://kil.gserp.id/uploads/default.png"
"1788654371-2730","https://kil.gserp.id/goods-manage","","KSR00532","STICKER SAMPING EFZED BRIGHTENING SERUM 15 GR","625.80","2730","Label/Stiker","Kemasan Sekunder","pcs","https://kil.gserp.id/uploads/default.png"
"1788654371-2731","https://kil.gserp.id/goods-manage","","KSR00533","STICKER ATAS AFZED BRIGHTENING SERUM 15 GR","406.08","2731","Label/Stiker","Kemasan Sekunder","pcs","https://kil.gserp.id/uploads/default.png"
"1788654371-2732","https://kil.gserp.id/goods-manage","","KSR00534","STICKER VIECERA AHA RADIANCE BODY TONER","1,223.00","2732","Label/Stiker","Kemasan Sekunder","pcs","https://kil.gserp.id/uploads/default.png"
"1788654371-2733","https://kil.gserp.id/goods-manage","","KSR00535","STICKER ATAS VIECERA CRYSTAL TONE BOOSTER 50 GR","441.00","2733","Label/Stiker","Kemasan Sekunder","pcs","https://kil.gserp.id/uploads/default.png"
"1788654371-2734","https://kil.gserp.id/goods-manage","","KSR00536","STICKER SAMPING VIECERA CRYSTAL TONE BOOSTER 50 GR","735.00","2734","Box","Kemasan Sekunder","pcs","https://kil.gserp.id/uploads/default.png"
"1788654371-2735","https://kil.gserp.id/goods-manage","","KSR00537","STICKER ETRIENT BRIGHTENING SERUM 20 ML-CLIENT","0.00","2735","Label/Stiker","Kemasan Sekunder","pcs","https://kil.gserp.id/uploads/default.png"
"1788654371-2736","https://kil.gserp.id/goods-manage","","KPR00367","BOTOL SERUM ETRIENT 20 ML PINK-CLIENT","0.00","2736","Serum","Kemasan Primer","pcs","https://kil.gserp.id/uploads/default.png"
"1788654371-2737","https://kil.gserp.id/goods-manage","","KPR00368","BOTOL TONER CLEAR 100 ML TUTUP PUTIH","3,500.00","2737","Botol","Kemasan Primer","pcs","https://kil.gserp.id/uploads/default.png"
"1788654371-2738","https://kil.gserp.id/goods-manage","","BJD01226","DJ GLOW COLLAGEN BRIGHTENING FACIAL WASH","0.00","2738","-","Barang Jadi","pcs","https://kil.gserp.id/uploads/default.png"
"1788654371-2739","https://kil.gserp.id/goods-manage","","BJD01227","DJ GLOW COLLAGEN BRIGHTENING NIGHT CREAM","0.00","2739","-","Barang Jadi","pcs","https://kil.gserp.id/uploads/default.png"
"1788654371-2740","https://kil.gserp.id/goods-manage","","BJD01228","DJ GLOW COLLAGEN BRIGHTENING DAY CREAM","0.00","2740","-","Barang Jadi","pcs","https://kil.gserp.id/uploads/default.png"
"1788654371-2741","https://kil.gserp.id/goods-manage","","BJD01229","DJ GLOW COLLAGEN BRIGHTENING SERUM","0.00","2741","-","Barang Jadi","pcs","https://kil.gserp.id/uploads/default.png"
"1788654371-2742","https://kil.gserp.id/goods-manage","","KSR00538","STICKER JS The Perfection of My Aura FACE WASH","1,103.00","2742","Label/Stiker","Kemasan Sekunder","pcs","https://kil.gserp.id/uploads/common/202608/1787130820_8e353f4349d8c4561cd6.png"
"1788654371-2743","https://kil.gserp.id/goods-manage","","KSR00539","STICKER JS The Perfection of My Aura SERUM","585.00","2743","Label/Stiker","Kemasan Sekunder","pcs","https://kil.gserp.id/uploads/common/202608/1787130929_e1024f877b2ece868d7d.png"
"1788654371-2744","https://kil.gserp.id/goods-manage","","KSR00540","STICKER JS The Perfection of My Aura TONER","1,039.00","2744","Label/Stiker","Kemasan Sekunder","pcs","https://kil.gserp.id/uploads/common/202608/1787131162_3758df1854da7f8f411b.png"
"1788654371-2745","https://kil.gserp.id/goods-manage","","KSR00541","STICKER JS The Perfection of My Aura NIGHT CREAM-DEPAN","514.00","2745","Label/Stiker","Kemasan Sekunder","pcs","https://kil.gserp.id/uploads/common/202608/1787130486_fe16cb6e17b6d721c286.png"
"1788654371-2746","https://kil.gserp.id/goods-manage","","KSR00542","STICKER JS The Perfection of My Aura DAY CREAM-DEPAN","514.00","2746","Label/Stiker","Kemasan Sekunder","pcs","https://kil.gserp.id/uploads/common/202608/1787130387_e10917e9403aa7c26ebb.png"
"1788654371-2747","https://kil.gserp.id/goods-manage","","KSR00543","STICKER JS The Perfection of My Aura NIGHT CREAM-BELAKANG","130.00","2747","Label/Stiker","Kemasan Sekunder","pcs","https://kil.gserp.id/uploads/common/202608/1787129623_912ee48d460a2cf2c590.png"
"1788654371-2748","https://kil.gserp.id/goods-manage","","KSR00544","STICKER JS The Perfection of My Aura DAY CREAM-BELAKANG","130.00","2748","Label/Stiker","Kemasan Sekunder","pcs","https://kil.gserp.id/uploads/common/202608/1787129998_9aa57b0c78cb1f21f3b0.png"
"1788654371-2749","https://kil.gserp.id/goods-manage","","KSR00545","STICKER JO&LA PERFUME 30ml","0.00","2749","Label/Stiker","Kemasan Sekunder","pcs","https://kil.gserp.id/uploads/default.png"
"1788654371-2750","https://kil.gserp.id/goods-manage","","KSR00546","STICKER SKYNIQUE by dr Evva Astha Bright Serum 20ML","0.00","2750","Label/Stiker","Kemasan Sekunder","pcs","https://kil.gserp.id/uploads/default.png"
"1788654371-2751","https://kil.gserp.id/goods-manage","","KSR00547","STICKER LAVOY Radiance Serum 20ML","0.00","2751","Label/Stiker","Kemasan Sekunder","pcs","https://kil.gserp.id/uploads/default.png"
"1788654371-2752","https://kil.gserp.id/goods-manage","","KSR00548","STICKER ALRADOMS CURLY CREAM FOR KIDS 100 ML-SAMPING","1,177.50","2752","Label/Stiker","Kemasan Sekunder","pcs","https://kil.gserp.id/uploads/common/202608/1787215203_933dd006d67cef3f28b6.png"
"1788654371-2753","https://kil.gserp.id/goods-manage","","KSR00549","STICKER ALRADOMS CURLY CREAM FOR KIDS 100 ML-ATAS","515.00","2753","Label/Stiker","Kemasan Sekunder","pcs","https://kil.gserp.id/uploads/common/202608/1787216081_d608b404c437474ed036.png"
"1788654371-2754","https://kil.gserp.id/goods-manage","","KSR00550","Sticker Belakang Milmicha Bright & Glow Red Jelly-batch.26H006MZ","244.00","2754","Label/Stiker","Kemasan Sekunder","pcs","https://kil.gserp.id/uploads/common/202608/1787281137_a622160465ce868e58c5.png"
"1788654371-2755","https://kil.gserp.id/goods-manage","","KPR00369","PUMP PUTIH BOTOL SERUM RF 20ML FROSTED","4,000.00","2755","Serum","Kemasan Primer","pcs","https://kil.gserp.id/uploads/common/202608/1787287473_55ce26f9feec547b7641.png"
"1788654371-2756","https://kil.gserp.id/goods-manage","","KSR00551","BOX GHIMAROW LUXURIOUS WHITENING BOOSTER, 250 ML","3,300.00","2756","Box","Kemasan Sekunder","pcs","https://kil.gserp.id/uploads/default.png"
"1788654371-2757","https://kil.gserp.id/goods-manage","","KSR00552","BOX ZALVOR Active Shield UV Sun Spray 100ML","2,500.00","2757","Box","Kemasan Sekunder","pcs","https://kil.gserp.id/uploads/common/202608/1787306550_6fcad5b0781692dc33fd.png"
"1788654371-2758","https://kil.gserp.id/goods-manage","","BJD01230","DEAL - SHAMPOO SIGVIOLET","0.00","2758","-","Barang Jadi","pcs","https://kil.gserp.id/uploads/default.png"
"1788654371-2759","https://kil.gserp.id/goods-manage","","KSR00553","STICKER ALV EXTRAIT DE PARFUM Forge","265.00","2759","Label/Stiker","Kemasan Sekunder","pcs","https://kil.gserp.id/uploads/default.png"
"1788654371-2760","https://kil.gserp.id/goods-manage","","KSR00554","STICKER ALV EXTRAIT DE PARFUM King Royale","265.00","2760","Label/Stiker","Kemasan Sekunder","pcs","https://kil.gserp.id/uploads/default.png"
"1788654371-2761","https://kil.gserp.id/goods-manage","","KSR00555","STICKER ALV EXTRAIT DE PARFUM Imperium","265.00","2761","Label/Stiker","Kemasan Sekunder","pcs","https://kil.gserp.id/uploads/default.png"
"1788654371-2762","https://kil.gserp.id/goods-manage","","KSR00556","STICKER ALV EXTRAIT DE PARFUM Signature","265.00","2762","Label/Stiker","Kemasan Sekunder","pcs","https://kil.gserp.id/uploads/default.png"
"1788654371-2763","https://kil.gserp.id/goods-manage","","KSR00557","STICKER SILENZA DryFresh Daily Protection Deo","1,198.00","2763","Label/Stiker","Kemasan Sekunder","pcs","https://kil.gserp.id/uploads/default.png"
"1788654371-2764","https://kil.gserp.id/goods-manage","","KSR00558","STICKER MJB BEAUTY Dear Orchid Eau De Parfume","145.00","2764","Label/Stiker","Kemasan Sekunder","pcs","https://kil.gserp.id/uploads/default.png"
"1788654371-2765","https://kil.gserp.id/goods-manage","","KSR00559","STICKER MJB BEAUTY Pramugari Eau De Parfume","145.00","2765","Label/Stiker","Kemasan Sekunder","pcs","https://kil.gserp.id/uploads/default.png"
"1788654371-2766","https://kil.gserp.id/goods-manage","","KSR00560","STICKER MJB BEAUTY Scandals Eau De Parfume","145.00","2766","Label/Stiker","Kemasan Sekunder","pcs","https://kil.gserp.id/uploads/default.png"
"1788654371-2767","https://kil.gserp.id/goods-manage","","KSR00561","STICKER MJB BEAUTY Rose Chiffonne Eau De Parfume","145.00","2767","Label/Stiker","Kemasan Sekunder","pcs","https://kil.gserp.id/uploads/default.png"
"1788654371-2768","https://kil.gserp.id/goods-manage","","KSR00562","STICKER MJB BEAUTY The Elite Man Eau De Parfume","145.00","2768","Label/Stiker","Kemasan Sekunder","pcs","https://kil.gserp.id/uploads/default.png"
"1788654371-2769","https://kil.gserp.id/goods-manage","","KSR00563","STICKER SIGVIOLET SHAMPOO-NO BATCH 26H001SP","1,604.00","2769","Label/Stiker","Kemasan Sekunder","pcs","https://kil.gserp.id/uploads/default.png"
"1788654371-2770","https://kil.gserp.id/goods-manage","","KSR00564","STICKER BATCH SIGVIOLET SHAMPOO ( NO BATCH 26H001SP )","0.00","2770","Label/Stiker","Kemasan Sekunder","pcs","https://kil.gserp.id/uploads/common/202608/1787729006_eca27ca44d4eda3a03f0.png"
"1788654371-2771","https://kil.gserp.id/goods-manage","","BJD01231","RASA Extrait De Parfum","0.00","2771","-","Barang Jadi","pcs","https://kil.gserp.id/uploads/default.png"
"1788654371-2772","https://kil.gserp.id/goods-manage","","KSR00565","BOX DRNZK DJ GLOW-PR PACKAGE SKINCARE","0.00","2772","Box","Kemasan Sekunder","pcs","https://kil.gserp.id/uploads/default.png"
"1788654371-2773","https://kil.gserp.id/goods-manage","","KSR00566","STICKER BOX DRNZK DJ GLOW COLLAGEN BRIGHTENING FACIAL WASH","1,131.00","2773","Label/Stiker","Kemasan Sekunder","pcs","https://kil.gserp.id/uploads/default.png"
"1788654371-2774","https://kil.gserp.id/goods-manage","","KSR00567","STICKER BOX DRNZK DJ GLOW COLLAGEN BRIGHTENING NIGHT CREAM","373.00","2774","Label/Stiker","Kemasan Sekunder","pcs","https://kil.gserp.id/uploads/default.png"
"1788654371-2775","https://kil.gserp.id/goods-manage","","KSR00568","STICKER BOX DRNZK DJ GLOW COLLAGEN BRIGHTENING DAY CREAM","373.00","2775","Label/Stiker","Kemasan Sekunder","pcs","https://kil.gserp.id/uploads/default.png"
"1788654371-2776","https://kil.gserp.id/goods-manage","","KSR00569","STICKER DRNZK DJ GLOW COLLAGEN BRIGHTENING SERUM","305.00","2776","Label/Stiker","Kemasan Sekunder","pcs","https://kil.gserp.id/uploads/default.png"
"1788654371-2777","https://kil.gserp.id/goods-manage","","KSR00570","BOX SDCTVE SECRET GARDEN Extrait De Parfume","8,700.00","2777","Box","Kemasan Sekunder","pcs","https://kil.gserp.id/uploads/default.png"
"1788654371-2778","https://kil.gserp.id/goods-manage","","KSR00571","BOX SDCTVE WHITE TOBACCO Extrait De Parfume","8,700.00","2778","Box","Kemasan Sekunder","pcs","https://kil.gserp.id/uploads/default.png"
"1788654371-2779","https://kil.gserp.id/goods-manage","","KSR00572","BOX SDCTVE MIDNIGHT BERRY'S Extrait De Parfume","8,700.00","2779","Box","Kemasan Sekunder","pcs","https://kil.gserp.id/uploads/default.png"
"1788654371-2780","https://kil.gserp.id/goods-manage","","KSR00573","BOX SDCTVE FRUIT PUNCH Extrait De Parfume","8,700.00","2780","Box","Kemasan Sekunder","pcs","https://kil.gserp.id/uploads/default.png"
"1788654371-2781","https://kil.gserp.id/goods-manage","","KSR00574","BOX SILENZA DryFresh Daily Protection Deo","1,700.00","2781","Box","Kemasan Sekunder","pcs","https://kil.gserp.id/uploads/default.png"
"1788654371-2782","https://kil.gserp.id/goods-manage","","BJD01232","White body lotion","0.00","2782","-","Barang Jadi","pcs","https://kil.gserp.id/uploads/default.png"
"1788654371-2783","https://kil.gserp.id/goods-manage","","KSR00575","STICKER BATCH SERUM-DRNZK","61.00","2783","Label/Stiker","Kemasan Sekunder","pcs","https://kil.gserp.id/uploads/default.png"
"1788654371-2784","https://kil.gserp.id/goods-manage","","KSR00576","STICKER BATCH DAY CREAM-DRNZK","61.00","2784","Label/Stiker","Kemasan Sekunder","pcs","https://kil.gserp.id/uploads/default.png"
"1788654371-2785","https://kil.gserp.id/goods-manage","","KSR00577","STICKER BATCH NIGHT CREAM-DRNZK","61.00","2785","Label/Stiker","Kemasan Sekunder","pcs","https://kil.gserp.id/uploads/default.png"
"1788654371-2786","https://kil.gserp.id/goods-manage","","BJD01233","Glowface White All in One Cream","0.00","2786","-","Barang Jadi","pcs","https://kil.gserp.id/uploads/default.png"
"1788654371-2787","https://kil.gserp.id/goods-manage","","BJD01234","PRIORITAS EAU DE PARFUM IMOZU PINK CHIFFON","0.00","2787","-","Barang Jadi","pcs","https://kil.gserp.id/uploads/default.png"
"1788654371-2788","https://kil.gserp.id/goods-manage","","BJD01235","EDP IMOZU - Scandalous","0.00","2788","-","Barang Jadi","pcs","https://kil.gserp.id/uploads/default.png"
"1788654371-2789","https://kil.gserp.id/goods-manage","","BJD01236","Eau de Perfume IMOZU – PRAMUGARI","0.00","2789","-","Barang Jadi","pcs","https://kil.gserp.id/uploads/default.png"
"1788654371-2790","https://kil.gserp.id/goods-manage","","BJD01237","Eau de Perfume IMOZU - Vanilla Red Parfum","0.00","2790","-","Barang Jadi","pcs","https://kil.gserp.id/uploads/default.png"
"1788654371-2791","https://kil.gserp.id/goods-manage","","BJD01238","EDP IMOZU - Baby Fresh","0.00","2791","-","Barang Jadi","pcs","https://kil.gserp.id/uploads/default.png"
"1788654371-2792","https://kil.gserp.id/goods-manage","","BJD01239","DARKSPOT CREAM","0.00","2792","-","Barang Jadi","pcs","https://kil.gserp.id/uploads/default.png"
"1788654371-2793","https://kil.gserp.id/goods-manage","","KPR00370","BOTOL LV TUTUP BULAT KAYU","9,300.00","2793","Botol","Kemasan Primer","pcs","https://kil.gserp.id/uploads/common/202609/1788428640_c5a26210dc86f155e399.jpeg"
"1788654371-2794","https://kil.gserp.id/goods-manage","","KSR00578","BOX L’or de Chaqié Gentle Glow UV Protect 30GR","1,850.00","2794","Box","Kemasan Sekunder","pcs","https://kil.gserp.id/uploads/default.png"
"1788654371-2795","https://kil.gserp.id/goods-manage","","KSR00579","BOX L’or de Chaqié ⁠UV Brightening Shield & Tone-Up","1,850.00","2795","Box","Kemasan Sekunder","pcs","https://kil.gserp.id/uploads/default.png"
